n_neighbors	min_dist	metric	n_jobs	random_state	trustworthiness	subset_n	path
20	0.01	euclidean	64	None	0.947782	5000	/zata/zippy/kresgeb/nmf_stuff/dlPFC/output/nmf_umaps/umap_param_sweep/enriched_embeddings/umap_sweep_65e15b5eafae8717.parquet
5	0.0	cosine	64	None	0.975128	5000	/zata/zippy/kresgeb/nmf_stuff/dlPFC/output/nmf_umaps/umap_param_sweep/enriched_embeddings/umap_sweep_6748082d422a53c0.parquet
20	0.1	cosine	64	None	0.944988	5000	/zata/zippy/kresgeb/nmf_stuff/dlPFC/output/nmf_umaps/umap_param_sweep/enriched_embeddings/umap_sweep_02aba703bdb74326.parquet
5	0.0	euclidean	64	None	0.978027	5000	/zata/zippy/kresgeb/nmf_stuff/dlPFC/output/nmf_umaps/umap_param_sweep/enriched_embeddings/umap_sweep_91a0b172dd8d291b.parquet
20	0.1	euclidean	64	None	0.949268	5000	/zata/zippy/kresgeb/nmf_stuff/dlPFC/output/nmf_umaps/umap_param_sweep/enriched_embeddings/umap_sweep_a2447f6d72903822.parquet
5	0.01	cosine	64	None	0.975373	5000	/zata/zippy/kresgeb/nmf_stuff/dlPFC/output/nmf_umaps/umap_param_sweep/enriched_embeddings/umap_sweep_66a4f3828eefc805.parquet
20	0.25	cosine	64	None	0.952800	5000	/zata/zippy/kresgeb/nmf_stuff/dlPFC/output/nmf_umaps/umap_param_sweep/enriched_embeddings/umap_sweep_5b49cdcddf8863d1.parquet
5	0.01	euclidean	64	None	0.976569	5000	/zata/zippy/kresgeb/nmf_stuff/dlPFC/output/nmf_umaps/umap_param_sweep/enriched_embeddings/umap_sweep_589d3f767fe5c981.parquet
20	0.25	euclidean	64	None	0.943458	5000	/zata/zippy/kresgeb/nmf_stuff/dlPFC/output/nmf_umaps/umap_param_sweep/enriched_embeddings/umap_sweep_7bca8ebd9746527b.parquet
5	0.1	cosine	64	None	0.977309	5000	/zata/zippy/kresgeb/nmf_stuff/dlPFC/output/nmf_umaps/umap_param_sweep/enriched_embeddings/umap_sweep_8f295834389fbb19.parquet
20	0.5	cosine	64	None	0.947510	5000	/zata/zippy/kresgeb/nmf_stuff/dlPFC/output/nmf_umaps/umap_param_sweep/enriched_embeddings/umap_sweep_d4a8da7c30946245.parquet
5	0.1	euclidean	64	None	0.974344	5000	/zata/zippy/kresgeb/nmf_stuff/dlPFC/output/nmf_umaps/umap_param_sweep/enriched_embeddings/umap_sweep_bcc3341dfb5ac762.parquet
5	0.25	cosine	64	None	0.975803	5000	/zata/zippy/kresgeb/nmf_stuff/dlPFC/output/nmf_umaps/umap_param_sweep/enriched_embeddings/umap_sweep_ad03be8809d90373.parquet
20	0.5	euclidean	64	None	0.943196	5000	/zata/zippy/kresgeb/nmf_stuff/dlPFC/output/nmf_umaps/umap_param_sweep/enriched_embeddings/umap_sweep_041551ddd883d85d.parquet
5	0.25	euclidean	64	None	0.978959	5000	/zata/zippy/kresgeb/nmf_stuff/dlPFC/output/nmf_umaps/umap_param_sweep/enriched_embeddings/umap_sweep_afe059c23b20cc7b.parquet
5	0.5	cosine	64	None	0.974089	5000	/zata/zippy/kresgeb/nmf_stuff/dlPFC/output/nmf_umaps/umap_param_sweep/enriched_embeddings/umap_sweep_4e0eba937b1d9f65.parquet
50	0.0	cosine	64	None	0.896827	5000	/zata/zippy/kresgeb/nmf_stuff/dlPFC/output/nmf_umaps/umap_param_sweep/enriched_embeddings/umap_sweep_8dd4c9530dec0ba7.parquet
5	0.5	euclidean	64	None	0.977786	5000	/zata/zippy/kresgeb/nmf_stuff/dlPFC/output/nmf_umaps/umap_param_sweep/enriched_embeddings/umap_sweep_e6889bbf8557ba5b.parquet
50	0.0	euclidean	64	None	0.900287	5000	/zata/zippy/kresgeb/nmf_stuff/dlPFC/output/nmf_umaps/umap_param_sweep/enriched_embeddings/umap_sweep_759224c23cc0002b.parquet
10	0.0	cosine	64	None	0.963501	5000	/zata/zippy/kresgeb/nmf_stuff/dlPFC/output/nmf_umaps/umap_param_sweep/enriched_embeddings/umap_sweep_43f2ff9c5986cbb3.parquet
10	0.0	euclidean	64	None	0.964701	5000	/zata/zippy/kresgeb/nmf_stuff/dlPFC/output/nmf_umaps/umap_param_sweep/enriched_embeddings/umap_sweep_798b4f3efd7bcf61.parquet
50	0.01	cosine	64	None	0.888471	5000	/zata/zippy/kresgeb/nmf_stuff/dlPFC/output/nmf_umaps/umap_param_sweep/enriched_embeddings/umap_sweep_65fbab13ecb33dd1.parquet
10	0.01	cosine	64	None	0.962737	5000	/zata/zippy/kresgeb/nmf_stuff/dlPFC/output/nmf_umaps/umap_param_sweep/enriched_embeddings/umap_sweep_7077b4bdc1fef85b.parquet
50	0.01	euclidean	64	None	0.904856	5000	/zata/zippy/kresgeb/nmf_stuff/dlPFC/output/nmf_umaps/umap_param_sweep/enriched_embeddings/umap_sweep_d54d75c671525f1f.parquet
10	0.01	euclidean	64	None	0.966739	5000	/zata/zippy/kresgeb/nmf_stuff/dlPFC/output/nmf_umaps/umap_param_sweep/enriched_embeddings/umap_sweep_61ea06d82e246e81.parquet
10	0.1	cosine	64	None	0.963885	5000	/zata/zippy/kresgeb/nmf_stuff/dlPFC/output/nmf_umaps/umap_param_sweep/enriched_embeddings/umap_sweep_d1828c06167e08ca.parquet
50	0.1	cosine	64	None	0.901506	5000	/zata/zippy/kresgeb/nmf_stuff/dlPFC/output/nmf_umaps/umap_param_sweep/enriched_embeddings/umap_sweep_d292b324887acb5d.parquet
10	0.1	euclidean	64	None	0.965349	5000	/zata/zippy/kresgeb/nmf_stuff/dlPFC/output/nmf_umaps/umap_param_sweep/enriched_embeddings/umap_sweep_6542c0d73326f7a8.parquet
10	0.25	cosine	64	None	0.966602	5000	/zata/zippy/kresgeb/nmf_stuff/dlPFC/output/nmf_umaps/umap_param_sweep/enriched_embeddings/umap_sweep_78936efb4f5105fd.parquet
50	0.1	euclidean	64	None	0.897517	5000	/zata/zippy/kresgeb/nmf_stuff/dlPFC/output/nmf_umaps/umap_param_sweep/enriched_embeddings/umap_sweep_a3db0a918a9a14f2.parquet
10	0.25	euclidean	64	None	0.968424	5000	/zata/zippy/kresgeb/nmf_stuff/dlPFC/output/nmf_umaps/umap_param_sweep/enriched_embeddings/umap_sweep_24ee2c316742bd55.parquet
10	0.5	cosine	64	None	0.962295	5000	/zata/zippy/kresgeb/nmf_stuff/dlPFC/output/nmf_umaps/umap_param_sweep/enriched_embeddings/umap_sweep_512e633773c3aaa6.parquet
50	0.25	cosine	64	None	0.893411	5000	/zata/zippy/kresgeb/nmf_stuff/dlPFC/output/nmf_umaps/umap_param_sweep/enriched_embeddings/umap_sweep_3c0c151ca43640ba.parquet
10	0.5	euclidean	64	None	0.964134	5000	/zata/zippy/kresgeb/nmf_stuff/dlPFC/output/nmf_umaps/umap_param_sweep/enriched_embeddings/umap_sweep_c9480b35a0342bb5.parquet
50	0.25	euclidean	64	None	0.911602	5000	/zata/zippy/kresgeb/nmf_stuff/dlPFC/output/nmf_umaps/umap_param_sweep/enriched_embeddings/umap_sweep_4188913b1c0875ca.parquet
15	0.0	cosine	64	None	0.950484	5000	/zata/zippy/kresgeb/nmf_stuff/dlPFC/output/nmf_umaps/umap_param_sweep/enriched_embeddings/umap_sweep_3f87e9b6f7778491.parquet
15	0.0	euclidean	64	None	0.955940	5000	/zata/zippy/kresgeb/nmf_stuff/dlPFC/output/nmf_umaps/umap_param_sweep/enriched_embeddings/umap_sweep_f8ba358b85892f69.parquet
50	0.5	cosine	64	None	0.899579	5000	/zata/zippy/kresgeb/nmf_stuff/dlPFC/output/nmf_umaps/umap_param_sweep/enriched_embeddings/umap_sweep_5a8916446c180ec0.parquet
15	0.01	cosine	64	None	0.952431	5000	/zata/zippy/kresgeb/nmf_stuff/dlPFC/output/nmf_umaps/umap_param_sweep/enriched_embeddings/umap_sweep_0c5be44e9fec56c5.parquet
50	0.5	euclidean	64	None	0.903612	5000	/zata/zippy/kresgeb/nmf_stuff/dlPFC/output/nmf_umaps/umap_param_sweep/enriched_embeddings/umap_sweep_00a0ecc8244a91a0.parquet
15	0.01	euclidean	64	None	0.954053	5000	/zata/zippy/kresgeb/nmf_stuff/dlPFC/output/nmf_umaps/umap_param_sweep/enriched_embeddings/umap_sweep_5a545fde2966f597.parquet
15	0.1	cosine	64	None	0.952891	5000	/zata/zippy/kresgeb/nmf_stuff/dlPFC/output/nmf_umaps/umap_param_sweep/enriched_embeddings/umap_sweep_e7846d408e419797.parquet
15	0.1	euclidean	64	None	0.959367	5000	/zata/zippy/kresgeb/nmf_stuff/dlPFC/output/nmf_umaps/umap_param_sweep/enriched_embeddings/umap_sweep_3b3188d3dd11868c.parquet
15	0.25	cosine	64	None	0.952170	5000	/zata/zippy/kresgeb/nmf_stuff/dlPFC/output/nmf_umaps/umap_param_sweep/enriched_embeddings/umap_sweep_f452b596f95ecc0e.parquet
15	0.25	euclidean	64	None	0.960062	5000	/zata/zippy/kresgeb/nmf_stuff/dlPFC/output/nmf_umaps/umap_param_sweep/enriched_embeddings/umap_sweep_262ba34321cb8735.parquet
15	0.5	cosine	64	None	0.954950	5000	/zata/zippy/kresgeb/nmf_stuff/dlPFC/output/nmf_umaps/umap_param_sweep/enriched_embeddings/umap_sweep_d1b714ec87873339.parquet
100	0.0	cosine	64	None	0.797654	5000	/zata/zippy/kresgeb/nmf_stuff/dlPFC/output/nmf_umaps/umap_param_sweep/enriched_embeddings/umap_sweep_adffe0b47d988080.parquet
15	0.5	euclidean	64	None	0.954816	5000	/zata/zippy/kresgeb/nmf_stuff/dlPFC/output/nmf_umaps/umap_param_sweep/enriched_embeddings/umap_sweep_ffbc083c7af9fadd.parquet
100	0.0	euclidean	64	None	0.828708	5000	/zata/zippy/kresgeb/nmf_stuff/dlPFC/output/nmf_umaps/umap_param_sweep/enriched_embeddings/umap_sweep_a19dc4b3551b2c6f.parquet
20	0.0	cosine	64	None	0.944655	5000	/zata/zippy/kresgeb/nmf_stuff/dlPFC/output/nmf_umaps/umap_param_sweep/enriched_embeddings/umap_sweep_e63eff1afc2df71c.parquet
20	0.0	euclidean	64	None	0.947311	5000	/zata/zippy/kresgeb/nmf_stuff/dlPFC/output/nmf_umaps/umap_param_sweep/enriched_embeddings/umap_sweep_c68d1b5dc3bd01b6.parquet
20	0.01	cosine	64	None	0.942948	5000	/zata/zippy/kresgeb/nmf_stuff/dlPFC/output/nmf_umaps/umap_param_sweep/enriched_embeddings/umap_sweep_41c47e1affd1ddb1.parquet
20	0.01	euclidean	64	None	0.948310	5000	/zata/zippy/kresgeb/nmf_stuff/dlPFC/output/nmf_umaps/umap_param_sweep/enriched_embeddings/umap_sweep_65e15b5eafae8717.parquet
20	0.1	cosine	64	None	0.945734	5000	/zata/zippy/kresgeb/nmf_stuff/dlPFC/output/nmf_umaps/umap_param_sweep/enriched_embeddings/umap_sweep_02aba703bdb74326.parquet
20	0.1	euclidean	64	None	0.948238	5000	/zata/zippy/kresgeb/nmf_stuff/dlPFC/output/nmf_umaps/umap_param_sweep/enriched_embeddings/umap_sweep_a2447f6d72903822.parquet
20	0.25	cosine	64	None	0.945755	5000	/zata/zippy/kresgeb/nmf_stuff/dlPFC/output/nmf_umaps/umap_param_sweep/enriched_embeddings/umap_sweep_5b49cdcddf8863d1.parquet
100	0.01	cosine	64	None	0.805634	5000	/zata/zippy/kresgeb/nmf_stuff/dlPFC/output/nmf_umaps/umap_param_sweep/enriched_embeddings/umap_sweep_ed6582a7e271fbab.parquet
20	0.25	euclidean	64	None	0.947867	5000	/zata/zippy/kresgeb/nmf_stuff/dlPFC/output/nmf_umaps/umap_param_sweep/enriched_embeddings/umap_sweep_7bca8ebd9746527b.parquet
100	0.01	euclidean	64	None	0.846069	5000	/zata/zippy/kresgeb/nmf_stuff/dlPFC/output/nmf_umaps/umap_param_sweep/enriched_embeddings/umap_sweep_cd4c7b87e2e78f98.parquet
20	0.5	cosine	64	None	0.948341	5000	/zata/zippy/kresgeb/nmf_stuff/dlPFC/output/nmf_umaps/umap_param_sweep/enriched_embeddings/umap_sweep_d4a8da7c30946245.parquet
20	0.5	euclidean	64	None	0.945447	5000	/zata/zippy/kresgeb/nmf_stuff/dlPFC/output/nmf_umaps/umap_param_sweep/enriched_embeddings/umap_sweep_041551ddd883d85d.parquet
50	0.0	cosine	64	None	0.890962	5000	/zata/zippy/kresgeb/nmf_stuff/dlPFC/output/nmf_umaps/umap_param_sweep/enriched_embeddings/umap_sweep_8dd4c9530dec0ba7.parquet
50	0.0	euclidean	64	None	0.910480	5000	/zata/zippy/kresgeb/nmf_stuff/dlPFC/output/nmf_umaps/umap_param_sweep/enriched_embeddings/umap_sweep_759224c23cc0002b.parquet
100	0.1	cosine	64	None	0.826080	5000	/zata/zippy/kresgeb/nmf_stuff/dlPFC/output/nmf_umaps/umap_param_sweep/enriched_embeddings/umap_sweep_cc41d2e2c9161c1d.parquet
50	0.01	cosine	64	None	0.889909	5000	/zata/zippy/kresgeb/nmf_stuff/dlPFC/output/nmf_umaps/umap_param_sweep/enriched_embeddings/umap_sweep_65fbab13ecb33dd1.parquet
100	0.1	euclidean	64	None	0.847904	5000	/zata/zippy/kresgeb/nmf_stuff/dlPFC/output/nmf_umaps/umap_param_sweep/enriched_embeddings/umap_sweep_4cfba31712db037c.parquet
50	0.01	euclidean	64	None	0.899676	5000	/zata/zippy/kresgeb/nmf_stuff/dlPFC/output/nmf_umaps/umap_param_sweep/enriched_embeddings/umap_sweep_d54d75c671525f1f.parquet
50	0.1	cosine	64	None	0.897885	5000	/zata/zippy/kresgeb/nmf_stuff/dlPFC/output/nmf_umaps/umap_param_sweep/enriched_embeddings/umap_sweep_d292b324887acb5d.parquet
50	0.1	euclidean	64	None	0.904914	5000	/zata/zippy/kresgeb/nmf_stuff/dlPFC/output/nmf_umaps/umap_param_sweep/enriched_embeddings/umap_sweep_a3db0a918a9a14f2.parquet
50	0.25	cosine	64	None	0.908005	5000	/zata/zippy/kresgeb/nmf_stuff/dlPFC/output/nmf_umaps/umap_param_sweep/enriched_embeddings/umap_sweep_3c0c151ca43640ba.parquet
100	0.25	cosine	64	None	0.813395	5000	/zata/zippy/kresgeb/nmf_stuff/dlPFC/output/nmf_umaps/umap_param_sweep/enriched_embeddings/umap_sweep_1011dfc4a371beb6.parquet
50	0.25	euclidean	64	None	0.904247	5000	/zata/zippy/kresgeb/nmf_stuff/dlPFC/output/nmf_umaps/umap_param_sweep/enriched_embeddings/umap_sweep_4188913b1c0875ca.parquet
50	0.5	cosine	64	None	0.899917	5000	/zata/zippy/kresgeb/nmf_stuff/dlPFC/output/nmf_umaps/umap_param_sweep/enriched_embeddings/umap_sweep_5a8916446c180ec0.parquet
50	0.5	euclidean	64	None	0.895763	5000	/zata/zippy/kresgeb/nmf_stuff/dlPFC/output/nmf_umaps/umap_param_sweep/enriched_embeddings/umap_sweep_00a0ecc8244a91a0.parquet
100	0.0	cosine	64	None	0.809459	5000	/zata/zippy/kresgeb/nmf_stuff/dlPFC/output/nmf_umaps/umap_param_sweep/enriched_embeddings/umap_sweep_adffe0b47d988080.parquet
100	0.0	euclidean	64	None	0.838846	5000	/zata/zippy/kresgeb/nmf_stuff/dlPFC/output/nmf_umaps/umap_param_sweep/enriched_embeddings/umap_sweep_a19dc4b3551b2c6f.parquet
100	0.01	cosine	64	None	0.807673	5000	/zata/zippy/kresgeb/nmf_stuff/dlPFC/output/nmf_umaps/umap_param_sweep/enriched_embeddings/umap_sweep_ed6582a7e271fbab.parquet
100	0.01	euclidean	64	None	0.836366	5000	/zata/zippy/kresgeb/nmf_stuff/dlPFC/output/nmf_umaps/umap_param_sweep/enriched_embeddings/umap_sweep_cd4c7b87e2e78f98.parquet
100	0.1	cosine	64	None	0.811719	5000	/zata/zippy/kresgeb/nmf_stuff/dlPFC/output/nmf_umaps/umap_param_sweep/enriched_embeddings/umap_sweep_cc41d2e2c9161c1d.parquet
100	0.1	euclidean	64	None	0.829957	5000	/zata/zippy/kresgeb/nmf_stuff/dlPFC/output/nmf_umaps/umap_param_sweep/enriched_embeddings/umap_sweep_4cfba31712db037c.parquet
100	0.25	cosine	64	None	0.811112	5000	/zata/zippy/kresgeb/nmf_stuff/dlPFC/output/nmf_umaps/umap_param_sweep/enriched_embeddings/umap_sweep_1011dfc4a371beb6.parquet
100	0.25	euclidean	64	None	0.820303	5000	/zata/zippy/kresgeb/nmf_stuff/dlPFC/output/nmf_umaps/umap_param_sweep/enriched_embeddings/umap_sweep_234ecf68e0b69ff4.parquet
100	0.5	cosine	64	None	0.821497	5000	/zata/zippy/kresgeb/nmf_stuff/dlPFC/output/nmf_umaps/umap_param_sweep/enriched_embeddings/umap_sweep_784fef162e8804bc.parquet
100	0.5	euclidean	64	None	0.829511	5000	/zata/zippy/kresgeb/nmf_stuff/dlPFC/output/nmf_umaps/umap_param_sweep/enriched_embeddings/umap_sweep_09e4e956d24156e4.parquet
200	0.0	cosine	64	None	0.712951	5000	/zata/zippy/kresgeb/nmf_stuff/dlPFC/output/nmf_umaps/umap_param_sweep/enriched_embeddings/umap_sweep_fc8b75ff71820b1d.parquet
200	0.0	euclidean	64	None	0.764918	5000	/zata/zippy/kresgeb/nmf_stuff/dlPFC/output/nmf_umaps/umap_param_sweep/enriched_embeddings/umap_sweep_76ec7e32cb0b62ed.parquet
200	0.01	cosine	64	None	0.715069	5000	/zata/zippy/kresgeb/nmf_stuff/dlPFC/output/nmf_umaps/umap_param_sweep/enriched_embeddings/umap_sweep_d9bbe3e2ae546a7c.parquet
200	0.01	euclidean	64	None	0.791457	5000	/zata/zippy/kresgeb/nmf_stuff/dlPFC/output/nmf_umaps/umap_param_sweep/enriched_embeddings/umap_sweep_bfa6815ba21814df.parquet
200	0.1	cosine	64	None	0.729387	5000	/zata/zippy/kresgeb/nmf_stuff/dlPFC/output/nmf_umaps/umap_param_sweep/enriched_embeddings/umap_sweep_e975acf6ad55a7cb.parquet
200	0.1	euclidean	64	None	0.765654	5000	/zata/zippy/kresgeb/nmf_stuff/dlPFC/output/nmf_umaps/umap_param_sweep/enriched_embeddings/umap_sweep_cb9b028d7808c33f.parquet
200	0.25	cosine	64	None	0.743833	5000	/zata/zippy/kresgeb/nmf_stuff/dlPFC/output/nmf_umaps/umap_param_sweep/enriched_embeddings/umap_sweep_42b23194e8b63d5a.parquet
200	0.25	euclidean	64	None	0.759815	5000	/zata/zippy/kresgeb/nmf_stuff/dlPFC/output/nmf_umaps/umap_param_sweep/enriched_embeddings/umap_sweep_ef8bc4bc28a478cd.parquet
200	0.5	cosine	64	None	0.735368	5000	/zata/zippy/kresgeb/nmf_stuff/dlPFC/output/nmf_umaps/umap_param_sweep/enriched_embeddings/umap_sweep_51d6525053bb99e1.parquet
200	0.5	euclidean	64	None	0.762508	5000	/zata/zippy/kresgeb/nmf_stuff/dlPFC/output/nmf_umaps/umap_param_sweep/enriched_embeddings/umap_sweep_ac3d3b23ae0062e9.parquet
500	0.0	cosine	64	None	0.662115	5000	/zata/zippy/kresgeb/nmf_stuff/dlPFC/output/nmf_umaps/umap_param_sweep/enriched_embeddings/umap_sweep_f7fc8c251dc64fe5.parquet
500	0.0	euclidean	64	None	0.691684	5000	/zata/zippy/kresgeb/nmf_stuff/dlPFC/output/nmf_umaps/umap_param_sweep/enriched_embeddings/umap_sweep_01348acd2ac88fb1.parquet
500	0.01	cosine	64	None	0.641665	5000	/zata/zippy/kresgeb/nmf_stuff/dlPFC/output/nmf_umaps/umap_param_sweep/enriched_embeddings/umap_sweep_2365cad7ffb4cb96.parquet
500	0.01	euclidean	64	None	0.704991	5000	/zata/zippy/kresgeb/nmf_stuff/dlPFC/output/nmf_umaps/umap_param_sweep/enriched_embeddings/umap_sweep_f5ea421f0ddc56f5.parquet
500	0.1	cosine	64	None	0.667798	5000	/zata/zippy/kresgeb/nmf_stuff/dlPFC/output/nmf_umaps/umap_param_sweep/enriched_embeddings/umap_sweep_61181a18c22d1373.parquet
500	0.1	euclidean	64	None	0.694928	5000	/zata/zippy/kresgeb/nmf_stuff/dlPFC/output/nmf_umaps/umap_param_sweep/enriched_embeddings/umap_sweep_cb1a331703a492a9.parquet
500	0.25	cosine	64	None	0.674966	5000	/zata/zippy/kresgeb/nmf_stuff/dlPFC/output/nmf_umaps/umap_param_sweep/enriched_embeddings/umap_sweep_410f08fe6039160a.parquet
500	0.25	euclidean	64	None	0.690872	5000	/zata/zippy/kresgeb/nmf_stuff/dlPFC/output/nmf_umaps/umap_param_sweep/enriched_embeddings/umap_sweep_c2010eef0174b4bb.parquet
500	0.5	cosine	64	None	0.662221	5000	/zata/zippy/kresgeb/nmf_stuff/dlPFC/output/nmf_umaps/umap_param_sweep/enriched_embeddings/umap_sweep_23938da3f0c8fa25.parquet
500	0.5	euclidean	64	None	0.698488	5000	/zata/zippy/kresgeb/nmf_stuff/dlPFC/output/nmf_umaps/umap_param_sweep/enriched_embeddings/umap_sweep_fe7017b361eadec8.parquet
1000	0.0	cosine	64	None	0.655963	5000	/zata/zippy/kresgeb/nmf_stuff/dlPFC/output/nmf_umaps/umap_param_sweep/enriched_embeddings/umap_sweep_0abe44f05b892132.parquet
1000	0.0	euclidean	64	None	0.668988	5000	/zata/zippy/kresgeb/nmf_stuff/dlPFC/output/nmf_umaps/umap_param_sweep/enriched_embeddings/umap_sweep_bf88e6b353cc5508.parquet
1000	0.01	cosine	64	None	0.650583	5000	/zata/zippy/kresgeb/nmf_stuff/dlPFC/output/nmf_umaps/umap_param_sweep/enriched_embeddings/umap_sweep_141945b4c37018a9.parquet
1000	0.01	euclidean	64	None	0.682255	5000	/zata/zippy/kresgeb/nmf_stuff/dlPFC/output/nmf_umaps/umap_param_sweep/enriched_embeddings/umap_sweep_a4cce7d7a6417ac1.parquet
1000	0.1	cosine	64	None	0.648264	5000	/zata/zippy/kresgeb/nmf_stuff/dlPFC/output/nmf_umaps/umap_param_sweep/enriched_embeddings/umap_sweep_c5fff84da3f27d8e.parquet
1000	0.1	euclidean	64	None	0.687298	5000	/zata/zippy/kresgeb/nmf_stuff/dlPFC/output/nmf_umaps/umap_param_sweep/enriched_embeddings/umap_sweep_afc4f81343e6421a.parquet
1000	0.25	cosine	64	None	0.646458	5000	/zata/zippy/kresgeb/nmf_stuff/dlPFC/output/nmf_umaps/umap_param_sweep/enriched_embeddings/umap_sweep_42c57a1cb7b549d4.parquet
1000	0.25	euclidean	64	None	0.688002	5000	/zata/zippy/kresgeb/nmf_stuff/dlPFC/output/nmf_umaps/umap_param_sweep/enriched_embeddings/umap_sweep_1ef7fd22a0c1aeab.parquet
1000	0.5	cosine	64	None	0.654193	5000	/zata/zippy/kresgeb/nmf_stuff/dlPFC/output/nmf_umaps/umap_param_sweep/enriched_embeddings/umap_sweep_70d309898ee7c2e5.parquet
1000	0.5	euclidean	64	None	0.681745	5000	/zata/zippy/kresgeb/nmf_stuff/dlPFC/output/nmf_umaps/umap_param_sweep/enriched_embeddings/umap_sweep_306b30508efa8bea.parquet
