year,method,k,sample,nreps,seed,ari,contingency_table
2021,BayesSpace,7,151507,10000,314,0.4455,https://users.wenglab.org/kresgeb/cluster-comparisons/results/comparisons/2021/BayesSpace/k=7/151507/nreps=10000_seed=314/vs_ground_truth/contingency_table.csv
2021,BayesSpace,7,151507,10000,30122,0.5151,https://users.wenglab.org/kresgeb/cluster-comparisons/results/comparisons/2021/BayesSpace/k=7/151507/nreps=10000_seed=30122/vs_ground_truth/contingency_table.csv
2021,BayesSpace,9,151507,10000,314,0.3732,https://users.wenglab.org/kresgeb/cluster-comparisons/results/comparisons/2021/BayesSpace/k=9/151507/nreps=10000_seed=314/vs_ground_truth/contingency_table.csv
2021,BayesSpace,9,151507,10000,30122,0.4413,https://users.wenglab.org/kresgeb/cluster-comparisons/results/comparisons/2021/BayesSpace/k=9/151507/nreps=10000_seed=30122/vs_ground_truth/contingency_table.csv
2021,BayesSpace,16,151507,10000,314,0.3238,https://users.wenglab.org/kresgeb/cluster-comparisons/results/comparisons/2021/BayesSpace/k=16/151507/nreps=10000_seed=314/vs_ground_truth/contingency_table.csv
2021,BayesSpace,16,151507,10000,30122,0.2889,https://users.wenglab.org/kresgeb/cluster-comparisons/results/comparisons/2021/BayesSpace/k=16/151507/nreps=10000_seed=30122/vs_ground_truth/contingency_table.csv
2021,BayesSpace,7,151508,10000,314,0.4625,https://users.wenglab.org/kresgeb/cluster-comparisons/results/comparisons/2021/BayesSpace/k=7/151508/nreps=10000_seed=314/vs_ground_truth/contingency_table.csv
2021,BayesSpace,7,151508,10000,30122,0.4347,https://users.wenglab.org/kresgeb/cluster-comparisons/results/comparisons/2021/BayesSpace/k=7/151508/nreps=10000_seed=30122/vs_ground_truth/contingency_table.csv
2021,BayesSpace,9,151508,10000,314,0.4054,https://users.wenglab.org/kresgeb/cluster-comparisons/results/comparisons/2021/BayesSpace/k=9/151508/nreps=10000_seed=314/vs_ground_truth/contingency_table.csv
2021,BayesSpace,9,151508,10000,30122,0.3991,https://users.wenglab.org/kresgeb/cluster-comparisons/results/comparisons/2021/BayesSpace/k=9/151508/nreps=10000_seed=30122/vs_ground_truth/contingency_table.csv
2021,BayesSpace,16,151508,10000,314,0.2587,https://users.wenglab.org/kresgeb/cluster-comparisons/results/comparisons/2021/BayesSpace/k=16/151508/nreps=10000_seed=314/vs_ground_truth/contingency_table.csv
2021,BayesSpace,16,151508,10000,30122,0.2925,https://users.wenglab.org/kresgeb/cluster-comparisons/results/comparisons/2021/BayesSpace/k=16/151508/nreps=10000_seed=30122/vs_ground_truth/contingency_table.csv
2021,BayesSpace,7,151509,10000,314,0.3721,https://users.wenglab.org/kresgeb/cluster-comparisons/results/comparisons/2021/BayesSpace/k=7/151509/nreps=10000_seed=314/vs_ground_truth/contingency_table.csv
2021,BayesSpace,7,151509,10000,30122,0.4134,https://users.wenglab.org/kresgeb/cluster-comparisons/results/comparisons/2021/BayesSpace/k=7/151509/nreps=10000_seed=30122/vs_ground_truth/contingency_table.csv
2021,BayesSpace,9,151509,10000,314,0.2726,https://users.wenglab.org/kresgeb/cluster-comparisons/results/comparisons/2021/BayesSpace/k=9/151509/nreps=10000_seed=314/vs_ground_truth/contingency_table.csv
2021,BayesSpace,9,151509,10000,30122,0.384,https://users.wenglab.org/kresgeb/cluster-comparisons/results/comparisons/2021/BayesSpace/k=9/151509/nreps=10000_seed=30122/vs_ground_truth/contingency_table.csv
2021,BayesSpace,16,151509,10000,314,0.2338,https://users.wenglab.org/kresgeb/cluster-comparisons/results/comparisons/2021/BayesSpace/k=16/151509/nreps=10000_seed=314/vs_ground_truth/contingency_table.csv
2021,BayesSpace,16,151509,10000,30122,0.2321,https://users.wenglab.org/kresgeb/cluster-comparisons/results/comparisons/2021/BayesSpace/k=16/151509/nreps=10000_seed=30122/vs_ground_truth/contingency_table.csv
2021,BayesSpace,7,151510,10000,314,0.4074,https://users.wenglab.org/kresgeb/cluster-comparisons/results/comparisons/2021/BayesSpace/k=7/151510/nreps=10000_seed=314/vs_ground_truth/contingency_table.csv
2021,BayesSpace,7,151510,10000,30122,0.3928,https://users.wenglab.org/kresgeb/cluster-comparisons/results/comparisons/2021/BayesSpace/k=7/151510/nreps=10000_seed=30122/vs_ground_truth/contingency_table.csv
2021,BayesSpace,9,151510,10000,314,0.3506,https://users.wenglab.org/kresgeb/cluster-comparisons/results/comparisons/2021/BayesSpace/k=9/151510/nreps=10000_seed=314/vs_ground_truth/contingency_table.csv
2021,BayesSpace,9,151510,10000,30122,0.3916,https://users.wenglab.org/kresgeb/cluster-comparisons/results/comparisons/2021/BayesSpace/k=9/151510/nreps=10000_seed=30122/vs_ground_truth/contingency_table.csv
2021,BayesSpace,16,151510,10000,314,0.2354,https://users.wenglab.org/kresgeb/cluster-comparisons/results/comparisons/2021/BayesSpace/k=16/151510/nreps=10000_seed=314/vs_ground_truth/contingency_table.csv
2021,BayesSpace,16,151510,10000,30122,0.2309,https://users.wenglab.org/kresgeb/cluster-comparisons/results/comparisons/2021/BayesSpace/k=16/151510/nreps=10000_seed=30122/vs_ground_truth/contingency_table.csv
2021,BayesSpace,7,151669,10000,314,0.3021,https://users.wenglab.org/kresgeb/cluster-comparisons/results/comparisons/2021/BayesSpace/k=7/151669/nreps=10000_seed=314/vs_ground_truth/contingency_table.csv
2021,BayesSpace,7,151669,10000,30122,0.3038,https://users.wenglab.org/kresgeb/cluster-comparisons/results/comparisons/2021/BayesSpace/k=7/151669/nreps=10000_seed=30122/vs_ground_truth/contingency_table.csv
2021,BayesSpace,9,151669,10000,314,0.2403,https://users.wenglab.org/kresgeb/cluster-comparisons/results/comparisons/2021/BayesSpace/k=9/151669/nreps=10000_seed=314/vs_ground_truth/contingency_table.csv
2021,BayesSpace,9,151669,10000,30122,0.2407,https://users.wenglab.org/kresgeb/cluster-comparisons/results/comparisons/2021/BayesSpace/k=9/151669/nreps=10000_seed=30122/vs_ground_truth/contingency_table.csv
2021,BayesSpace,16,151669,10000,314,0.1419,https://users.wenglab.org/kresgeb/cluster-comparisons/results/comparisons/2021/BayesSpace/k=16/151669/nreps=10000_seed=314/vs_ground_truth/contingency_table.csv
2021,BayesSpace,16,151669,10000,30122,0.1552,https://users.wenglab.org/kresgeb/cluster-comparisons/results/comparisons/2021/BayesSpace/k=16/151669/nreps=10000_seed=30122/vs_ground_truth/contingency_table.csv
2021,BayesSpace,7,151670,10000,314,0.1586,https://users.wenglab.org/kresgeb/cluster-comparisons/results/comparisons/2021/BayesSpace/k=7/151670/nreps=10000_seed=314/vs_ground_truth/contingency_table.csv
2021,BayesSpace,7,151670,10000,30122,0.1404,https://users.wenglab.org/kresgeb/cluster-comparisons/results/comparisons/2021/BayesSpace/k=7/151670/nreps=10000_seed=30122/vs_ground_truth/contingency_table.csv
2021,BayesSpace,9,151670,10000,314,0.2135,https://users.wenglab.org/kresgeb/cluster-comparisons/results/comparisons/2021/BayesSpace/k=9/151670/nreps=10000_seed=314/vs_ground_truth/contingency_table.csv
2021,BayesSpace,9,151670,10000,30122,0.1857,https://users.wenglab.org/kresgeb/cluster-comparisons/results/comparisons/2021/BayesSpace/k=9/151670/nreps=10000_seed=30122/vs_ground_truth/contingency_table.csv
2021,BayesSpace,16,151670,10000,314,0.1571,https://users.wenglab.org/kresgeb/cluster-comparisons/results/comparisons/2021/BayesSpace/k=16/151670/nreps=10000_seed=314/vs_ground_truth/contingency_table.csv
2021,BayesSpace,16,151670,10000,30122,0.1414,https://users.wenglab.org/kresgeb/cluster-comparisons/results/comparisons/2021/BayesSpace/k=16/151670/nreps=10000_seed=30122/vs_ground_truth/contingency_table.csv
2021,BayesSpace,7,151671,10000,314,0.4132,https://users.wenglab.org/kresgeb/cluster-comparisons/results/comparisons/2021/BayesSpace/k=7/151671/nreps=10000_seed=314/vs_ground_truth/contingency_table.csv
2021,BayesSpace,7,151671,10000,30122,0.427,https://users.wenglab.org/kresgeb/cluster-comparisons/results/comparisons/2021/BayesSpace/k=7/151671/nreps=10000_seed=30122/vs_ground_truth/contingency_table.csv
2021,BayesSpace,9,151671,10000,314,0.3186,https://users.wenglab.org/kresgeb/cluster-comparisons/results/comparisons/2021/BayesSpace/k=9/151671/nreps=10000_seed=314/vs_ground_truth/contingency_table.csv
2021,BayesSpace,9,151671,10000,30122,0.341,https://users.wenglab.org/kresgeb/cluster-comparisons/results/comparisons/2021/BayesSpace/k=9/151671/nreps=10000_seed=30122/vs_ground_truth/contingency_table.csv
2021,BayesSpace,16,151671,10000,314,0.2172,https://users.wenglab.org/kresgeb/cluster-comparisons/results/comparisons/2021/BayesSpace/k=16/151671/nreps=10000_seed=314/vs_ground_truth/contingency_table.csv
2021,BayesSpace,16,151671,10000,30122,0.1917,https://users.wenglab.org/kresgeb/cluster-comparisons/results/comparisons/2021/BayesSpace/k=16/151671/nreps=10000_seed=30122/vs_ground_truth/contingency_table.csv
2021,BayesSpace,7,151672,10000,314,0.4715,https://users.wenglab.org/kresgeb/cluster-comparisons/results/comparisons/2021/BayesSpace/k=7/151672/nreps=10000_seed=314/vs_ground_truth/contingency_table.csv
2021,BayesSpace,7,151672,10000,30122,0.4715,https://users.wenglab.org/kresgeb/cluster-comparisons/results/comparisons/2021/BayesSpace/k=7/151672/nreps=10000_seed=30122/vs_ground_truth/contingency_table.csv
2021,BayesSpace,9,151672,10000,314,0.4348,https://users.wenglab.org/kresgeb/cluster-comparisons/results/comparisons/2021/BayesSpace/k=9/151672/nreps=10000_seed=314/vs_ground_truth/contingency_table.csv
2021,BayesSpace,9,151672,10000,30122,0.4259,https://users.wenglab.org/kresgeb/cluster-comparisons/results/comparisons/2021/BayesSpace/k=9/151672/nreps=10000_seed=30122/vs_ground_truth/contingency_table.csv
2021,BayesSpace,16,151672,10000,314,0.2802,https://users.wenglab.org/kresgeb/cluster-comparisons/results/comparisons/2021/BayesSpace/k=16/151672/nreps=10000_seed=314/vs_ground_truth/contingency_table.csv
2021,BayesSpace,16,151672,10000,30122,0.2748,https://users.wenglab.org/kresgeb/cluster-comparisons/results/comparisons/2021/BayesSpace/k=16/151672/nreps=10000_seed=30122/vs_ground_truth/contingency_table.csv
2021,BayesSpace,7,151673,10000,314,0.5362,https://users.wenglab.org/kresgeb/cluster-comparisons/results/comparisons/2021/BayesSpace/k=7/151673/nreps=10000_seed=314/vs_ground_truth/contingency_table.csv
2021,BayesSpace,7,151673,10000,30122,0.4439,https://users.wenglab.org/kresgeb/cluster-comparisons/results/comparisons/2021/BayesSpace/k=7/151673/nreps=10000_seed=30122/vs_ground_truth/contingency_table.csv
2021,BayesSpace,9,151673,10000,314,0.4004,https://users.wenglab.org/kresgeb/cluster-comparisons/results/comparisons/2021/BayesSpace/k=9/151673/nreps=10000_seed=314/vs_ground_truth/contingency_table.csv
2021,BayesSpace,9,151673,10000,30122,0.3715,https://users.wenglab.org/kresgeb/cluster-comparisons/results/comparisons/2021/BayesSpace/k=9/151673/nreps=10000_seed=30122/vs_ground_truth/contingency_table.csv
2021,BayesSpace,16,151673,10000,314,0.3364,https://users.wenglab.org/kresgeb/cluster-comparisons/results/comparisons/2021/BayesSpace/k=16/151673/nreps=10000_seed=314/vs_ground_truth/contingency_table.csv
2021,BayesSpace,16,151673,10000,30122,0.3307,https://users.wenglab.org/kresgeb/cluster-comparisons/results/comparisons/2021/BayesSpace/k=16/151673/nreps=10000_seed=30122/vs_ground_truth/contingency_table.csv
2021,BayesSpace,7,151674,10000,314,0.375,https://users.wenglab.org/kresgeb/cluster-comparisons/results/comparisons/2021/BayesSpace/k=7/151674/nreps=10000_seed=314/vs_ground_truth/contingency_table.csv
2021,BayesSpace,7,151674,10000,30122,0.3769,https://users.wenglab.org/kresgeb/cluster-comparisons/results/comparisons/2021/BayesSpace/k=7/151674/nreps=10000_seed=30122/vs_ground_truth/contingency_table.csv
2021,BayesSpace,9,151674,10000,314,0.2933,https://users.wenglab.org/kresgeb/cluster-comparisons/results/comparisons/2021/BayesSpace/k=9/151674/nreps=10000_seed=314/vs_ground_truth/contingency_table.csv
2021,BayesSpace,9,151674,10000,30122,0.2894,https://users.wenglab.org/kresgeb/cluster-comparisons/results/comparisons/2021/BayesSpace/k=9/151674/nreps=10000_seed=30122/vs_ground_truth/contingency_table.csv
2021,BayesSpace,16,151674,10000,314,0.2697,https://users.wenglab.org/kresgeb/cluster-comparisons/results/comparisons/2021/BayesSpace/k=16/151674/nreps=10000_seed=314/vs_ground_truth/contingency_table.csv
2021,BayesSpace,16,151674,10000,30122,0.303,https://users.wenglab.org/kresgeb/cluster-comparisons/results/comparisons/2021/BayesSpace/k=16/151674/nreps=10000_seed=30122/vs_ground_truth/contingency_table.csv
2021,BayesSpace,7,151675,10000,314,0.399,https://users.wenglab.org/kresgeb/cluster-comparisons/results/comparisons/2021/BayesSpace/k=7/151675/nreps=10000_seed=314/vs_ground_truth/contingency_table.csv
2021,BayesSpace,7,151675,10000,30122,0.3978,https://users.wenglab.org/kresgeb/cluster-comparisons/results/comparisons/2021/BayesSpace/k=7/151675/nreps=10000_seed=30122/vs_ground_truth/contingency_table.csv
2021,BayesSpace,9,151675,10000,314,0.3002,https://users.wenglab.org/kresgeb/cluster-comparisons/results/comparisons/2021/BayesSpace/k=9/151675/nreps=10000_seed=314/vs_ground_truth/contingency_table.csv
2021,BayesSpace,9,151675,10000,30122,0.2883,https://users.wenglab.org/kresgeb/cluster-comparisons/results/comparisons/2021/BayesSpace/k=9/151675/nreps=10000_seed=30122/vs_ground_truth/contingency_table.csv
2021,BayesSpace,16,151675,10000,314,0.3169,https://users.wenglab.org/kresgeb/cluster-comparisons/results/comparisons/2021/BayesSpace/k=16/151675/nreps=10000_seed=314/vs_ground_truth/contingency_table.csv
2021,BayesSpace,16,151675,10000,30122,0.3088,https://users.wenglab.org/kresgeb/cluster-comparisons/results/comparisons/2021/BayesSpace/k=16/151675/nreps=10000_seed=30122/vs_ground_truth/contingency_table.csv
2021,BayesSpace,7,151676,10000,314,0.3417,https://users.wenglab.org/kresgeb/cluster-comparisons/results/comparisons/2021/BayesSpace/k=7/151676/nreps=10000_seed=314/vs_ground_truth/contingency_table.csv
2021,BayesSpace,7,151676,10000,30122,0.5097,https://users.wenglab.org/kresgeb/cluster-comparisons/results/comparisons/2021/BayesSpace/k=7/151676/nreps=10000_seed=30122/vs_ground_truth/contingency_table.csv
2021,BayesSpace,9,151676,10000,314,0.3617,https://users.wenglab.org/kresgeb/cluster-comparisons/results/comparisons/2021/BayesSpace/k=9/151676/nreps=10000_seed=314/vs_ground_truth/contingency_table.csv
2021,BayesSpace,9,151676,10000,30122,0.3695,https://users.wenglab.org/kresgeb/cluster-comparisons/results/comparisons/2021/BayesSpace/k=9/151676/nreps=10000_seed=30122/vs_ground_truth/contingency_table.csv
2021,BayesSpace,16,151676,10000,314,0.3072,https://users.wenglab.org/kresgeb/cluster-comparisons/results/comparisons/2021/BayesSpace/k=16/151676/nreps=10000_seed=314/vs_ground_truth/contingency_table.csv
2021,BayesSpace,16,151676,10000,30122,0.3181,https://users.wenglab.org/kresgeb/cluster-comparisons/results/comparisons/2021/BayesSpace/k=16/151676/nreps=10000_seed=30122/vs_ground_truth/contingency_table.csv
2024,BayesSpace,7,Br6522_ant,10000,314,0.4158,https://users.wenglab.org/kresgeb/cluster-comparisons/results/comparisons/2024/BayesSpace/k=7/Br6522_ant/nreps=10000_seed=314/vs_ground_truth/contingency_table.csv
2024,BayesSpace,7,Br6522_ant,10000,30122,0.415,https://users.wenglab.org/kresgeb/cluster-comparisons/results/comparisons/2024/BayesSpace/k=7/Br6522_ant/nreps=10000_seed=30122/vs_ground_truth/contingency_table.csv
2024,BayesSpace,9,Br6522_ant,10000,314,0.4056,https://users.wenglab.org/kresgeb/cluster-comparisons/results/comparisons/2024/BayesSpace/k=9/Br6522_ant/nreps=10000_seed=314/vs_ground_truth/contingency_table.csv
2024,BayesSpace,9,Br6522_ant,10000,30122,0.4085,https://users.wenglab.org/kresgeb/cluster-comparisons/results/comparisons/2024/BayesSpace/k=9/Br6522_ant/nreps=10000_seed=30122/vs_ground_truth/contingency_table.csv
2024,BayesSpace,16,Br6522_ant,10000,314,0.3319,https://users.wenglab.org/kresgeb/cluster-comparisons/results/comparisons/2024/BayesSpace/k=16/Br6522_ant/nreps=10000_seed=314/vs_ground_truth/contingency_table.csv
2024,BayesSpace,16,Br6522_ant,10000,30122,0.3341,https://users.wenglab.org/kresgeb/cluster-comparisons/results/comparisons/2024/BayesSpace/k=16/Br6522_ant/nreps=10000_seed=30122/vs_ground_truth/contingency_table.csv
2024,BayesSpace,7,Br6522_mid,10000,314,0.3712,https://users.wenglab.org/kresgeb/cluster-comparisons/results/comparisons/2024/BayesSpace/k=7/Br6522_mid/nreps=10000_seed=314/vs_ground_truth/contingency_table.csv
2024,BayesSpace,7,Br6522_mid,10000,30122,0.3711,https://users.wenglab.org/kresgeb/cluster-comparisons/results/comparisons/2024/BayesSpace/k=7/Br6522_mid/nreps=10000_seed=30122/vs_ground_truth/contingency_table.csv
2024,BayesSpace,9,Br6522_mid,10000,314,0.3824,https://users.wenglab.org/kresgeb/cluster-comparisons/results/comparisons/2024/BayesSpace/k=9/Br6522_mid/nreps=10000_seed=314/vs_ground_truth/contingency_table.csv
2024,BayesSpace,9,Br6522_mid,10000,30122,0.382,https://users.wenglab.org/kresgeb/cluster-comparisons/results/comparisons/2024/BayesSpace/k=9/Br6522_mid/nreps=10000_seed=30122/vs_ground_truth/contingency_table.csv
2024,BayesSpace,16,Br6522_mid,10000,314,0.3414,https://users.wenglab.org/kresgeb/cluster-comparisons/results/comparisons/2024/BayesSpace/k=16/Br6522_mid/nreps=10000_seed=314/vs_ground_truth/contingency_table.csv
2024,BayesSpace,16,Br6522_mid,10000,30122,0.32,https://users.wenglab.org/kresgeb/cluster-comparisons/results/comparisons/2024/BayesSpace/k=16/Br6522_mid/nreps=10000_seed=30122/vs_ground_truth/contingency_table.csv
2024,BayesSpace,7,Br8667_post,10000,314,0.4087,https://users.wenglab.org/kresgeb/cluster-comparisons/results/comparisons/2024/BayesSpace/k=7/Br8667_post/nreps=10000_seed=314/vs_ground_truth/contingency_table.csv
2024,BayesSpace,7,Br8667_post,10000,30122,0.3883,https://users.wenglab.org/kresgeb/cluster-comparisons/results/comparisons/2024/BayesSpace/k=7/Br8667_post/nreps=10000_seed=30122/vs_ground_truth/contingency_table.csv
2024,BayesSpace,9,Br8667_post,10000,314,0.3641,https://users.wenglab.org/kresgeb/cluster-comparisons/results/comparisons/2024/BayesSpace/k=9/Br8667_post/nreps=10000_seed=314/vs_ground_truth/contingency_table.csv
2024,BayesSpace,9,Br8667_post,10000,30122,0.3605,https://users.wenglab.org/kresgeb/cluster-comparisons/results/comparisons/2024/BayesSpace/k=9/Br8667_post/nreps=10000_seed=30122/vs_ground_truth/contingency_table.csv
2024,BayesSpace,16,Br8667_post,10000,314,0.3406,https://users.wenglab.org/kresgeb/cluster-comparisons/results/comparisons/2024/BayesSpace/k=16/Br8667_post/nreps=10000_seed=314/vs_ground_truth/contingency_table.csv
2024,BayesSpace,16,Br8667_post,10000,30122,0.3203,https://users.wenglab.org/kresgeb/cluster-comparisons/results/comparisons/2024/BayesSpace/k=16/Br8667_post/nreps=10000_seed=30122/vs_ground_truth/contingency_table.csv
