year,method,model_variant,k,sample,PCs,ari,contingency_table
2021,mclust,EEE,7,151507,15,0.3997,https://users.wenglab.org/kresgeb/cluster-comparisons/results/comparisons/2021/mclust/EEE/k=7/151507/PCs=15/vs_ground_truth/contingency_table.csv
2021,mclust,EEE,9,151507,15,0.3897,https://users.wenglab.org/kresgeb/cluster-comparisons/results/comparisons/2021/mclust/EEE/k=9/151507/PCs=15/vs_ground_truth/contingency_table.csv
2021,mclust,EEE,16,151507,15,0.3024,https://users.wenglab.org/kresgeb/cluster-comparisons/results/comparisons/2021/mclust/EEE/k=16/151507/PCs=15/vs_ground_truth/contingency_table.csv
2021,mclust,EEE,7,151508,15,0.3579,https://users.wenglab.org/kresgeb/cluster-comparisons/results/comparisons/2021/mclust/EEE/k=7/151508/PCs=15/vs_ground_truth/contingency_table.csv
2021,mclust,EEE,9,151508,15,0.3762,https://users.wenglab.org/kresgeb/cluster-comparisons/results/comparisons/2021/mclust/EEE/k=9/151508/PCs=15/vs_ground_truth/contingency_table.csv
2021,mclust,EEE,16,151508,15,0.2613,https://users.wenglab.org/kresgeb/cluster-comparisons/results/comparisons/2021/mclust/EEE/k=16/151508/PCs=15/vs_ground_truth/contingency_table.csv
2021,mclust,EEE,7,151509,15,0.3964,https://users.wenglab.org/kresgeb/cluster-comparisons/results/comparisons/2021/mclust/EEE/k=7/151509/PCs=15/vs_ground_truth/contingency_table.csv
2021,mclust,EEE,9,151509,15,0.3414,https://users.wenglab.org/kresgeb/cluster-comparisons/results/comparisons/2021/mclust/EEE/k=9/151509/PCs=15/vs_ground_truth/contingency_table.csv
2021,mclust,EEE,16,151509,15,0.2426,https://users.wenglab.org/kresgeb/cluster-comparisons/results/comparisons/2021/mclust/EEE/k=16/151509/PCs=15/vs_ground_truth/contingency_table.csv
2021,mclust,EEE,7,151510,15,0.2704,https://users.wenglab.org/kresgeb/cluster-comparisons/results/comparisons/2021/mclust/EEE/k=7/151510/PCs=15/vs_ground_truth/contingency_table.csv
2021,mclust,EEE,9,151510,15,0.3501,https://users.wenglab.org/kresgeb/cluster-comparisons/results/comparisons/2021/mclust/EEE/k=9/151510/PCs=15/vs_ground_truth/contingency_table.csv
2021,mclust,EEE,16,151510,15,0.2066,https://users.wenglab.org/kresgeb/cluster-comparisons/results/comparisons/2021/mclust/EEE/k=16/151510/PCs=15/vs_ground_truth/contingency_table.csv
2021,mclust,EEE,7,151669,15,0.216,https://users.wenglab.org/kresgeb/cluster-comparisons/results/comparisons/2021/mclust/EEE/k=7/151669/PCs=15/vs_ground_truth/contingency_table.csv
2021,mclust,EEE,9,151669,15,0.1993,https://users.wenglab.org/kresgeb/cluster-comparisons/results/comparisons/2021/mclust/EEE/k=9/151669/PCs=15/vs_ground_truth/contingency_table.csv
2021,mclust,EEE,16,151669,15,0.0983,https://users.wenglab.org/kresgeb/cluster-comparisons/results/comparisons/2021/mclust/EEE/k=16/151669/PCs=15/vs_ground_truth/contingency_table.csv
2021,mclust,EEE,7,151670,15,0.208,https://users.wenglab.org/kresgeb/cluster-comparisons/results/comparisons/2021/mclust/EEE/k=7/151670/PCs=15/vs_ground_truth/contingency_table.csv
2021,mclust,EEE,9,151670,15,0.1281,https://users.wenglab.org/kresgeb/cluster-comparisons/results/comparisons/2021/mclust/EEE/k=9/151670/PCs=15/vs_ground_truth/contingency_table.csv
2021,mclust,EEE,16,151670,15,0.0906,https://users.wenglab.org/kresgeb/cluster-comparisons/results/comparisons/2021/mclust/EEE/k=16/151670/PCs=15/vs_ground_truth/contingency_table.csv
2021,mclust,EEE,7,151671,15,0.2867,https://users.wenglab.org/kresgeb/cluster-comparisons/results/comparisons/2021/mclust/EEE/k=7/151671/PCs=15/vs_ground_truth/contingency_table.csv
2021,mclust,EEE,9,151671,15,0.1801,https://users.wenglab.org/kresgeb/cluster-comparisons/results/comparisons/2021/mclust/EEE/k=9/151671/PCs=15/vs_ground_truth/contingency_table.csv
2021,mclust,EEE,16,151671,15,0.2013,https://users.wenglab.org/kresgeb/cluster-comparisons/results/comparisons/2021/mclust/EEE/k=16/151671/PCs=15/vs_ground_truth/contingency_table.csv
2021,mclust,EEE,7,151672,15,0.36,https://users.wenglab.org/kresgeb/cluster-comparisons/results/comparisons/2021/mclust/EEE/k=7/151672/PCs=15/vs_ground_truth/contingency_table.csv
2021,mclust,EEE,9,151672,15,0.2553,https://users.wenglab.org/kresgeb/cluster-comparisons/results/comparisons/2021/mclust/EEE/k=9/151672/PCs=15/vs_ground_truth/contingency_table.csv
2021,mclust,EEE,16,151672,15,0.2306,https://users.wenglab.org/kresgeb/cluster-comparisons/results/comparisons/2021/mclust/EEE/k=16/151672/PCs=15/vs_ground_truth/contingency_table.csv
2021,mclust,EEE,7,151673,15,0.3846,https://users.wenglab.org/kresgeb/cluster-comparisons/results/comparisons/2021/mclust/EEE/k=7/151673/PCs=15/vs_ground_truth/contingency_table.csv
2021,mclust,EEE,9,151673,15,0.3875,https://users.wenglab.org/kresgeb/cluster-comparisons/results/comparisons/2021/mclust/EEE/k=9/151673/PCs=15/vs_ground_truth/contingency_table.csv
2021,mclust,EEE,16,151673,15,0.3197,https://users.wenglab.org/kresgeb/cluster-comparisons/results/comparisons/2021/mclust/EEE/k=16/151673/PCs=15/vs_ground_truth/contingency_table.csv
2021,mclust,EEE,7,151674,15,0.3712,https://users.wenglab.org/kresgeb/cluster-comparisons/results/comparisons/2021/mclust/EEE/k=7/151674/PCs=15/vs_ground_truth/contingency_table.csv
2021,mclust,EEE,9,151674,15,0.3073,https://users.wenglab.org/kresgeb/cluster-comparisons/results/comparisons/2021/mclust/EEE/k=9/151674/PCs=15/vs_ground_truth/contingency_table.csv
2021,mclust,EEE,16,151674,15,0.2636,https://users.wenglab.org/kresgeb/cluster-comparisons/results/comparisons/2021/mclust/EEE/k=16/151674/PCs=15/vs_ground_truth/contingency_table.csv
2021,mclust,EEE,7,151675,15,0.2304,https://users.wenglab.org/kresgeb/cluster-comparisons/results/comparisons/2021/mclust/EEE/k=7/151675/PCs=15/vs_ground_truth/contingency_table.csv
2021,mclust,EEE,9,151675,15,0.337,https://users.wenglab.org/kresgeb/cluster-comparisons/results/comparisons/2021/mclust/EEE/k=9/151675/PCs=15/vs_ground_truth/contingency_table.csv
2021,mclust,EEE,16,151675,15,0.3137,https://users.wenglab.org/kresgeb/cluster-comparisons/results/comparisons/2021/mclust/EEE/k=16/151675/PCs=15/vs_ground_truth/contingency_table.csv
2021,mclust,EEE,7,151676,15,0.3684,https://users.wenglab.org/kresgeb/cluster-comparisons/results/comparisons/2021/mclust/EEE/k=7/151676/PCs=15/vs_ground_truth/contingency_table.csv
2021,mclust,EEE,9,151676,15,0.2778,https://users.wenglab.org/kresgeb/cluster-comparisons/results/comparisons/2021/mclust/EEE/k=9/151676/PCs=15/vs_ground_truth/contingency_table.csv
2021,mclust,EEE,16,151676,15,0.2784,https://users.wenglab.org/kresgeb/cluster-comparisons/results/comparisons/2021/mclust/EEE/k=16/151676/PCs=15/vs_ground_truth/contingency_table.csv
2024,mclust,EEE,7,Br6522_ant,15,0.3722,https://users.wenglab.org/kresgeb/cluster-comparisons/results/comparisons/2024/mclust/EEE/k=7/Br6522_ant/PCs=15/vs_ground_truth/contingency_table.csv
2024,mclust,EEE,9,Br6522_ant,15,0.347,https://users.wenglab.org/kresgeb/cluster-comparisons/results/comparisons/2024/mclust/EEE/k=9/Br6522_ant/PCs=15/vs_ground_truth/contingency_table.csv
2024,mclust,EEE,16,Br6522_ant,15,0.26,https://users.wenglab.org/kresgeb/cluster-comparisons/results/comparisons/2024/mclust/EEE/k=16/Br6522_ant/PCs=15/vs_ground_truth/contingency_table.csv
2024,mclust,EEE,7,Br6522_mid,15,0.271,https://users.wenglab.org/kresgeb/cluster-comparisons/results/comparisons/2024/mclust/EEE/k=7/Br6522_mid/PCs=15/vs_ground_truth/contingency_table.csv
2024,mclust,EEE,9,Br6522_mid,15,0.2748,https://users.wenglab.org/kresgeb/cluster-comparisons/results/comparisons/2024/mclust/EEE/k=9/Br6522_mid/PCs=15/vs_ground_truth/contingency_table.csv
2024,mclust,EEE,16,Br6522_mid,15,0.2633,https://users.wenglab.org/kresgeb/cluster-comparisons/results/comparisons/2024/mclust/EEE/k=16/Br6522_mid/PCs=15/vs_ground_truth/contingency_table.csv
2024,mclust,EEE,7,Br8667_post,15,0.2844,https://users.wenglab.org/kresgeb/cluster-comparisons/results/comparisons/2024/mclust/EEE/k=7/Br8667_post/PCs=15/vs_ground_truth/contingency_table.csv
2024,mclust,EEE,9,Br8667_post,15,0.2683,https://users.wenglab.org/kresgeb/cluster-comparisons/results/comparisons/2024/mclust/EEE/k=9/Br8667_post/PCs=15/vs_ground_truth/contingency_table.csv
2024,mclust,EEE,16,Br8667_post,15,0.2167,https://users.wenglab.org/kresgeb/cluster-comparisons/results/comparisons/2024/mclust/EEE/k=16/Br8667_post/PCs=15/vs_ground_truth/contingency_table.csv
