"barcode","spatialLIBD"
"AAACAAGTATCTCCCA-1","L4"
"AAACACCAATAACTGC-1","L6"
"AAACAGAGCGACTCCT-1","L3"
"AAACAGCTTTCAGAAG-1","L4"
"AAACAGGGTCTATATT-1","L5"
"AAACATTTCCCGGATT-1","L5"
"AAACCCGAACGAAATC-1","L3"
"AAACCGGAAATGTTAA-1","L3"
"AAACCGGGTAGGTACC-1","L5"
"AAACCGTTCGTCCAGG-1","L6"
"AAACCTAAGCAGCCGG-1","WM"
"AAACCTCATGAAGTTG-1","L3"
"AAACGAAGAACATACC-1","L3"
"AAACGAGACGGTTGAT-1","L3"
"AAACTCGGTTCGCAAT-1","WM"
"AAACTCGTGATATAAG-1","L3"
"AAACTGCTGGCTCCAA-1","L5"
"AAACTTAATTGCACGC-1","L6"
"AAACTTGCAAACGTAT-1","L5"
"AAAGACCCAAGTCGCG-1","L3"
"AAAGACTGGGCGCTTT-1","L3"
"AAAGCTTGCCTACATA-1","L3"
"AAAGGCCCTATAATAC-1","L6"
"AAAGGCTACGGACCAT-1","WM"
"AAAGGCTCTCGCGCCG-1","L6"
"AAAGGGATGTAGCAAG-1","L3"
"AAAGGGCAGCTTGAAT-1","L3"
"AAAGTAGCATTGCTCA-1","L5"
"AAAGTCACTGATGTAA-1","L3"
"AAAGTCGACCCTCAGT-1","L3"
"AAAGTGTGATTTATCT-1","L3"
"AAAGTTGACTCCCGTA-1","L3"
"AAATAACCATACGGGA-1","L3"
"AAATAAGGTAGTGCCC-1","L3"
"AAATACCTATAAGCAT-1","L5"
"AAATAGCTTAGACTTT-1","L3"
"AAATAGGGTGCTATTG-1","L5"
"AAATCGTGTACCACAA-1","L5"
"AAATCTAGCCCTGCTA-1","L5"
"AAATGATTCGATCAGC-1","L3"
"AAATGCTCGTTACGTT-1","L3"
"AAATGGCATGTCTTGT-1","L3"
"AAATGGCCCGTGCCCT-1","L5"
"AAATGGTCAATGTGCC-1","L3"
"AAATGTATCTTATCCC-1","L3"
"AAATTAACGGGTAGCT-1","L3"
"AAATTACACGACTCTG-1","L3"
"AAATTACCTATCGATG-1","L3"
"AAATTCCAGGTCCAAA-1","L3"
"AAATTGATAGTCCTTT-1","L6"
"AAATTTACCGAAATCC-1","L3"
"AAATTTGCGGGTGTGG-1","L5"
"AACAACTGGTAGTTGC-1","L3"
"AACAATACATTGTCGA-1","WM"
"AACAATTACTCTACGC-1","L3"
"AACACACGCTCGCCGC-1","L5"
"AACACGACTGTACTGA-1","L3"
"AACACGAGACGCGGCC-1","L5"
"AACACGCGGCCGCGAA-1","L3"
"AACAGCTGTGTGGCAA-1","L6"
"AACAGGAAATCGAATA-1","L3"
"AACAGGATGGGCCGCG-1","L3"
"AACAGGTAGTATGGAT-1","L3"
"AACATATCAACTGGTG-1","L3"
"AACATTGTGACTCGAG-1","WM"
"AACCAAGACTTCTCTG-1","L3"
"AACCAGTATCACTCTT-1","L3"
"AACCATGGGATCGCTA-1","L3"
"AACCCAGAGACGGAGA-1","L3"
"AACCCATCCCATGATC-1","L5"
"AACCCGAGCAGAATCG-1","L5"
"AACCCTACTGTCAATA-1","L3"
"AACCCTGGTGGAACCA-1","L3"
"AACCGAGCTTGGTCAT-1","L3"
"AACCGCTAAGGGATGC-1","L4"
"AACCGTTGTGTTTGCT-1","L3"
"AACCTCGCTTTAGCCC-1","L6"
"AACCTGTCACGGAATT-1","L3"
"AACCTTTAAATACGGT-1","L6"
"AACCTTTACGACGTCT-1","L3"
"AACGAAAGTCGTCCCA-1","L5"
"AACGATAATGCCGTAG-1","L5"
"AACGATAGAAGGGCCG-1","L3"
"AACGATATGTCAACTG-1","L3"
"AACGCATGATCTGGGT-1","L3"
"AACGCGAACGGCAACA-1","L3"
"AACGCGGTCTCCAGCC-1","L3"
"AACGCTGTTGCTGAAA-1","L5"
"AACGGACGTACGTATA-1","L5"
"AACGGCCATCTCCGGT-1","L5"
"AACGTACTGTGGGTAC-1","L5"
"AACGTCAGACTAGTGG-1","L3"
"AACGTGATGAAGGACA-1","L3"
"AACGTGCGAAAGTCTC-1","L3"
"AACGTTATCAGCACCT-1","L3"
"AACTACCCGTTTGTCA-1","L3"
"AACTAGGCTTGGGTGT-1","L6"
"AACTCAAGTTAATTGC-1","L4"
"AACTCCAGAGCGTGTT-1","L5"
"AACTCCTAATCCCATG-1","L3"
"AACTCGATGGCGCAGT-1","L3"
"AACTCTCAATAGAGCG-1","L3"
"AACTCTCAGTGTGCTC-1","L6"
"AACTGAGTTATACTGA-1","L3"
"AACTGATATTAGGCCT-1","L3"
"AACTGGGTCCCGACGT-1","L3"
"AACTGGGTTCGAGCCG-1","L3"
"AACTGGTGTGGGCCTT-1","L3"
"AACTTCTGCGTCTATC-1","L3"
"AACTTGCCCGTATGCA-1","L3"
"AACTTGCGTTCTCGCG-1","L3"
"AACTTTAGCTGCTGAG-1","L3"
"AACTTTCTCGATCATG-1","L3"
"AAGAAATCACCAGATT-1","L3"
"AAGAAGGATCAGTTAG-1","L3"
"AAGACCCAACTGAACA-1","WM"
"AAGACTGCAAGCTACT-1","L3"
"AAGAGATGAATCGGTA-1","L3"
"AAGAGCTCTTTATCGG-1","L3"
"AAGAGGATGTACGCGA-1","L4"
"AAGAGGCATGGATCGC-1","L3"
"AAGAGGCCCTTTGGAA-1","L5"
"AAGATGGCACCGGACC-1","WM"
"AAGATTGGCGGAACGT-1","L3"
"AAGCACCCTGCGTATC-1","L6"
"AAGCATACTCTCCTGA-1","L6"
"AAGCCGAAGCGGTTTA-1","L3"
"AAGCCGCCGTGAAATC-1","L6"
"AAGCCGCTTTACCTTG-1","L3"
"AAGCGGCGTCATGGGT-1","L3"
"AAGCGTCCCTCATCGA-1","L6"
"AAGCTAGATCGAGTAA-1","L5"
"AAGCTCGTGCCAAGTC-1","L3"
"AAGCTCTTTCATGGTG-1","L6"
"AAGGAGAACTTATAAG-1","L3"
"AAGGAGCGGTTGGTGC-1","L3"
"AAGGATCGATCGCTTG-1","L3"
"AAGGATGAGGGACCTC-1","L3"
"AAGGCAGGCTGTCTCC-1","L3"
"AAGGCGCGTAAAGCTT-1","L3"
"AAGGCTGTGCTCATCG-1","L3"
"AAGGGAACGACTGGCT-1","L6"
"AAGGGACAGATTCTGT-1","L3"
"AAGGGACTATGCATTC-1","L6"
"AAGGTATCCTAATATA-1","L3"
"AAGGTGATAAACCAGC-1","L3"
"AAGTAGAAGACCGGGT-1","L3"
"AAGTAGTGACGCGAGG-1","L3"
"AAGTCAATTGTCGTCA-1","L3"
"AAGTCTAGTAGCTGCC-1","L3"
"AAGTGACGACCGAATT-1","L5"
"AAGTGAGTCGGGTTTA-1","WM"
"AAGTGCAAAGGTAGAC-1","L3"
"AAGTGCCTTGACTGTA-1","L3"
"AAGTGCGTTAGAATCT-1","L5"
"AAGTGTTTGGAGACGG-1","L5"
"AAGTTCACTCCAAGCT-1","L5"
"AAGTTCAGTCTGCGTA-1","L3"
"AAGTTCGGCCAACAGG-1","L5"
"AAGTTTACTAATGGCA-1","L3"
"AATAACAACGCTCGGC-1","L3"
"AATAACACTAGAACAA-1","L6"
"AATAAGTCCTCGAGAC-1","L3"
"AATAATCTTCGTATCG-1","L3"
"AATACAATGTTTCAGG-1","L3"
"AATAGAACAGAGTGGC-1","L6"
"AATAGAATCTGTTTCA-1","L5"
"AATAGCTACCGCGTGC-1","L3"
"AATAGTCCGTCCCGAC-1","L6"
"AATAGTCGCGAGTCGG-1","L3"
"AATATCAAGGTCGGAT-1","L3"
"AATATCGAATCAATGC-1","L3"
"AATATCGAGGGTTCTC-1","L3"
"AATATTGGAGTATTGA-1","L3"
"AATCATGTAAAGACTC-1","L5"
"AATCCAAGGGCCTGAG-1","L3"
"AATCCATGCAAGGGTG-1","L3"
"AATCGCCTCAGCGCCA-1","L3"
"AATCGCGCAGAGGACT-1","L3"
"AATCGGGACACTACGA-1","L3"
"AATCTAGGTTTACTTG-1","L5"
"AATCTATGCCGGAGCC-1","L3"
"AATCTCTACTGTGGTT-1","L3"
"AATCTGCGTTGGGACG-1","L3"
"AATCTGGCTTTCTAGT-1","L5"
"AATCTGGGTAGACCCT-1","L3"
"AATGACAGCAATGTCT-1","L5"
"AATGACGTAGGATGTC-1","L4"
"AATGACTGTCAGCCGG-1","L3"
"AATGAGTTCGCATATG-1","L3"
"AATGATGATACGCTAT-1","L3"
"AATGATGCGACTCCTG-1","L3"
"AATGCAACCGGGTACC-1","L3"
"AATGCACCAAGCAATG-1","L3"
"AATGGTCCACCGTTCA-1","L3"
"AATGGTTCTCACAAGC-1","L3"
"AATGTGCCCGAGGTGT-1","L6"
"AATGTGCTAATCTGAG-1","WM"
"AATTAAAGGTCGGCGT-1","L4"
"AATTAACGGATTTCCA-1","WM"
"AATTAGCGCTGCAGCG-1","L5"
"AATTCATAAGGGATCT-1","L3"
"AATTCATTGTCATGCA-1","L6"
"AATTCCAAGCATGTAC-1","WM"
"AATTCTAGAGTTAGGC-1","L5"
"AATTGAACGCTCTGGT-1","L4"
"AATTTGGGACATAGTA-1","L3"
"AATTTGGTTCCAAAGA-1","L3"
"ACAAACCATGCGTCCT-1","L6"
"ACAAAGCATGACCTAG-1","L6"
"ACAAATCGCACCGAAT-1","L5"
"ACAAATGGTAGTGTTT-1","L4"
"ACAAATTCAGATCTGA-1","L3"
"ACAACAGCATGAGCTA-1","L3"
"ACAACGGTCCCTGCGA-1","L3"
"ACAAGCAGTGCCTAGC-1","L3"
"ACAAGCTATATGGAAG-1","L3"
"ACAAGGAAATCCGCCC-1","L5"
"ACAAGGACAAGAGGTT-1","L3"
"ACAAGGATGCTTTAGG-1","L6"
"ACAAGGCCTACCAGCC-1","L3"
"ACAAGGGCAGGCTCTG-1","L4"
"ACAATAGTCGTACGTT-1","L4"
"ACAATCCATTTAAACC-1","L3"
"ACAATCGATCTTTATA-1","L3"
"ACAATGAATACGGAGA-1","L6"
"ACAATTGTGTCTCTTT-1","L5"
"ACAATTTAGGAGGCTC-1","L3"
"ACAATTTGAGCAGTGG-1","L3"
"ACAATTTGGCCATATT-1","L3"
"ACACAAAGACGGGTGG-1","L3"
"ACACACCAGGACCAGT-1","L3"
"ACACACTTTCTACACG-1","L3"
"ACACATGATCAAATCT-1","L6"
"ACACCACATAATTAGC-1","L3"
"ACACCCAGCATGCAGC-1","L3"
"ACACCCGAGAAATCCG-1","L3"
"ACACCGGTCTGACCGC-1","L6"
"ACACCTTAAGTAGGGC-1","L3"
"ACACCTTACTACTTGC-1","L3"
"ACACGAGACTCCTTCT-1","L3"
"ACACGGCACTATGCAT-1","L3"
"ACACGGGAACTTAGGG-1","L3"
"ACACGTAGGCCACAAG-1","L5"
"ACACTCCAATGTCACT-1","L3"
"ACACTGATCAAGGTGT-1","L6"
"ACACTGGGACAGTCGT-1","L5"
"ACAGAACTGAGAACAA-1","L5"
"ACAGATTAGGTTAGTG-1","L3"
"ACAGCATAGAGCCAGT-1","L3"
"ACAGCGACATTCTCAT-1","L5"
"ACAGCGCACCCGCAGC-1","L3"
"ACAGGCTTGCCCGACT-1","L5"
"ACAGGTGGAGGTGAGG-1","L5"
"ACAGGTGTGTTGTTGC-1","L3"
"ACAGTAATACAACTTG-1","L5"
"ACAGTATACCGTGGGA-1","L3"
"ACATAAGTCGTGGTGA-1","L6"
"ACATAATAAGGCGGTG-1","L3"
"ACATCAGCTGGGACGC-1","L3"
"ACATCCCGGCCATACG-1","L6"
"ACATCCTGGTAACTGT-1","L3"
"ACATCGATCGTTTACC-1","L4"
"ACATCGGTCAGCCGCG-1","L5"
"ACATCGTATGCAATGG-1","L4"
"ACATCGTTAACCTAGT-1","L3"
"ACATCTCAACGCGTAA-1","L3"
"ACATGGCGCCAAAGTA-1","L3"
"ACATTAGTTTATATCC-1","L6"
"ACCAAACTAGAAATCC-1","L3"
"ACCAACACCACACACT-1","L3"
"ACCAACGCTTATTTAT-1","L6"
"ACCAAGAACGCGTGTC-1","L3"
"ACCAATATGCAAGTTA-1","L6"
"ACCACAACTCAGAACA-1","L3"
"ACCACAAGTTTCTATC-1","L3"
"ACCACCAATGTAACAA-1","L3"
"ACCACCCTCTCTTCTA-1","L3"
"ACCACGTGCAGCTATA-1","L5"
"ACCAGACCATAACAAC-1","L3"
"ACCAGCCCGGTCTTTG-1","L3"
"ACCAGTGCCCGGTCAA-1","L3"
"ACCAGTGCGGGAGACG-1","L4"
"ACCATATCCGCAATAA-1","L4"
"ACCATCCGCCAACTAG-1","L4"
"ACCATCGTATATGGTA-1","L5"
"ACCCAACGCCCGTGGC-1","L3"
"ACCCACCTACATGCTC-1","L3"
"ACCCATCTTGAGGGTA-1","L4"
"ACCCATTTGTCCCTCT-1","L5"
"ACCCGAGCGAAATTAC-1","L6"
"ACCCGGAAACTCCCAG-1","L6"
"ACCCGGATGACGCATC-1","L3"
"ACCCGGTTACACTTCC-1","L5"
"ACCCGTGTCATCAGTA-1","WM"
"ACCCTATAGGACTGAG-1","L3"
"ACCCTATGCCATATCG-1","L6"
"ACCCTCCCTTGCTATT-1","L5"
"ACCCTGGTAACGCCCT-1","L3"
"ACCCTTCATCTGCGAA-1","L3"
"ACCCTTGCCTGGGTCG-1","L3"
"ACCCTTTAGTTCTCCA-1","L3"
"ACCGAAAGGGCCCTGC-1","L3"
"ACCGAAGAGTCTGGTT-1","L5"
"ACCGACACATCTCCCA-1","WM"
"ACCGACTGAGTCCCAC-1","L3"
"ACCGATATTTAATCAT-1","L4"
"ACCGATGGTAGCATCG-1","L3"
"ACCGCAATAACTGCCT-1","L5"
"ACCGCGGTGGAAGTCG-1","L3"
"ACCGGGCCTTTGTTGA-1","L3"
"ACCGGTCAGGTACACC-1","L6"
"ACCGGTCTGAGTACGG-1","L3"
"ACCGTGACCACGTGGG-1","WM"
"ACCGTTCCCGCTCTGA-1","L3"
"ACCTAAGTACCTTTCA-1","L5"
"ACCTAATCGACTTCCT-1","L3"
"ACCTACAGTATGTGGT-1","L3"
"ACCTCCGCCCTCGCTG-1","L5"
"ACCTCCGTTATTCACC-1","L3"
"ACCTCGAACTTATGCT-1","L6"
"ACCTGCGTGTCATGTT-1","L5"
"ACGAAATGGGCGGCAC-1","L3"
"ACGACTGGTCATACTC-1","WM"
"ACGAGAACCCATCACG-1","L3"
"ACGAGATATTTGCTTA-1","L3"
"ACGAGGATACCACTCT-1","L5"
"ACGAGGTTTACAACGT-1","L5"
"ACGAGTACGGATGCCC-1","L3"
"ACGATACATAGAACTA-1","L3"
"ACGATCATACATAGAG-1","L3"
"ACGATCATCTTGTAAA-1","L3"
"ACGATGCATATGTTAT-1","L4"
"ACGATGGATCCGATGC-1","L3"
"ACGCAAACTAATAGAT-1","WM"
"ACGCAATCACTACAGC-1","L3"
"ACGCATACGTTTACTA-1","L5"
"ACGCATTCGTGAGTAC-1","L3"
"ACGCCAGATGATTTCT-1","L3"
"ACGCCCAGCTGTCGAT-1","L3"
"ACGCCGCTAGACGACC-1","L4"
"ACGCGAAGTCAGACGA-1","L5"
"ACGCGCTACACAGGGT-1","L5"
"ACGCGGGCCAAGGACA-1","L3"
"ACGCGTTTCTTAAGAG-1","L3"
"ACGCTAGTGATACACT-1","L3"
"ACGCTGTGAGGCGTAG-1","L3"
"ACGGAATTTAGCAAAT-1","L3"
"ACGGACTCTCAAAGCG-1","WM"
"ACGGAGCGCAAATTAC-1","L3"
"ACGGATGGTGCGGATA-1","L6"
"ACGGCACTTGCTTGGG-1","L6"
"ACGGCCAACATGGACT-1","L6"
"ACGGCGACGATGGGAA-1","L5"
"ACGGCTGGATGTAGAA-1","L6"
"ACGGGAGTGTCGGCCC-1","L5"
"ACGGGCGTATGCGACA-1","L3"
"ACGTACAGATTTCTCT-1","L3"
"ACGTAGATTGCTGATG-1","L3"
"ACGTATTACTCCGATC-1","L3"
"ACGTGCGCCTCGTGCA-1","L3"
"ACGTTAATGTCGAAGA-1","L4"
"ACGTTAGATTTGCCCG-1","L4"
"ACGTTATTGGTCACTC-1","L3"
"ACGTTCCGCGCTCCGT-1","L3"
"ACGTTCGCAATCAATT-1","L3"
"ACGTTCGTTCAGGAAA-1","WM"
"ACGTTTAGTTGTGATC-1","L3"
"ACTAATACGTCAGGCG-1","L3"
"ACTACATCCCGACAAG-1","L6"
"ACTACCAGCTCTCTGG-1","L3"
"ACTACGCGTTAGAATT-1","WM"
"ACTAGTTGCGATCGTC-1","L4"
"ACTATCCAGGGCATGG-1","L3"
"ACTATCTGCCCGCGTA-1","L4"
"ACTATGTCCAGCTGCC-1","L6"
"ACTATTCGTCCGTGGT-1","L3"
"ACTATTTCCGGGCCCA-1","WM"
"ACTCAACGAATGTATT-1","L3"
"ACTCAAGTGCAAGGCT-1","L6"
"ACTCAATAAAGGCACG-1","L3"
"ACTCAGACCTGCTTCT-1","L3"
"ACTCCAATATCATCAT-1","WM"
"ACTCCCATTCCTAAAG-1","L5"
"ACTCCCGAATTCGTTT-1","L3"
"ACTCCCGTAGACTAGG-1","L3"
"ACTCCCTAATGCTAAA-1","L6"
"ACTCCCTAGAATAGTA-1","L5"
"ACTCGATGTATTTCAT-1","L3"
"ACTCGTAACCCGTCCT-1","L5"
"ACTCGTCAGTAATCCC-1","L3"
"ACTCTAAACCTGGGAT-1","L3"
"ACTCTCTGACTTAGGT-1","L3"
"ACTCTCTTATACACGA-1","L3"
"ACTCTTCAGCTCCCGC-1","L3"
"ACTCTTGTATAGTAAC-1","L3"
"ACTGAAACGCCGTTAG-1","L5"
"ACTGAATGGCGAAAGT-1","L4"
"ACTGATTTAGTGATTC-1","L3"
"ACTGCCGTCGTAACTC-1","L3"
"ACTGCGGACACACCGT-1","L3"
"ACTGCTCGGAAGGATG-1","L5"
"ACTGTACGATACACAT-1","L3"
"ACTGTAGCACTTTGGA-1","L3"
"ACTGTATACGCGAGCA-1","L3"
"ACTGTCCAGGATTATA-1","L3"
"ACTGTCTTCTTTAGAA-1","L3"
"ACTGTGCTAGTAGATC-1","L3"
"ACTGTTTAGTGTAGGC-1","L3"
"ACTTACCGGGCGCGCA-1","L3"
"ACTTACGCATCCACGC-1","L6"
"ACTTAGTACGACAAGA-1","L3"
"ACTTATACTTACCCGG-1","L3"
"ACTTATTAGGATCGGT-1","L4"
"ACTTATTTATGTGCCA-1","L4"
"ACTTCAGGCTGATCCC-1","L5"
"ACTTCCATGCGGGACA-1","L6"
"ACTTCGCCATACGCAC-1","L3"
"ACTTCGCTAGCGAGTG-1","L3"
"ACTTGACTCCCTCTTT-1","L4"
"ACTTGCCATATTGTAC-1","L3"
"ACTTGGGACCCGGTGG-1","L3"
"ACTTGTAGTCCCTTCA-1","L4"
"ACTTGTGGATGGAACG-1","L4"
"ACTTTACCCTCATGAA-1","L3"
"ACTTTCCTATAGCTTC-1","L3"
"ACTTTGACTGCATCCT-1","L3"
"ACTTTGGTCGTGCTCC-1","L6"
"ACTTTGTCGACGCACT-1","L4"
"AGAAATTATGACTCGC-1","L4"
"AGAACCCAGCGTGACA-1","L3"
"AGAACCCTCAATTGGG-1","L6"
"AGAACGTGGTACATTC-1","L3"
"AGAAGAGCGCCGTTCC-1","L3"
"AGAAGGTACACTTCAC-1","L5"
"AGAAGGTTGCCGAATT-1","L5"
"AGAAGGTTGTAGGTCG-1","WM"
"AGAAGTGATTCGTGAT-1","L5"
"AGAATAAATCTTCAGG-1","L3"
"AGAATTATGGATTCGA-1","L3"
"AGAATTGTTTGACATA-1","L3"
"AGACAGCTCAGAATCC-1","L3"
"AGACATAGATCCTTCC-1","L3"
"AGACCAAACCACACCT-1","L5"
"AGACCATGGGATACAA-1","L3"
"AGACCCACCGCTGATC-1","L5"
"AGACCCGCCCTCCTCG-1","L3"
"AGACCGCTCCGCGGTT-1","L4"
"AGACCGGGAAACCCTG-1","L4"
"AGACGAAGTGCCGGTC-1","L4"
"AGACGACGATGCCGCT-1","L6"
"AGACGGGCCGATTTAA-1","L3"
"AGACTAGCCTTCCAGA-1","L3"
"AGACTGTTACCGGGTC-1","WM"
"AGAGAACCGTCTAGGA-1","L3"
"AGAGAAGGAGTACAAT-1","L6"
"AGAGATCTCTAAAGCG-1","L4"
"AGAGCAGTTATGAGAC-1","L3"
"AGAGCCGCCGAGATTT-1","L5"
"AGAGCGGGCTAATCAT-1","L3"
"AGAGCGTACAAGCTCG-1","L3"
"AGAGCTACGAAAGCAT-1","L3"
"AGAGGCTTCGGAAACC-1","L4"
"AGAGTAAACTTCACTA-1","L3"
"AGAGTATAGTGTTACG-1","L3"
"AGAGTTAGAGACCGAT-1","L3"
"AGATAACTTCAGGGCC-1","L3"
"AGATACCGGTGTTCAC-1","L5"
"AGATACGACTTCATAT-1","L3"
"AGATACTCAAGATCGA-1","L4"
"AGATATAATACGACTA-1","WM"
"AGATCGTGCATAAGAT-1","L3"
"AGATCTCAGGTGTGAT-1","L3"
"AGATGACTCGCCCACG-1","L3"
"AGATGAGGGTTGCGAT-1","L3"
"AGATGATGGAGTCTGG-1","L3"
"AGATGCAAGACGTGCA-1","L6"
"AGATTATAGGACGTTT-1","L3"
"AGATTCACAACCGATA-1","L5"
"AGCAAAGGCCGCTAGT-1","WM"
"AGCAACATATCTTATT-1","L3"
"AGCAACCGAAAGTAAT-1","L6"
"AGCACCAGTACTCACG-1","L3"
"AGCACTACCGGCCTGT-1","L3"
"AGCACTACCTCACCAG-1","L5"
"AGCACTTAAGGACGCC-1","L3"
"AGCAGAAGGAGAAAGA-1","WM"
"AGCAGCCAGATGAATA-1","L6"
"AGCATATCAATATGCT-1","L5"
"AGCATCATTTCGAAAG-1","L5"
"AGCATCGTCGATAATT-1","L3"
"AGCCAAGCTTTGTGTC-1","WM"
"AGCCACAGGTTACCCG-1","L6"
"AGCCACTCCCGTGCTT-1","L3"
"AGCCCATACATGTAAG-1","L5"
"AGCCCGGCATTAGAGG-1","WM"
"AGCCCGGTAGCCTGTA-1","WM"
"AGCCCTAAGCGAAGTT-1","L3"
"AGCCCTGTCGCACCGT-1","L3"
"AGCCCTTCTAATCCGA-1","L3"
"AGCCCTTGGACATCCC-1","L5"
"AGCCGCAAATTCAAAT-1","L3"
"AGCCGTGGCTAAATGT-1","L5"
"AGCCTAATACCCACGT-1","L5"
"AGCCTTAAAGCGGAAG-1","L3"
"AGCGACAGGAACGGTC-1","L5"
"AGCGACATCCCATTCA-1","L3"
"AGCGACCAACGATATT-1","L3"
"AGCGCATAATGAATCG-1","L6"
"AGCGCGGGTGCCAATG-1","L3"
"AGCGCTAGAGCGATGT-1","L3"
"AGCGCTTATGGGCAAG-1","L3"
"AGCGGACACTTCGTAG-1","WM"
"AGCGGCGGTTAGCGGT-1","L5"
"AGCGGGAAGGGTCCAT-1","L3"
"AGCGGGTCTGACACTC-1","WM"
"AGCGGTTGCCGCTCTG-1","L3"
"AGCGTACGAGAGCTAG-1","L3"
"AGCGTCTGAACCCGCA-1","L3"
"AGCGTGGTATTCTACT-1","L5"
"AGCGTTCCGATTTAAA-1","L3"
"AGCTAACAAGCAATGT-1","WM"
"AGCTAAGTACGCAGGC-1","L6"
"AGCTAGAAGCAGAAGT-1","L3"
"AGCTATTTAATCCAAC-1","L3"
"AGCTCCATATATGTTC-1","L5"
"AGCTCCTTCGCACATC-1","L5"
"AGCTCTAGACGTTCCA-1","L3"
"AGCTCTTCCCAGTGCA-1","L3"
"AGCTCTTCGTAACCTT-1","L3"
"AGCTCTTTACTCAGTT-1","L5"
"AGCTGAAGTAAACCAA-1","L3"
"AGCTGTAACCTCAATC-1","L6"
"AGCTTATAGAGACCTG-1","L3"
"AGCTTGATCTTAACTT-1","L4"
"AGGAAGCTGTCCGCCG-1","WM"
"AGGACAGTCGAATCCC-1","L3"
"AGGACATCGCACGTCG-1","L3"
"AGGACGACCCATTAGA-1","L5"
"AGGACGCTCGATGTTG-1","L3"
"AGGAGACATCCACAGT-1","L3"
"AGGAGAGTCTGGCTAC-1","L3"
"AGGAGGCCTTCGCGCG-1","L5"
"AGGATAAAGTCGGGAT-1","L6"
"AGGATATAGGGATTTA-1","L3"
"AGGATCACGCGATCTG-1","L5"
"AGGATTGCTTACGACA-1","L3"
"AGGCACGTGACTGTCC-1","L5"
"AGGCAGATGCGTAAAC-1","L3"
"AGGCAGGGAGCGTACT-1","WM"
"AGGCATTGTCGTAGGG-1","L4"
"AGGCCACCCGTTATGA-1","L3"
"AGGCCCATTGTACAGG-1","L3"
"AGGCCCTAGAACGCCA-1","L5"
"AGGCCTGAGAATCTCG-1","L6"
"AGGCGATAACTGGCGT-1","L4"
"AGGCGGTTTGTCCCGC-1","L6"
"AGGCTATGGTTAGCTT-1","L3"
"AGGCTTCCCGAAGAAG-1","L5"
"AGGCTTGCTAGACACC-1","L3"
"AGGGAAACGAGGTACT-1","L3"
"AGGGACCGGCTGCGTT-1","L3"
"AGGGACTCTACGCGAC-1","L6"
"AGGGAGACATACTTCG-1","L3"
"AGGGCAGCGGCGTGGT-1","L3"
"AGGGCGAGCAGCTGAT-1","L5"
"AGGGCGTGATCGGCTA-1","L3"
"AGGGCTGCAGTTACAG-1","L3"
"AGGGTCGATGCGAACT-1","L3"
"AGGGTGCCGTTCTTTA-1","WM"
"AGGGTGCTCTCGAGGG-1","L3"
"AGGGTGGATAGTGCAT-1","L3"
"AGGGTTCCCTTTGGTT-1","L3"
"AGGGTTTAGTTCGGGA-1","L3"
"AGGTAACCTCCTATTC-1","L3"
"AGGTACGATATTGCCA-1","L3"
"AGGTAGATCGAGATAT-1","WM"
"AGGTAGGTACAAAGCT-1","L3"
"AGGTATAATTGATAGT-1","L3"
"AGGTATGCGGACATTA-1","L3"
"AGGTCAGGTGAGAGTG-1","L5"
"AGGTCGCGGAGTTACT-1","L3"
"AGGTGGTGACCTTCGC-1","WM"
"AGGTGTATCGCCATGA-1","L3"
"AGGTTACACCATGCCG-1","L3"
"AGGTTGAGGCACGCTT-1","L3"
"AGGTTTCACACACCTT-1","L4"
"AGTAACGTTCATCCTG-1","L3"
"AGTAATGTCTTGCCGC-1","L3"
"AGTACATCATTTATCA-1","L3"
"AGTACGGCCCGTATCG-1","L3"
"AGTACGGGCACCTGGC-1","L3"
"AGTACGTGGCCTGTCT-1","L3"
"AGTACTCTTATGCCCA-1","L5"
"AGTAGCGTGAACGAAC-1","L3"
"AGTAGCTAGACGCCGA-1","L3"
"AGTAGGAAGGAAGTTG-1","L3"
"AGTAGGTAACATACAT-1","L3"
"AGTATAATACTAGGCA-1","L3"
"AGTATACACAGCGACA-1","WM"
"AGTATGCTGGAGACCA-1","L6"
"AGTATTTGGCACGACC-1","WM"
"AGTCAACACCACCATC-1","L5"
"AGTCAAGATGACACTT-1","L4"
"AGTCACTAGCTCTCGA-1","L5"
"AGTCACTCCGCCTCAT-1","L3"
"AGTCAGCCACCGCCTG-1","L3"
"AGTCCATTGGCTGATG-1","L3"
"AGTCCCGCCTTTAATT-1","L3"
"AGTCCCTCGCAGAAAG-1","L3"
"AGTCGACGGTCTCAAG-1","L3"
"AGTCGGCCCAAACGAC-1","L3"
"AGTCGGCTCAACTTTA-1","L5"
"AGTCGGTTGCGTGAGA-1","L3"
"AGTCGTATAAAGCAGA-1","WM"
"AGTCGTCGACCACCAA-1","L5"
"AGTCGTGGGCATTACG-1","L5"
"AGTCTAAAGTATACTC-1","L3"
"AGTCTCACAAGACTAC-1","L6"
"AGTCTGGACATCCTTG-1","L3"
"AGTCTTCTCCTCAAAT-1","L3"
"AGTGAACAAACTTCTC-1","L3"
"AGTGAAGATGGTGTCC-1","L3"
"AGTGACCTACTTTACG-1","L5"
"AGTGACTGTGACACAA-1","WM"
"AGTGAGACTTCCAGTA-1","L3"
"AGTGAGCCTCGCCGCC-1","L3"
"AGTGAGGGTTTCTGAC-1","L3"
"AGTGATAACCTGCGCG-1","L6"
"AGTGATATGAGTAGTT-1","L5"
"AGTGATTCAAGCAGGA-1","L3"
"AGTGCACGCTTAAGAA-1","L5"
"AGTGCGTAGCTCGTAA-1","L5"
"AGTGCTAAACACAGCA-1","L6"
"AGTGCTTGCACGAATA-1","L3"
"AGTGGCGGCAATTTGA-1","L3"
"AGTGGCGTCTGAAGGT-1","L6"
"AGTGGCTCCGTCGGCC-1","L3"
"AGTGGTGTTACCCGTG-1","L5"
"AGTGTATTGCGCATTG-1","L3"
"AGTGTGGTCTATTGTG-1","L3"
"AGTTAAACACTTGCGA-1","L5"
"AGTTAAGCGGTCCCGG-1","L3"
"AGTTAAGTCAACCGCT-1","L5"
"AGTTACCCTTAAGACT-1","L3"
"AGTTACCGCACATGGT-1","L3"
"AGTTACTCTATCGTGG-1","L3"
"AGTTCACCGGTTGGAC-1","L3"
"AGTTCCTACAGAATTA-1","L3"
"AGTTCCTATTTATGTT-1","L5"
"AGTTCTGCGTTGTATC-1","L3"
"AGTTGACATCGGCTGG-1","L3"
"AGTTGACGGTCCTTGC-1","WM"
"AGTTGCTGACTGATAT-1","L3"
"AGTTTATGTAAAGACA-1","L3"
"AGTTTCGCAGGTCGGA-1","L3"
"AGTTTGCACCTGCCTC-1","L6"
"AGTTTGGCACGGGTTG-1","L4"
"AGTTTGGCCAGACCTA-1","L5"
"ATAAACGGACCCGTAA-1","L5"
"ATAAACGTTGCACCAC-1","L5"
"ATAAAGGCTCGGTCGT-1","L3"
"ATAAAGGTCAAGTACG-1","L3"
"ATAAATATTAGCAGCT-1","L4"
"ATAACGCCGGAGGGTC-1","L3"
"ATAACGGAGTCCAACG-1","L3"
"ATAAGGTGGAGAACAT-1","L5"
"ATAAGTAGGATTCAGA-1","L3"
"ATAAGTAGGGCGACTC-1","L3"
"ATAAGTTACCGCGACG-1","L5"
"ATAATACCGTTAGCCG-1","L3"
"ATAATAGCTGTTGAAT-1","L5"
"ATAATAGTGTAGGGAC-1","L3"
"ATAATCTTGGAGAACC-1","WM"
"ATAATTAGCTAAGTAG-1","WM"
"ATACAGGCCCTCCAAT-1","L6"
"ATACCACGGGCAACTT-1","L3"
"ATACCAGCAAATTGCT-1","L3"
"ATACCAGGCTAATAGA-1","L3"
"ATACCTAACCAAGAAA-1","WM"
"ATACGAAGGCTTTCCA-1","L3"
"ATACGCCGGCGAAACC-1","L3"
"ATACGGAACGTCGTTT-1","L6"
"ATACGGGTTTCGATTG-1","L3"
"ATACGGTGAAGATGCA-1","L3"
"ATACGTACTTAGCCAC-1","L5"
"ATACGTCCACTCCTGT-1","L4"
"ATACGTTATGCACGGA-1","WM"
"ATACTACCCGTACCAC-1","L5"
"ATACTAGCATGACCCT-1","L3"
"ATACTCTCGCCACTCT-1","L3"
"ATACTGCCTTACACCG-1","L6"
"ATACTTGTTCTCGAGC-1","L3"
"ATAGACAACGGGACCT-1","L3"
"ATAGACGAAGAGAAAG-1","L3"
"ATAGAGTACTGGGACA-1","L3"
"ATAGAGTTATCAACTT-1","L3"
"ATAGCAACTAGGGAAG-1","L5"
"ATAGCCTCAGTACCCA-1","L3"
"ATAGCTGCTCTTGTTA-1","L3"
"ATAGGAATCTAAGCTT-1","L3"
"ATAGGCGGCTATAGAA-1","L5"
"ATAGGCTAGCTTCGCA-1","L3"
"ATAGGGATATCCTTGA-1","L3"
"ATAGGTTGGGCAGATG-1","L3"
"ATAGTCTTTGACGTGC-1","L3"
"ATAGTGAAGCGTTCTC-1","L4"
"ATAGTTCCACCCACTC-1","L3"
"ATATAAAGCGCTCGTG-1","L6"
"ATATAAATGTAGCTGC-1","L6"
"ATATAGAGTATTGGTC-1","L6"
"ATATCAACCTACAGAG-1","L3"
"ATATCGGTAGGGAGAT-1","L3"
"ATATCGTTCCTCGAAC-1","L5"
"ATATCTCCCTCGTTAA-1","L3"
"ATATCTTAGGGCCTTC-1","L3"
"ATATGTCTCCCTAGCC-1","L3"
"ATATTCAGTTAAACCT-1","L5"
"ATATTCCACATAGTGA-1","L5"
"ATATTCCCACAGGTCA-1","L3"
"ATATTGCTGTCAAAGT-1","L3"
"ATATTTAACCCTCAAG-1","L3"
"ATCAAACACTGTTCCA-1","L3"
"ATCAAACGAAGGTTTG-1","L5"
"ATCAATCTGGGCTGCA-1","L3"
"ATCAATGCCGTGGCTG-1","L6"
"ATCACATTAGAATATC-1","L3"
"ATCACGTGCTAATTAA-1","L5"
"ATCACTTCATCCTCGC-1","L3"
"ATCAGACGGCACGCCG-1","L5"
"ATCAGCCTCATGCTGC-1","L5"
"ATCAGCTCGTCCACTA-1","L5"
"ATCAGGTAGCTGACAG-1","L3"
"ATCAGGTCGCCATTGC-1","L3"
"ATCAGTAGGCAGGGAT-1","L3"
"ATCATCCAATATTTGT-1","L4"
"ATCCAACGCAGTCATA-1","L3"
"ATCCAATGGAGGGTCC-1","L5"
"ATCCACATCGACAGAA-1","WM"
"ATCCACGCTAAATGTT-1","L3"
"ATCCAGAGCAACAACC-1","L5"
"ATCCAGGATTCGTGAA-1","L5"
"ATCCCATCCACAGCGC-1","L6"
"ATCCTACCTAAGCTCT-1","L5"
"ATCCTGAATCGCTGCG-1","L4"
"ATCCTGCGTGGAATGG-1","L5"
"ATCCTGCTGCAGATAG-1","L3"
"ATCCTTCTGAAAGAAC-1","L3"
"ATCGACCCAATACAGA-1","L5"
"ATCGACTCTTTCCGTT-1","L3"
"ATCGCACGCCGGGAGA-1","L3"
"ATCGCCAGTCAACATT-1","L3"
"ATCGCTGCGTGCAGCA-1","L3"
"ATCGCTTTACGTCTCA-1","L3"
"ATCGGAGACAGACGGC-1","L5"
"ATCGGCAAGCAGTCCA-1","L3"
"ATCGGTTACCTAGTAA-1","L3"
"ATCGTATTCCGAGAAC-1","L3"
"ATCGTGGAAAGTCTGG-1","L6"
"ATCGTTAGCTAGCGGA-1","L5"
"ATCGTTCACTTTCGCC-1","L3"
"ATCTAATATCCTACGG-1","L6"
"ATCTCCCACGGAATAT-1","L5"
"ATCTCCCTGCAATCTA-1","L3"
"ATCTCGTGAGCGAAAC-1","L3"
"ATCTGACATGGAAGGA-1","WM"
"ATCTGATAGTGTCTTA-1","L3"
"ATCTGCACCTCTGCGA-1","L3"
"ATCTGGGCTGTTCTTG-1","WM"
"ATCTGGTTAAGACTGT-1","L3"
"ATCTGTAATTGTACCC-1","L3"
"ATCTTGACCTGCAACG-1","L3"
"ATCTTGACTTGTCCAA-1","L3"
"ATCTTTCGTATAACCA-1","L3"
"ATGAAGCCAAGGAGCC-1","L3"
"ATGACGCCGGCTCTAA-1","L3"
"ATGACGCGTTCTATCC-1","L5"
"ATGACTATCAGCTGTG-1","WM"
"ATGACTATGCGACATT-1","L4"
"ATGAGGAGTGTTAATC-1","L3"
"ATGAGGGCAGCGGCTA-1","L3"
"ATGATCGGGAATAGAC-1","L3"
"ATGATGCAATGGTACA-1","L5"
"ATGCACGCGCTGTTCA-1","L6"
"ATGCACTACCGCATTG-1","L3"
"ATGCATGATCCAGGAT-1","L3"
"ATGCATTCCGTGATGG-1","L3"
"ATGCCATTTGCGACCA-1","L3"
"ATGCCGGTCTTGCATA-1","L3"
"ATGCCGGTTGATGGGA-1","L3"
"ATGCGACAGTCCCATT-1","L3"
"ATGCGAGTCCCACCAC-1","L3"
"ATGCTCAGTGTTGCAT-1","L3"
"ATGCTCTGGCGCGGTA-1","L6"
"ATGCTTAGGAGTTGAT-1","L5"
"ATGGAAATTTAAGGAG-1","L5"
"ATGGAACCTTTGCACA-1","L3"
"ATGGAGCAGGCCGTGA-1","L3"
"ATGGATCCGGCGTCCG-1","L3"
"ATGGATTGACCAAACG-1","L3"
"ATGGCAGCATTACGAT-1","L6"
"ATGGCAGCCGAGAAAC-1","L3"
"ATGGCGGAATAGTCGC-1","L3"
"ATGGCTGGAAATGGCC-1","L3"
"ATGGGAACGGAAGCGG-1","L3"
"ATGGGACCTGCTGAAC-1","WM"
"ATGGGCCTCGGCCTCT-1","L3"
"ATGGGTGTATACCTCC-1","L6"
"ATGGTCGCGTGGTTTC-1","L4"
"ATGTAAGGCTGCTCTT-1","L3"
"ATGTGAAAGCCTAATG-1","L5"
"ATGTGCATCCGACGCA-1","L3"
"ATGTGGACATCTTGAT-1","L5"
"ATGTGTAGTTTAGTCA-1","L3"
"ATGTTACGAGCAATAC-1","L3"
"ATGTTCGTCGACCCAC-1","L3"
"ATGTTGTAGTCTGTTT-1","WM"
"ATGTTTCGGCCCGGAG-1","L3"
"ATGTTTGTAAGATCAT-1","L3"
"ATTAAACATGCGGACC-1","L5"
"ATTAATACTACGCGGG-1","L3"
"ATTAATGAACCAGTCG-1","L3"
"ATTAATTCGGTCACTC-1","L3"
"ATTACAACTACCGGCC-1","L3"
"ATTACATGTCAGTCTT-1","L4"
"ATTACCACACTGCCTG-1","L3"
"ATTACGACTCCACAGT-1","L3"
"ATTACGCGCTGGCAGG-1","L5"
"ATTACTAGCCTCTTGC-1","L3"
"ATTACTTACTGGGCAT-1","L3"
"ATTAGATTCCTCAGCA-1","L3"
"ATTAGATTGATAGCGG-1","L3"
"ATTAGGCGATGCTTTC-1","L3"
"ATTATACTTTGCTCGT-1","L3"
"ATTATAGCTACTTTAC-1","L3"
"ATTATCTCGACAGATC-1","L3"
"ATTATGCCATAGGGAG-1","L3"
"ATTATTATGTCCGTCA-1","WM"
"ATTCAACCATTTAAGG-1","L5"
"ATTCACTGATGTTGGA-1","L6"
"ATTCAGGACCTATTTC-1","L3"
"ATTCAGTAGCAGGGTC-1","L3"
"ATTCATATACTGTCCA-1","L5"
"ATTCATCGTTGAGGCA-1","L6"
"ATTCCCACATAAACAA-1","L3"
"ATTCCTCCGCCAGTGC-1","L3"
"ATTCCTTCCAGGCGGT-1","L3"
"ATTCGACGCCGGGCCT-1","L3"
"ATTCGTGCTATCTCTT-1","L3"
"ATTCTCGTCTCTTTAG-1","L3"
"ATTCTGAGTATGAACT-1","L3"
"ATTCTTCGTACTTATG-1","L3"
"ATTGAAGATCTTAGTG-1","L3"
"ATTGACCGGCGATGAC-1","L3"
"ATTGACGTAACTCGGT-1","L3"
"ATTGATAGCAACGAGA-1","L3"
"ATTGATCACCACATTT-1","L5"
"ATTGATGAGTCCTAAC-1","L3"
"ATTGCCTTTATGTTTG-1","L6"
"ATTGCGATCAGTAACT-1","L4"
"ATTGCTGCTCCTCCAT-1","L3"
"ATTGGATTACAGCGTA-1","L5"
"ATTGGGAATATCTTGG-1","L3"
"ATTGGTAGGATCCGCT-1","L3"
"ATTGTACAACTCGGCT-1","L3"
"ATTGTCGCAATACCTT-1","L3"
"ATTGTTCAACGATCCG-1","L3"
"ATTTAACTCGTATTAC-1","L3"
"ATTTACAGTTTACTGG-1","L3"
"ATTTACTAAGTCCATT-1","L3"
"ATTTCATTATTTCGCG-1","L3"
"ATTTCCGGGTTCTGCG-1","L6"
"ATTTGCGCGAGTAGCT-1","L6"
"ATTTGTCTTGGGAGCT-1","L3"
"ATTTGTTCCAGGGCTC-1","L3"
"CAAACCAGGTCTGCAT-1","L3"
"CAAACGAGTATCGCAG-1","L5"
"CAAACGGTCGCACTTT-1","L3"
"CAAACGTGGTCTTGCG-1","L3"
"CAAACTACGATAGAGA-1","L3"
"CAAACTATTGAGCTTC-1","L3"
"CAAACTCGCGACGCCG-1","L3"
"CAAAGATTATTGGGCC-1","L6"
"CAAAGGTCATCTGAAA-1","L3"
"CAAATCTCTCACAAGG-1","L5"
"CAAATGTCCTTCCGTG-1","L5"
"CAAATTGGATTATGCC-1","L3"
"CAAATTGTCAGCAAGC-1","L3"
"CAACACATCTCCTGCC-1","L3"
"CAACAGAATAACGCTA-1","L3"
"CAACCTACCGAGCAGT-1","L5"
"CAACCTGAACCTGCCA-1","L3"
"CAACGACCCGTTTACA-1","L3"
"CAACGGTTCTTGATAC-1","L3"
"CAACGTGGTGGAGTCT-1","L5"
"CAACTATATCGAATGC-1","L3"
"CAACTCCAACGTTTAG-1","L3"
"CAACTCCTTGATCCCG-1","L3"
"CAACTGCTCATCCGAT-1","WM"
"CAACTTGTAGTGGGCA-1","L3"
"CAAGACTCAGAAGCGC-1","L3"
"CAAGAGGGCGGAGTAC-1","L5"
"CAAGATATTATAACGT-1","L4"
"CAAGCAACGTCGGAGT-1","L3"
"CAAGCACCAAATGCCT-1","L3"
"CAAGCGGCACATAATT-1","L6"
"CAAGGATCGCATGTTC-1","L3"
"CAAGGTCCTATAGGCT-1","L3"
"CAAGTGAACTTTGGTT-1","L3"
"CAAGTGTGGTTGCAAA-1","L3"
"CAATAAACCTTGGCCC-1","L3"
"CAATACGAGAGTCTGA-1","L3"
"CAATACGCTCTGAGGC-1","L3"
"CAATATGTAGATTTAC-1","L3"
"CAATATTCTTGACCTA-1","L6"
"CAATCCCTATACCAGC-1","L3"
"CAATCCTGCCGTGGAG-1","L3"
"CAATGAGGTTCGACTA-1","L3"
"CAATGCGAGAAGTATC-1","L5"
"CAATGGAATCTACATA-1","L3"
"CAATGGATCTCTACCA-1","L3"
"CAATGGTCGGCCTGGG-1","L3"
"CAATGTGCCAACCCTT-1","L3"
"CAATTAAGGGTGATGA-1","L3"
"CAATTTCGTATAAGGG-1","L3"
"CACAAGCTAAGAAAGG-1",NA
"CACAATGAGCTGCTAT-1","L5"
"CACACACGCTAACGAG-1","L5"
"CACACAGCTTGCGCTC-1","L3"
"CACACAGGGATAGATT-1","L3"
"CACACGCGCTGTCTTA-1","L3"
"CACACGTTTCAATGGG-1","L3"
"CACAGAGACGAGGACG-1","L6"
"CACAGCACCCACGGCA-1","L3"
"CACAGCTAGGGAGTGA-1","L3"
"CACAGGGCCATATAGT-1","L5"
"CACAGGGCCGTTGTCA-1","WM"
"CACAGTCCCGCTTCGC-1","L5"
"CACAGTTCGCTTCCCA-1","L4"
"CACATATTAGCAGGAT-1","L5"
"CACATCGTGCACGCGC-1","WM"
"CACATCTCACCGACGA-1","L6"
"CACATGATTCAGCAAC-1","L3"
"CACATGTTTGGACATG-1","L3"
"CACATTCTTTCGATGG-1","L3"
"CACATTTCTTGTCAGA-1","L3"
"CACCACGCCACACAGA-1","L3"
"CACCAGTCAGCATGCA-1","L6"
"CACCATCGGAGGAGAC-1","L3"
"CACCCAAATCTTATGT-1","L3"
"CACCCACACGTCACCC-1","L3"
"CACCCACGAGGCAATT-1","L3"
"CACCCGGTTTGTGACT-1","L6"
"CACCCTAACAAGATCT-1","L5"
"CACCCTTGGTGAGACC-1","L5"
"CACCCTTTCCTCGCTC-1","L3"
"CACCGATACACCGAGC-1","L3"
"CACCGCCAGAAGGTTT-1","L3"
"CACCGCCGACCAGCGA-1","L3"
"CACCGCGTCCACTCTA-1","L3"
"CACCGGAGATATCTCC-1","L3"
"CACCGTATCCCATCCG-1","L4"
"CACCGTTAGGGATCAC-1","L6"
"CACCGTTGCGCGATAT-1","L5"
"CACCTAATAGAGTCGT-1","L3"
"CACCTAATCAGTTTAC-1","L3"
"CACCTCGATGGTGGAC-1","L3"
"CACCTTGCGAAACTCG-1","L3"
"CACCTTGGCGCCTTTG-1","L3"
"CACGAAAGTTAGTCCC-1","L3"
"CACGCACAGCGCAGCT-1","L3"
"CACGCAGCGAGGCTTT-1","L3"
"CACGCGGAACTGTTGC-1","L3"
"CACGGACGTGGATGGC-1","L3"
"CACGGCGCGCCAAAGG-1","L3"
"CACGGGATTGAGGGTT-1","L3"
"CACGTCGGCAACCTCT-1","L5"
"CACGTCTATGATGTGG-1","L3"
"CACGTTCGTGCTCTAG-1","L3"
"CACGTTTCGTACACAC-1","L5"
"CACTAAAGTTGCCTAT-1","L3"
"CACTACGGGAGCTGCC-1","L5"
"CACTACTCAGTTCTGT-1","L3"
"CACTCAAGAGCTATGG-1","L4"
"CACTCAGCTCTTGAGG-1","L3"
"CACTCCTATGTAAGAT-1","L6"
"CACTCCTCTCGGTCGG-1","L3"
"CACTCGAGCTGAACAA-1","L5"
"CACTCGGTTAGGAGGA-1","L3"
"CACTCTTCTGCTAGCC-1","L5"
"CACTGACGATTGTGGA-1","WM"
"CACTGTCCAAGTGAGA-1","L3"
"CACTTAATCAGACGGA-1","L3"
"CACTTCGCCACAGGCT-1","L3"
"CACTTCGTCTTATCTC-1","L3"
"CAGAACTTAGCCCTCT-1","L5"
"CAGAATAACACACGGA-1","L5"
"CAGAATATTCGTTATC-1","L3"
"CAGACACCGATCGCTG-1","L6"
"CAGACCTGTAAGTGTT-1","L3"
"CAGACGAACCTGATAC-1","L5"
"CAGAGACGGTCACCCA-1","L6"
"CAGAGCATGAGCTTGC-1","L3"
"CAGAGGCGATGCATGA-1","L6"
"CAGAGTGATTTAACGT-1","L3"
"CAGATACTAACATAGT-1","L3"
"CAGATCATTTAAAGTC-1","L3"
"CAGATCCTGGTTTGAA-1","L5"
"CAGCAGCCCGTTCCTT-1","L3"
"CAGCAGTCCAGACTAT-1","L4"
"CAGCAGTCTGTGCTGC-1","WM"
"CAGCCCTCACAGGCAG-1","L3"
"CAGCCGGGCCCTCTAT-1","L3"
"CAGCCTCCTGCAGAGG-1","L3"
"CAGCCTCTCCTCAAGA-1","L3"
"CAGCGATTCCCTTCAA-1","L6"
"CAGCTCACTGAGACAT-1","L3"
"CAGCTCGACAAGTTAA-1","L3"
"CAGCTCGTGCTTGTGT-1","L3"
"CAGCTGGCGTAACCGT-1","L5"
"CAGCTTAGTAGGTAGC-1","L3"
"CAGGAAGACTTTATAT-1","L3"
"CAGGACAGCTGCCCTT-1","L3"
"CAGGATATATCGTTGT-1","L5"
"CAGGCCGTTTGGGTGT-1","L4"
"CAGGCGCACGGTGGTC-1","L6"
"CAGGCGCCATGCTAGG-1","L5"
"CAGTAACTATTTATTG-1","L3"
"CAGTAATCCCTCCCAG-1","L3"
"CAGTACATTCTCTAAA-1","L3"
"CAGTACCAGTTTACGT-1","L5"
"CAGTAGCCCACGCGGT-1","L3"
"CAGTCGAGGATGCAAT-1","L3"
"CAGTCTCTCGGCTAAT-1","L3"
"CAGTCTGTATACTGGG-1","L4"
"CAGTGAATAAATGACT-1","L3"
"CAGTGGTTGCACATGA-1","L3"
"CAGTGTCCGCAGAATG-1","L3"
"CAGTGTCGGCTGGCCC-1","L5"
"CAGTTCAAATTGACAC-1","L3"
"CAGTTCCGCGGGTCGA-1","L3"
"CATAACGGACAGTCGT-1","L3"
"CATAAGAAGCTTGGCT-1","L6"
"CATAAGCTCTCCGTCT-1","L4"
"CATAATGAGCGGGCGA-1","L3"
"CATACAAAGCCGAACC-1","L3"
"CATACACGGTTCCCAC-1","WM"
"CATACCCGTACCCAGT-1","L4"
"CATACGAACTAGCTGG-1","WM"
"CATACGGCGTCTGGGC-1","L4"
"CATACTATGTAATTGT-1","L3"
"CATACTTAGGCAATAC-1","L3"
"CATAGCCGCCCGGGAT-1","L3"
"CATAGCGTTGCCCACC-1","L6"
"CATAGTACATTGAGAG-1","L3"
"CATAGTAGCATAGTAG-1","L3"
"CATAGTCCACAAGAAC-1","L5"
"CATATACTACTGATAA-1","L3"
"CATATAGGTACAGTCA-1","L5"
"CATATGTCAGGCTACG-1","L5"
"CATATTATTTGCCCTA-1","L3"
"CATCAACACCTACTAA-1","L3"
"CATCATCTACCCGGAC-1","L3"
"CATCATTACCCTGAGG-1","L5"
"CATCCGCAGGCCCGAA-1","L3"
"CATCCTCTCAAAGATC-1","L5"
"CATCGCCCGCGGCCAA-1","L3"
"CATCGGACGGGTTAAT-1","L5"
"CATCGTCCGGTTACTA-1","L3"
"CATCTAGTGAAGGGAA-1","L3"
"CATCTATCCCGTGTCT-1","L3"
"CATCTGCAGGATCATT-1","L3"
"CATCTTACACCACCTC-1","L3"
"CATGAACCGACATTTG-1","L3"
"CATGAACCTCTTATCA-1","L3"
"CATGACTTCGCTGAAT-1","L3"
"CATGAGATGCACTCTC-1","L6"
"CATGATGCACAATTCT-1","L3"
"CATGATGGAAGTTAGC-1","L3"
"CATGCACGTGTTACTG-1","L3"
"CATGCATGGAGACCCT-1","L3"
"CATGCCAACTCGCAAA-1","L5"
"CATGCGACCAGTTTAA-1","L3"
"CATGCGTTAGACAGAA-1","L3"
"CATGCTGGCTCCAATT-1","L3"
"CATGGAAATGGGACCA-1","L3"
"CATGGATTGTCTTCCG-1","L5"
"CATGGCAGGAAGATCG-1","L3"
"CATGGGTATGCCTTAT-1","L5"
"CATGGGTCGGGTGTGG-1","L3"
"CATGGTAAGTAGCGTT-1","L5"
"CATGGTCTAGATACCG-1","L3"
"CATGTAAGAGACATTT-1","L5"
"CATGTCTCATTTATGG-1","L5"
"CATTACATAGATTGTG-1","L3"
"CATTACGTCGGCCCGT-1","L3"
"CATTATGCTTGTTGTG-1","L3"
"CATTCACTGACAGCTA-1","L3"
"CATTCCCATTCCGTCG-1","L3"
"CATTCCCTAAGTACAA-1","L3"
"CATTGATGAACACGCC-1","L3"
"CATTGCGAAATGGGCG-1","L3"
"CATTGCGGGTCAATTC-1","L3"
"CATTGTGTGCTAGATC-1","L3"
"CATTTAGCGGACCATG-1","L3"
"CATTTATCGTTCAAGA-1","L3"
"CATTTCTAGCAGACTA-1","L3"
"CATTTGAGTGGTACGT-1","L5"
"CCAAACAGAACCCTCG-1","L3"
"CCAAATAACAAGATTC-1","L4"
"CCAACGATGCACTGAT-1","L3"
"CCAACGCTTGCCAGGG-1","L3"
"CCAACTTGATAGATCC-1","L3"
"CCAAGAAAGTGGGCGA-1","L6"
"CCAAGACTTCTGCGAA-1","L3"
"CCAAGCGTAACTCGTA-1","L3"
"CCAAGGAACAGAGAGG-1","L3"
"CCAATAGATTTCATCT-1","L3"
"CCAATAGTGCCGTCGA-1","L3"
"CCAATCGGTAGATCGA-1","L3"
"CCAATGTCACAGCAAG-1","L4"
"CCAATTACGGGTCGAG-1","L3"
"CCAATTGAATGTTAAT-1","L3"
"CCACAATGTACGTCTT-1","L3"
"CCACACTGAGATATTA-1","L4"
"CCACAGCTGAAATCAT-1","L3"
"CCACAGTACCCATCCT-1","L4"
"CCACATACTGCACCCA-1","L3"
"CCACCAACTTTACTGT-1","L6"
"CCACCCAAGGAAAGTG-1","L3"
"CCACGAATTTAACCTC-1","L3"
"CCACGAGAAGAGAATC-1","L3"
"CCACGGAGCCATAAGA-1","L5"
"CCACGGTGCCCGGTAG-1","L3"
"CCACGTAAATTAGACT-1","L3"
"CCACTATCCGGGTCAC-1","L3"
"CCACTGGTGGCTGGTT-1","L4"
"CCACTGTTTGGATTAA-1","L5"
"CCAGAAAGCAACTCAT-1","L6"
"CCAGAGACAAAGCCGG-1","L3"
"CCAGATAGTTGAGTGA-1","L3"
"CCAGATGTAAATGGGT-1","L3"
"CCAGCCTGGACCAATA-1","L3"
"CCAGCGGGATCACCAG-1","L3"
"CCAGCTACGCCTCATA-1","L3"
"CCAGCTCGAACGCATT-1","WM"
"CCAGCTGATGGTACTT-1","L3"
"CCAGCTTCCGCCCGCA-1","L3"
"CCAGGGACGTGGCCTC-1","L3"
"CCAGTAGTCTGATCCA-1","L3"
"CCAGTCAAATCTCTTA-1","L3"
"CCAGTCCATTATTCGA-1","L3"
"CCAGTCTAGACGGCGC-1","L3"
"CCAGTCTTGTCATAGA-1","WM"
"CCATAAACAACCCGAC-1","L3"
"CCATACCTTTACTTGT-1","L3"
"CCATAGGTTGGCGTGG-1","L3"
"CCATAGTCAGTAACCC-1","L3"
"CCATATGGAAACTATA-1","L5"
"CCATCCATACCAAGTC-1","L3"
"CCATCGCAGTTAAACT-1","L5"
"CCATCTCACCAGTGAA-1","L3"
"CCATCTTGTTCACAAT-1","L3"
"CCATGCCCTAGATTTC-1","L5"
"CCATGCCTGTTTAGTA-1","L3"
"CCATGCTCTGCAGGAA-1","L3"
"CCATGGCCCTTGTACC-1","L3"
"CCATTAGCGATAATCC-1","L3"
"CCATTCCCTGCCCACA-1","L3"
"CCATTGTTTCCTCCAT-1","L3"
"CCATTTCTACCTATTA-1","L6"
"CCCAAACATGCTGCTC-1","L3"
"CCCAACATACGTCGCG-1","L5"
"CCCAACCACACTAACA-1","L3"
"CCCAAGAATGCACGGT-1","L3"
"CCCAATGAGATTTGCA-1","WM"
"CCCAATTTCACAACTT-1","L4"
"CCCAGAGGAGGGCGTA-1","L3"
"CCCAGGTCTGAAGGCT-1","L4"
"CCCAGTAAACTTGGGA-1","L5"
"CCCAGTTAAGGCGCCG-1","L3"
"CCCGAAGTTTCGCGAA-1","L4"
"CCCGACCATAGTCCGC-1","L3"
"CCCGAGTTTCTCCGTA-1","L3"
"CCCGATAGCCTCGCCT-1","L3"
"CCCGCAGCGCGAACTA-1","L5"
"CCCGCAGGGCCCAAAG-1","L3"
"CCCGCCATGCTCCCGT-1","L3"
"CCCGCGCAATGCACCC-1","L3"
"CCCGGGTCGTTCAGGG-1","WM"
"CCCGGTGGAAGAACCT-1","L3"
"CCCGGTGTATCGGAAT-1","L5"
"CCCGTAAGTCTAGGCC-1","L4"
"CCCGTAGCTGGGAAGA-1","L6"
"CCCGTCAGCGTCTGAC-1","L3"
"CCCGTTTCGCAGATGT-1","L4"
"CCCTAGTGTCAGGTGT-1","L3"
"CCCTATGTAGAGCAGA-1","L6"
"CCCTCATTCTGGAATT-1","L3"
"CCCTCCTCGCTCGTAT-1","L4"
"CCCTGAAATGAGTTGA-1","L3"
"CCCTGACTAACAAATT-1","L3"
"CCCTGATGTAACTCGT-1","L3"
"CCCTGCCCAATCCGCT-1","L4"
"CCCTGCGCTACGCATA-1","L3"
"CCCTGGCTGTTCCTTC-1","L4"
"CCCTGGTATGGGCGGC-1","L3"
"CCCTTTGACAGGTCTT-1","L5"
"CCGAAAGTGGTGAGCA-1","L3"
"CCGAACACTGGGCCTC-1","L5"
"CCGAACCTTCCCGGCC-1","L5"
"CCGAAGGGCGTACCGC-1","L3"
"CCGAAGTATATTGTTC-1","L3"
"CCGACAAACACATGAG-1","L3"
"CCGACAAAGGGAGTGC-1","L3"
"CCGACAATAGGCCGCC-1","L5"
"CCGACGGGCATGAGGT-1","L6"
"CCGACGTAAACACAAC-1","L3"
"CCGACTCGCATAGTCT-1","L3"
"CCGAGAAGTCGCATAA-1","L3"
"CCGAGCTGTGCTTGTC-1","L3"
"CCGAGGGATGTTAGGC-1","L3"
"CCGATCTCAACCTTAT-1","L3"
"CCGATTCGAGGGACCC-1","L3"
"CCGCACAAAGACCAAC-1","L3"
"CCGCACACGAACGTGT-1","L3"
"CCGCACGTGACCTCGG-1","L3"
"CCGCATGTGGTACGAT-1","L6"
"CCGCCACCACAATCCA-1","L3"
"CCGCCGGAACTTCTCG-1","L5"
"CCGCCGGTCAACACAC-1","L3"
"CCGCCGTTGAGGATAA-1","L3"
"CCGCCTGCGAATTGGT-1","L3"
"CCGCGATTTGGTAGGT-1","L3"
"CCGCGGAATGCGTCAC-1","L6"
"CCGCGGGTACGAAGAA-1","L3"
"CCGCGTAGGTAAGGGC-1","L3"
"CCGCTATCAGCACCAG-1","L5"
"CCGCTCTTCCGAACTA-1","L5"
"CCGCTGGTGCCATTCA-1","L3"
"CCGCTTACCTCACTCT-1","L5"
"CCGCTTGCTGACATGG-1","L3"
"CCGGAATGGTTTCAGT-1","L3"
"CCGGAGCGTACTTTCT-1","WM"
"CCGGAGGTCTTATGGT-1","L3"
"CCGGCACGACCGTTTC-1","L3"
"CCGGCGCATATTGGAT-1","L3"
"CCGGCGTGAGACTCTG-1","L5"
"CCGGGACCCGCAGAGA-1","L3"
"CCGGGCGGTCTCGTCA-1","L3"
"CCGGGCTAAGAATTTC-1",NA
"CCGGGCTGCTCCATAC-1","L3"
"CCGGGTTCGAGGTTAC-1","L4"
"CCGGTAATGGCTAGTC-1","L3"
"CCGGTTTGTAATTGTG-1","L6"
"CCGTAAGTTGGTCCCA-1","L3"
"CCGTACCCAAGCGCCA-1","L3"
"CCGTAGGAAATCCCTG-1","L5"
"CCGTAGGGTTGTTTAC-1","L5"
"CCGTATCTCGTCGTAG-1","L5"
"CCGTATTAGCGCAGTT-1","L3"
"CCGTCAACCTCTGGCG-1",NA
"CCGTGAGGCATTCATG-1","L3"
"CCGTGCCCATGACGGC-1","L3"
"CCGTGGAACGATCCAA-1","L3"
"CCGTGTTAAATTCCAT-1","L5"
"CCGTTACGTTAGAACA-1","L3"
"CCGTTCCGAATCTCGG-1","L4"
"CCTAAAGGCTGACGCT-1","L3"
"CCTAAATTAACGGTTC-1","L4"
"CCTAAATTGTATCCTA-1","L4"
"CCTAACCCAAACAAGT-1","L5"
"CCTAACTAAGGCTCTA-1","L3"
"CCTACAAGTCCGGAAT-1","L3"
"CCTACATTCACAGACG-1","L5"
"CCTACGCGACCTTACA-1","L3"
"CCTACGGCTCAGTCGA-1","L3"
"CCTACTGCGGCGGCCA-1","L3"
"CCTACTGCTTACACTT-1","L3"
"CCTAGGCGTAGCGATC-1","L3"
"CCTAGGTAAAGGTAGC-1","L5"
"CCTAGTTAGTCGCATG-1","L3"
"CCTATAATGAGTGCCC-1","L5"
"CCTATACCGTCCTGTC-1","L6"
"CCTATATCGTGTCACG-1","L6"
"CCTATATTTGTCCTGG-1","WM"
"CCTATCTATATCGGAA-1","L3"
"CCTATGAAGTGGTGCC-1","L3"
"CCTATGGCTCCTAGTG-1","L6"
"CCTATGGGTTACCGTC-1","L3"
"CCTATGTCCACTCCAC-1","L6"
"CCTCACCAATCTTGAC-1","L3"
"CCTCACCTGAGGGAGC-1","L3"
"CCTCACCTTAGCATCG-1","L3"
"CCTCATGCAGCTACGA-1","L3"
"CCTCCCGACAATCCCT-1","L3"
"CCTCCGACAATTCAAG-1","L3"
"CCTCCTAGCTAGAGTC-1",NA
"CCTCCTGAGCCCACAT-1","L3"
"CCTCCTGTTGTGTCGT-1","L6"
"CCTCGAAGTGGACGGG-1","L3"
"CCTCGACCCACTGCCT-1","L3"
"CCTCGCCAGCAAATTA-1","L3"
"CCTCGCGCGATATAGG-1","L3"
"CCTCGCGCTGTGCGAT-1","L6"
"CCTCGGACCGGGATAG-1","L3"
"CCTCGGATGCTACCTG-1","L3"
"CCTCTAATCTGCCAAG-1","L3"
"CCTCTATCGATTAGCA-1","L5"
"CCTCTCTCCCATCTAG-1","L3"
"CCTCTGGCCTAGACGG-1","L3"
"CCTCTGTACTATTCTA-1","L6"
"CCTGAACGATATATTC-1","L3"
"CCTGAATATTTACATA-1","L3"
"CCTGACCACCGATGGT-1","L5"
"CCTGACGCAACCTTTA-1","L3"
"CCTGCCCGTTGTCTAG-1","L3"
"CCTGCGATAGAACTGT-1","L3"
"CCTGCGTTCTACGCTT-1","L3"
"CCTGCTATTTGAGAAG-1","L3"
"CCTGGAAACGTTCTGC-1","L3"
"CCTGGCTAGACCCGCC-1","L3"
"CCTGGTCGAATGTGGG-1","WM"
"CCTGTAAGACATGATA-1","L4"
"CCTGTACTCACGCCCA-1","L4"
"CCTGTCACCCGGGCTC-1","L3"
"CCTGTCCCTCACGTTA-1","L3"
"CCTGTCGCCCGTAAAT-1","L3"
"CCTGTGCGGATTGTAA-1","L3"
"CCTGTTTGAAGACACG-1","L5"
"CCTTCAGTTAAAGTGA-1","WM"
"CCTTCTCAGCGTTCCT-1","L4"
"CCTTCTTGATCCAGTG-1","L3"
"CCTTGACCACTTTATT-1","L5"
"CCTTTAAGGGAGCACT-1","WM"
"CCTTTCAATGAAGAAA-1","L3"
"CGAAACATAGATGGCA-1","L3"
"CGAAACGCAATTCATG-1","L5"
"CGAACAGTATGGGCGT-1","L4"
"CGAACCCGCATGCGTC-1","L5"
"CGAACGCCCAGTGCCG-1","L3"
"CGAACGGCCGGACAAC-1","L5"
"CGAAGCTATAAATTCA-1","L3"
"CGAAGTTGCTCTGTGT-1","L3"
"CGAATCTGCTCGACGC-1","L6"
"CGAATGAAGTCATTGC-1","L6"
"CGAATGACGCATAATG-1","WM"
"CGAATTACATGGTGTT-1","L3"
"CGACAATTTGATCTAA-1","L3"
"CGACACGCTCCGACAG-1","L4"
"CGACAGTTCGCGTTAT-1","L3"
"CGACATGCGATCTTCT-1","L3"
"CGACCCTTAACGCCGG-1","L5"
"CGACGCATCCGTACCT-1","L5"
"CGACTCAGGATGTTAT-1","L3"
"CGACTTTGTATAGCCT-1","L3"
"CGAGACCCTAGAGTGT-1","L5"
"CGAGAGATGTGAACCT-1","L3"
"CGAGAGCGCGTAGATA-1","L4"
"CGAGAGCTTTCACTAC-1","L6"
"CGAGAGGGTAGCCGCG-1","L5"
"CGAGATTTCGCTCGGG-1","L3"
"CGAGCACTTCAAGTTT-1","L3"
"CGAGCGTTGATCAGCC-1","L3"
"CGAGCTGGGCTTTAGG-1","L3"
"CGAGGAGCTTCCATAT-1","L3"
"CGAGGATCGGGAACGA-1","L3"
"CGAGGCCAGGCATTGG-1","L3"
"CGAGGCTAAATATGGC-1","L3"
"CGAGGGACTGCGGTCG-1","L3"
"CGAGGGTATCCAGGTG-1","WM"
"CGAGTACTAAAGAGGA-1","L5"
"CGAGTGAAGGTACCAG-1","L6"
"CGAGTGCTATAGTTCG-1","L3"
"CGAGTTCTGTCCCACC-1","L3"
"CGAGTTTATCGGACTG-1","L3"
"CGATAATACTCAGGTT-1","L3"
"CGATACCTCGCGGACA-1","L5"
"CGATATTAGCCGCAGG-1","L3"
"CGATCCGACCCAGTGC-1","L4"
"CGATCTGTTGGAGGAC-1","L5"
"CGATGGACCCTACGCC-1","L3"
"CGATGTTGTTATCTAC-1","L6"
"CGATTAAATATCTCCT-1","L6"
"CGATTCGCCTGGCTGC-1","L6"
"CGCAAACACGAGTTAC-1","L3"
"CGCAATCGATCATTAG-1","L3"
"CGCAATTACTTTCGGT-1","L3"
"CGCAATTAGGGTAATA-1","L3"
"CGCAATTCTACAATAA-1","L3"
"CGCACATGTCCACTAC-1","L3"
"CGCACGTGCGCTATCA-1","L3"
"CGCAGAAACATTTGCG-1","L3"
"CGCAGATCTTCACCCG-1","L3"
"CGCAGGCGATCCAAAC-1","L5"
"CGCATCATGGCTTCAG-1","L3"
"CGCATCCATCAGCCAG-1","L3"
"CGCATGGTGCGATGCT-1","L4"
"CGCATTAGCTAATAGG-1","L3"
"CGCCAAGAAGCCGAGT-1","L3"
"CGCCACAGGTCGCGAT-1","L5"
"CGCCATCCGATTATGA-1","L3"
"CGCCCAGCACGCCTAG-1","WM"
"CGCCCGCTTCCGTACA-1","L3"
"CGCCCTAATTGTTCAA-1",NA
"CGCCCTTGAAGGCTGA-1","L3"
"CGCCGCCCATGCCTGT-1","L3"
"CGCCGTCTACCCATCG-1","L3"
"CGCCGTTCAGCATAGT-1","L5"
"CGCCTCCCTCCTCTAT-1","L4"
"CGCCTGGCCTACGTAA-1","L5"
"CGCCTTTAGCATGCTC-1","L3"
"CGCGACACTGCGCAGC-1","L3"
"CGCGACCGCGACAGAT-1","L6"
"CGCGAGTCTGCCGGGT-1","L5"
"CGCGCAAATGTCCAGA-1","L6"
"CGCGCATGTTTGATTG-1","L5"
"CGCGCCCGACTTAATA-1","L3"
"CGCGGCAGTATTACGG-1","L3"
"CGCGGCTCAACTTGAA-1","L3"
"CGCGGGAATTAGGCAG-1","L3"
"CGCGGTAAGTCTAGCT-1","L3"
"CGCGGTCACAAACCAA-1","L3"
"CGCGTACATTCTGGAA-1",NA
"CGCGTCATATTAAACC-1","L3"
"CGCGTTCATGAAATAC-1","L3"
"CGCTACGGGACATTTA-1","L4"
"CGCTAGAGACCGCTGC-1","L3"
"CGCTATACCGCCCACT-1","L3"
"CGCTATTCAATGTATG-1","L3"
"CGCTATTCTTAGGCTC-1","L4"
"CGCTCGACATAATGAT-1","L3"
"CGCTCTCCGTAGATTA-1","L3"
"CGCTGGTGACTACCCT-1","L4"
"CGCTGTGACGCCGCAC-1","L3"
"CGCTGTGTGGATGTTG-1","WM"
"CGCTTAGTATTGATAC-1","WM"
"CGCTTATTCCCGGTCG-1","L5"
"CGCTTCCACTGAAATC-1","L3"
"CGCTTTCATACCGGTG-1","L3"
"CGCTTTCTTGCATTCG-1","L3"
"CGGAAAGAATCAAACG-1","WM"
"CGGAAATTTCACATCC-1","L3"
"CGGAACGTAAACATAG-1","L5"
"CGGAGCAATTTAATCG-1","L6"
"CGGAGCATGGCGATCC-1","L3"
"CGGAGCTTATAACACC-1","L3"
"CGGAGTCCTAACCTGG-1","L3"
"CGGAGTTTGAGAGACA-1","L3"
"CGGATAAGCGGACATG-1","L3"
"CGGATCCTCAAGGACT-1","L6"
"CGGCAAACATCGTGCG-1","L6"
"CGGCAATAAGATCGCC-1","L5"
"CGGCACCGTTAGCGCC-1","L3"
"CGGCACTCAAGAAAGT-1","L3"
"CGGCAGGGTCGGGTTG-1","L3"
"CGGCCACGCACAAAGT-1","L3"
"CGGCCCAACCTGTAGT-1","L3"
"CGGCCCAGGTATATCC-1","L3"
"CGGCGCCATCAATCCC-1","L5"
"CGGCTCTAAAGCTGCA-1","L3"
"CGGCTCTTCGTCGAAC-1","L3"
"CGGCTGCAAGATTAAG-1","L3"
"CGGCTTTGTATGATAA-1","L3"
"CGGGAATATAGTATAC-1","L3"
"CGGGAATTTATGTAAA-1","L5"
"CGGGAGCTTCAGTGTA-1","L4"
"CGGGAGTATACCGCCG-1","L3"
"CGGGATCAATGTAAGA-1","L3"
"CGGGCAGCTAAACCGC-1","L3"
"CGGGCCATAGCCGCAC-1","L3"
"CGGGCCTTCTTTGTAA-1","L5"
"CGGGTGTACCCATTTA-1","L3"
"CGGGTTTGTTAGGGCT-1","L5"
"CGGTACTAGAATCAAA-1","L3"
"CGGTAGAGGTGCAGGT-1","L3"
"CGGTCAAGTGGGAACC-1","L3"
"CGGTCCATGAGACTCC-1","L3"
"CGGTCCGTCGCAAGCC-1","WM"
"CGGTCTATCAACCCGT-1","L3"
"CGGTGAAGACTAAAGT-1","L3"
"CGGTGCAGATAGAACG-1","L5"
"CGGTGCGCGTTGGTCC-1","L5"
"CGGTGGGCTCCAGCCT-1","L3"
"CGGTGTACTTGATCCC-1","L3"
"CGGTTATCCAACAGTG-1","L3"
"CGGTTCAAGTAGGTGT-1","L3"
"CGGTTCCGGCTTCTTG-1","L3"
"CGGTTGACCTGGCATA-1","L4"
"CGGTTGAGTATCCTTC-1","WM"
"CGGTTGGGTTCAAGTT-1","L3"
"CGTAAACGCTTGAGTG-1","L3"
"CGTACCTGATAGGCCT-1","L3"
"CGTAGCGAATTGTCAG-1","L3"
"CGTAGCGCCGACGTTG-1","L3"
"CGTATTAAGAGATCTA-1","L3"
"CGTATTGTTTCCTAAT-1","L3"
"CGTCAAATGGTCGCAG-1","L3"
"CGTCAAGGCTATAAAT-1","L3"
"CGTCACGTCCATTGGT-1","L5"
"CGTCAGCTATTTACTC-1","L3"
"CGTCAGTGCGCACAAG-1","L3"
"CGTCATACCATATCCA-1","L3"
"CGTCGCGGCGGGATTT-1","L3"
"CGTCGCTTGGTTATAC-1","L6"
"CGTCGGATAGTGTTGA-1","L3"
"CGTCGGGTCTAAGCGC-1","L5"
"CGTCGTCCTTCGCGAA-1","L6"
"CGTCTGGAAGGGCCCG-1","L3"
"CGTCTTGAGTGTGACG-1","L3"
"CGTGAAGTTAATTCAC-1","L4"
"CGTGACATTGGGTCGT-1","L3"
"CGTGACCAGTCCTCTG-1","WM"
"CGTGCAGACTGGGACA-1","L3"
"CGTGCATTGTCGACGC-1","L4"
"CGTGCCCTCCCGAAGA-1","L4"
"CGTGCTGGCCTAGTCG-1","L3"
"CGTGCTTCTACCTAAA-1","L6"
"CGTGGAAGCCTCGTAC-1","L3"
"CGTGGCCGAATATCTA-1","L3"
"CGTGTCCCATTCGCGA-1","L3"
"CGTGTCTCGTTACGAC-1","WM"
"CGTGTGTTAAACCCTG-1","L3"
"CGTTAAACTAGTTAGG-1","L3"
"CGTTAATGTCCCGACG-1","L6"
"CGTTAGCTCACAACTG-1","L3"
"CGTTCAGACCCGCGAA-1","WM"
"CGTTCATGGTGCGCGT-1","L5"
"CGTTCTTCGCACACCT-1","L3"
"CGTTGAATACCGCGCT-1","L6"
"CGTTGAGCGACCGTCG-1","L4"
"CGTTGCCCGCGTGGGA-1","WM"
"CGTTGTAAACGTCAGG-1","L3"
"CGTTGTAAGATTGATT-1","L3"
"CGTTGTCGGCAATTGA-1","WM"
"CGTTGTTTCAATTCCC-1","L3"
"CGTTTAAGCGGAGCAC-1","L3"
"CGTTTACAAGGCAGCT-1","L3"
"CGTTTCACTTCGGGCG-1","L3"
"CGTTTCGCTCATTACA-1","L3"
"CGTTTGTGTAGAGGGT-1","L6"
"CTAAAGAATGCCTACT-1","L4"
"CTAAAGGGAAATAGGA-1","L5"
"CTAAATCCGGTGTACA-1","WM"
"CTAAATCCTATTCCGG-1","L3"
"CTAACCGCGCGCCCGT-1","L4"
"CTAACGAAACTTGCTG-1","L3"
"CTAACTGATAATCGCC-1","L5"
"CTAACTGGTCCGGTTC-1","L5"
"CTAAGGGAATGATTGG-1","L4"
"CTAAGTACAGGGCTAC-1","L3"
"CTAATTCGCACGCGCT-1","L3"
"CTAATTCTCAGATATT-1","L3"
"CTAATTTCAACAACAC-1","L3"
"CTACAAGAAATAACCC-1","WM"
"CTACACTCGCAGATGG-1","L5"
"CTACATATCGCGGGAC-1",NA
"CTACCCTAAGGTCATA-1","L3"
"CTACGAACTAGGTCGA-1","L3"
"CTACGACTAGCTATAA-1","L4"
"CTACGCACGGAGTACC-1","L3"
"CTACGCCATTTCCGAT-1","L3"
"CTACTATCATAGGTTT-1","L5"
"CTACTATCTTTCAGAG-1","L3"
"CTACTCAAGGTATAGT-1","WM"
"CTACTCTAGGCCCGGC-1","L3"
"CTACTGCCACCTGACC-1","L3"
"CTAGACTGCATTTCGT-1","L3"
"CTAGATAAACTCCTCG-1","L3"
"CTAGATGTGAGTGTAA-1","L3"
"CTAGATTTACGACGGC-1","L4"
"CTAGCATAGTATAATG-1","L3"
"CTAGCCACAGGCGAGC-1","L5"
"CTAGCCGATGTTATGA-1","L3"
"CTAGCTTAATGGTCCC-1","L3"
"CTAGGCGCCCTATCAG-1","L5"
"CTAGGTCTGAAGGAAT-1","L3"
"CTAGGTTCGGACGTGA-1","L6"
"CTAGTAGAAAGGGATT-1","L6"
"CTAGTATTCGGAATTA-1","L3"
"CTAGTCACGTCTTAAG-1","L3"
"CTAGTGAAGGACAGGA-1","L3"
"CTAGTTACAACCCGGT-1","L6"
"CTAGTTGGGCCCGGTA-1","L3"
"CTATAAGAGCCAATCG-1","L3"
"CTATAGGCGTTGATGT-1","WM"
"CTATCGACGAAATACA-1","L5"
"CTATCGCGTAGAGAAC-1","L5"
"CTATCGGGTCTCAACA-1","L3"
"CTATGCCCGAATGCAA-1","WM"
"CTATGGGAAGCGGAAT-1","L5"
"CTATGTCACTAGCCCA-1","L3"
"CTATGTCTATTGAAAC-1","L3"
"CTATGTGAGTCACGGC-1","L5"
"CTATTCATGTGTCCCA-1","L6"
"CTATTTGGTTACGGAT-1","L3"
"CTCAAACCACTGCCCG-1","WM"
"CTCAACTAACCCGGAT-1","L6"
"CTCAAGACATTAGCGC-1","L3"
"CTCACACGCAAGCCTA-1","L3"
"CTCACATTTACTAAAT-1","WM"
"CTCACTGTGATACTTA-1","WM"
"CTCACTTGGCTGGTAA-1","L4"
"CTCAGGACTCACCTGT-1","L3"
"CTCAGTCACGACAAAT-1","L3"
"CTCATCACTTAGTGAT-1","L3"
"CTCATGGCTCACAATC-1","L3"
"CTCATGGTAATTTGCG-1","L5"
"CTCATTAACGTTGCCC-1","L3"
"CTCATTCGTGAACATC-1","L3"
"CTCATTGCTCTAACAA-1","L6"
"CTCATTTGATGGGCGG-1","L3"
"CTCCCAATGAGTCGCG-1","L3"
"CTCCCTCCTTTCGATC-1","L5"
"CTCCGCCCACATGAGG-1","L5"
"CTCCGGCCTAATATGC-1","L3"
"CTCCGGCTTGTAGACA-1","L3"
"CTCCTAAGTTATGTCT-1","L3"
"CTCCTCCAGCTCACAC-1","WM"
"CTCCTGTTCAAGGCAG-1","L4"
"CTCCTTTACGCAAGTC-1","L3"
"CTCGAATGGAACGTAT-1","L3"
"CTCGAGGTCGAACAGT-1","L3"
"CTCGATATTTGCGAGC-1","L3"
"CTCGCACCTATATAGT-1","L3"
"CTCGCATTGCATAGCC-1","L6"
"CTCGCCGAATGTAGGG-1","WM"
"CTCGGGATAACACCTA-1","L3"
"CTCGGGTTCTCTGGCC-1","L6"
"CTCGGTACCACTGCTC-1","L3"
"CTCGGTCCGTAGCCTG-1","L3"
"CTCGGTTGTCGGCCCT-1","L6"
"CTCGTCGAGGGCTCAT-1","L6"
"CTCGTTTCTAATGTTT-1","L3"
"CTCTAATGCATTGATC-1","L3"
"CTCTACACTGGCGATT-1","L4"
"CTCTATTTGGCTGCAG-1","L5"
"CTCTCACAATCGATGA-1","L3"
"CTCTCGATGTGCGCCT-1","L3"
"CTCTCGCTGTACTATG-1","L3"
"CTCTCTAACTGCCTAG-1","L6"
"CTCTGCAGGCATTCTT-1",NA
"CTCTGCGAAGCAAGCA-1","L3"
"CTCTGGACGCCTGGTG-1","L3"
"CTCTGTTTGAGGATTC-1","L3"
"CTCTTCTATTGACTGG-1","L3"
"CTCTTCTGGAAGTTAG-1","WM"
"CTCTTGTCCCGCTTGG-1","L6"
"CTGAAAGAGATCCGAC-1","L3"
"CTGAATCCGAGACCTC-1","L5"
"CTGAATTTATTGCCAG-1","L3"
"CTGACATAGAAATAGA-1","L3"
"CTGACTGCGCAGCTCG-1","L3"
"CTGAGAAAGTTCGGCG-1","L3"
"CTGAGCAAGTAACAAG-1","L3"
"CTGAGCGAGACTTATT-1","L3"
"CTGATAGTGTATCTCA-1","L3"
"CTGCAAGCACGTTCCG-1","L5"
"CTGCACAACTACATAT-1","L5"
"CTGCACCTAGTCCACA-1","L3"
"CTGCACCTGGAACCGC-1","L3"
"CTGCACTCCAGTACAG-1","L6"
"CTGCAGAGAATCAGAG-1","L5"
"CTGCCAAGGTTGGAAG-1","L3"
"CTGCCATGCATCACAT-1","L4"
"CTGCCTAGCCACCAAG-1","L3"
"CTGCCTCATATGCAAC-1","L3"
"CTGCCTTTAATACCTT-1","WM"
"CTGCCTTTCTAGTAAA-1","L6"
"CTGCGGGTGAAATGTT-1","L3"
"CTGCGGTAGTCACGTG-1","L3"
"CTGCGTTACGATATAA-1","L3"
"CTGCTGAGGCCACGAA-1","L5"
"CTGCTGTCTAACGAGC-1","L3"
"CTGCTTGGCGATAGCT-1","L5"
"CTGCTTTATGTCCGCG-1","L3"
"CTGGAAATGGATGCTT-1","L3"
"CTGGAAGACACGGTGG-1","L5"
"CTGGACGCAGTCCGGC-1","L5"
"CTGGATTTACACTTGA-1","L5"
"CTGGCATCCGAATGAG-1","L5"
"CTGGCGACATAAGTCC-1","L3"
"CTGGCGCACAGGTCTG-1","L3"
"CTGGCGGGAATAAGTA-1","L3"
"CTGGCTCCTGCGGGAT-1","L3"
"CTGGCTGATTCATCCT-1","L3"
"CTGGCTGGTTGTCAGT-1","L6"
"CTGGGATAAATAATGG-1","L3"
"CTGGGATACGCTACCC-1","L3"
"CTGGGCCTGCTATATC-1","L5"
"CTGGGTAGGCAGTTAA-1","L4"
"CTGGGTTGAGTTAAAG-1","L5"
"CTGGTAAAGTGTGGGC-1","L5"
"CTGGTAACACATAGAA-1","L3"
"CTGGTAACGAGCTCTT-1","L3"
"CTGGTCATTCCAATCC-1","L3"
"CTGGTCCTAACTTGGC-1","L3"
"CTGGTGAATGGGCCTA-1","L6"
"CTGGTTCAACGCATCA-1","L3"
"CTGGTTCGCGAGCTAC-1","L3"
"CTGGTTTCGAGCAAGA-1","L4"
"CTGTACTTCTTAGCAT-1","L4"
"CTGTAGCCATCTCACT-1","L6"
"CTGTATGGTGTAGAAA-1","L3"
"CTGTCAAATGGCTCGG-1","L3"
"CTGTCACGCCAGGCGC-1","L3"
"CTGTGCAGGGTAGGTC-1","L4"
"CTGTGGTCGGGAGATA-1","L5"
"CTGTTACCCAATCTAG-1","L5"
"CTGTTCACTGCCTGTG-1","L3"
"CTGTTCATCTCACGGG-1","L3"
"CTTAAATAAGACCCAT-1","L3"
"CTTAACTTCGAAGTAC-1","L3"
"CTTACACGGTATTCCA-1","L3"
"CTTACACTGGGAAATA-1","L3"
"CTTAGCCCGGATAGTG-1","L3"
"CTTAGCCTTCCACATG-1","L3"
"CTTAGGTATAGACCAG-1","L6"
"CTTAGTAGGCCTACAG-1","L3"
"CTTAGTGTAGTAGCAT-1","L6"
"CTTATGCGCTCAGGGC-1","L4"
"CTTATGTTGACTACCA-1","L3"
"CTTCAACTCCACTTGG-1","L6"
"CTTCACGCCCTGGTAC-1",NA
"CTTCAGTGGTCGCCTA-1","L5"
"CTTCATAGCTCAAGAA-1","L3"
"CTTCATTGTCAGTGGA-1","L3"
"CTTCCGCTCCGTGAAG-1","L6"
"CTTCCTGCATATTTAC-1","L3"
"CTTCGGCCAATTGTTT-1","L3"
"CTTCGTAGATAGGTGA-1","L4"
"CTTCTATGTTGAAGTA-1","L5"
"CTTCTATTAATGCTAG-1","L6"
"CTTCTGGGCGTACCTA-1","WM"
"CTTCTTACGTCGTATA-1","L3"
"CTTGACCCGAAAGATA-1","L3"
"CTTGAGGTTATCCCGA-1","L3"
"CTTGAGTTAGGGTAAT-1","L3"
"CTTGCAACCGCCTCCT-1","L5"
"CTTGCCCAGGCTCTAC-1","L5"
"CTTGGCCAAGCTGGGA-1","WM"
"CTTGTACTTGTTGACT-1","L3"
"CTTGTCAACATTCGAG-1","L5"
"CTTGTGAGTCTTTGAC-1","L3"
"CTTGTGCTCACCGATT-1","L3"
"CTTGTTGCTGAGTCAA-1","L3"
"CTTGTTTATGTAGCCA-1","L3"
"CTTTAACTTTCAAAGG-1","L3"
"CTTTAATATTGGTCGA-1","L5"
"CTTTACCGAATAGTAG-1","L5"
"CTTTAGGAACACTGTT-1","L3"
"CTTTAGTGCTATTATT-1","L5"
"CTTTCTGTGCGGGCTT-1","L6"
"CTTTGCATCGCTCTTG-1","L5"
"CTTTGCTGTCATGGAT-1","L3"
"CTTTGGCGCTTTATAC-1","L3"
"CTTTGGCTTTAGTAAA-1","L3"
"CTTTGGGATTGTTGCA-1","WM"
"GAAACAGATGACCACC-1","L3"
"GAAACAGCCATGCAGT-1","L3"
"GAAACATAGGAAACAG-1","L6"
"GAAACCATGGTGCGCT-1","L3"
"GAAACCGAATTACCTT-1","L5"
"GAAACCTATACAAATG-1","WM"
"GAAACTCGTGCGATGC-1","L3"
"GAAACTCTAATGAAGG-1","L3"
"GAAAGAACAGCGTTAT-1","L3"
"GAAAGCAGTGCACTTT-1","L6"
"GAAAGCCCTTTGGACC-1","L3"
"GAAAGTGACTAACTGC-1","L3"
"GAAATACCTGCTGGCT-1","L3"
"GAAATACTAAACGTTT-1","L3"
"GAAATATCACCATCAG-1","L3"
"GAAATCGCGCGCAACT-1","L3"
"GAAATGGCGGTGTTAG-1","L3"
"GAAATGGGATGTAAAC-1","L3"
"GAAATTAGCACGGATA-1","L3"
"GAAATTCACATCGCTG-1","L3"
"GAAATTGTCTCTATAA-1","L5"
"GAACACACATCAACCA-1","L3"
"GAACAGATTACTAAAT-1","L6"
"GAACCATCTGGGAGAC-1","L3"
"GAACCCTCTGTGTTCT-1","WM"
"GAACCTCGACCTACAC-1","L3"
"GAACCTTTAACGATCC-1","WM"
"GAACGACCGAATGATA-1","L3"
"GAACGATAAGTTAAAG-1","L3"
"GAACGCGGGTCACACG-1","L3"
"GAACGTCTCATGGTCG-1","L3"
"GAACGTTAGGAAGACG-1","L3"
"GAACTTAGCGCCCGGT-1","L3"
"GAACTTGTGCACGGGA-1","L3"
"GAAGAAACGATATTGT-1","L6"
"GAAGAACGGTGCAGGT-1","L3"
"GAAGACTTCAATGCCG-1","L3"
"GAAGCCACTGATTATG-1","WM"
"GAAGCCGGGTAAGCTC-1","L3"
"GAAGCCTGCACATTCC-1","WM"
"GAAGCGTGAGGAATTT-1","L3"
"GAAGCTCGGACCCGTC-1","L5"
"GAAGCTTGCTGACCGC-1","L3"
"GAAGGAGTCGAGTGCG-1","WM"
"GAAGGCTACCATTGTT-1","L3"
"GAAGTCAGTTGCACTA-1","L6"
"GAAGTCTCCCTAGCGA-1","L3"
"GAAGTGATTTATCGTG-1","L4"
"GAAGTGCTGGATAGCT-1","L3"
"GAAGTTTCCACTCAAT-1","L3"
"GAATAGACGCGACCCA-1","L3"
"GAATAGCATTTAGGGT-1","L3"
"GAATAGCCCTGCGGTC-1","L3"
"GAATAGTGCTCGATTA-1","WM"
"GAATATTCGGAGTCCC-1","L3"
"GAATCGACATGGTCAC-1","L3"
"GAATCGCCGGACACGG-1","L3"
"GAATCTGAACATTCTC-1","L4"
"GAATGCCGAAATGACC-1","L3"
"GAATGCGAATCGGTTC-1","WM"
"GAATGTATGGCAGGTC-1","L3"
"GAATGTGGTCCGGATT-1","L3"
"GAATGTTGGGTAATCT-1","L3"
"GAATTATAGTGAAAGG-1","L3"
"GAATTCACCCGGGTGT-1","L5"
"GAATTTCTCGCTGCAG-1","L3"
"GACAAACATATGCAGG-1","L3"
"GACAACGACCATTGAA-1","L3"
"GACAACGCAGCTTACG-1","L3"
"GACAAGAGATGAGATT-1","L5"
"GACACAAGGGAAGAAA-1","L3"
"GACACGAGTTAGAGGA-1","L3"
"GACACTGAGTTCAGTG-1","L5"
"GACACTGGAACCCGAT-1","L4"
"GACAGATTTCTGGCTC-1","L4"
"GACAGCCAGACCTGAC-1","L3"
"GACAGGCACACACTAT-1","L3"
"GACATACTGTCGCAGA-1","L3"
"GACATCCGTCGAACTG-1","WM"
"GACATCGATTTATAAC-1","L6"
"GACCAAACGTTGACTG-1","L5"
"GACCAGAGCCCTGTAG-1","L3"
"GACCAGGTCATTCATA-1","L3"
"GACCCAATTATGATAC-1","L5"
"GACCCGTCGCCGGCTA-1","L3"
"GACCGACGTGAAAGCA-1","L3"
"GACCGACTGAAGCGTC-1","L3"
"GACCGCGTCTGACGTG-1","L3"
"GACCGTCAGGTCGTGA-1","L3"
"GACCGTGCTGACGGTG-1","L4"
"GACCGTTACATGCGAC-1","L3"
"GACGACGATCCGCGTT-1","L5"
"GACGAGGCTAATAAAC-1","L5"
"GACGCCGTAAAGGCTA-1","L6"
"GACGCCTGTTGCAGGG-1","L3"
"GACGCTTGCTTCTAAA-1","L4"
"GACGGACCGCGTTCCT-1","L3"
"GACGGGTTGGCCCGTA-1","WM"
"GACGGTCAATAGAAGC-1","L3"
"GACGTGAGACTCCATG-1","L3"
"GACGTGTAGGGATTAT-1","L3"
"GACGTTCGTAAATACA-1","L3"
"GACTAACACAGCACCT-1","L3"
"GACTAAGATCATGCAC-1","L3"
"GACTAAGTAGGCTCAC-1","L3"
"GACTACAAAGCGGTGG-1","L5"
"GACTACAATTGCTCGT-1","L3"
"GACTCACCCACGTGAG-1","L3"
"GACTCCCAGAATAAGG-1","L3"
"GACTCCTTCCAATTGA-1","L5"
"GACTCGCGGGAATGAC-1","L3"
"GACTGATTGGTCACAA-1","L3"
"GACTGCAAATCGAGCT-1","L6"
"GACTGCACCAGCCCAG-1","L4"
"GACTGCGGCACGTGTA-1","L3"
"GACTGGGCGCCGCAAC-1","L3"
"GAGACTGATGGGTAGA-1","L3"
"GAGACTTCGCGACCGA-1","L6"
"GAGAGCGCAGTCCCTG-1","L3"
"GAGAGGGCGCGAGGTT-1","L4"
"GAGAGGTGCATTCTGG-1","L5"
"GAGATCTGCTTGGCAT-1","L3"
"GAGATCTGTCACTCCG-1","L3"
"GAGATCTTCCATGACA-1","L4"
"GAGATGACAATCCTTA-1","L3"
"GAGATGGGAGTCGACA-1","L5"
"GAGCACCTGTGTCCAG-1","L6"
"GAGCACGGCGCCTCTT-1","L3"
"GAGCATCAACAACTTG-1","WM"
"GAGCATCATCCCTGGG-1","L3"
"GAGCCACGGTAGTAGG-1","L3"
"GAGCCAGCTACCTGTG-1","L5"
"GAGCGAGGGAGTACCG-1","L3"
"GAGCGCAAATACTCCG-1","L4"
"GAGCGCGCACGAGTAG-1","L4"
"GAGCGCTGTTAGGTAA-1","L6"
"GAGCTAAGGGCATATC-1","L3"
"GAGCTCTCGGACCTAA-1","L3"
"GAGCTGTCGTCTCGGA-1","L3"
"GAGGAATGGAGAGGTT-1","L3"
"GAGGATAAACAGTGCT-1","L3"
"GAGGCCCGACTCCGCA-1","L6"
"GAGGCTATCAAAGTCG-1","L3"
"GAGGGAGTCAGATCGC-1","WM"
"GAGGGCATCGCGTATC-1","L3"
"GAGGGCCATAATATTA-1","L3"
"GAGGGCGCAGCTCTGC-1","L3"
"GAGGGTAGTAACAAAG-1","WM"
"GAGGTACATCCATCTT-1","L3"
"GAGGTCCCAAAGATCT-1","L3"
"GAGGTCTTAGTGGGTC-1","L3"
"GAGTAAACCGGAAAGT-1","L3"
"GAGTAAGGCCACGGGA-1","L5"
"GAGTACGGGTATACAA-1","L3"
"GAGTAGATACTAGTTG-1","WM"
"GAGTATCAAAGTTACA-1","L4"
"GAGTATGCCCGCCTTG-1","L5"
"GAGTATGCGCGTGCAT-1","WM"
"GAGTCAGACCAGAATC-1","L6"
"GAGTCCGCTTACCGGA-1","L5"
"GAGTCGACAGACCCTC-1","L3"
"GAGTGTCAACCAGAAA-1","L6"
"GAGTGTGCGGTACCCA-1","L3"
"GAGTTGATGGCAATTT-1","L5"
"GATAAATCGGTGGATG-1","L3"
"GATAACTCGCACTGTG-1","L3"
"GATAAGGCAGATGCAA-1","L3"
"GATACGATGGGAGTCA-1","L5"
"GATAGGTAACGTTGAC-1","L5"
"GATAGGTGTCCCGGGC-1","L3"
"GATATCTCATGCAATA-1","L3"
"GATATGAGACACTAAC-1","L3"
"GATATGCGGTAGCCAA-1","L3"
"GATATGGATTACGCGG-1","L3"
"GATATTGAGATTGGCG-1","L3"
"GATATTTCCTACATGG-1","L3"
"GATCAACATAAAGGGA-1","WM"
"GATCATTCCAAACATT-1","L3"
"GATCCCTTTATACTGC-1","L3"
"GATCCGAATATAAGTG-1","L3"
"GATCCGGGAATTAACA-1","L3"
"GATCCTAAATCGGGAC-1","L3"
"GATCCTCGACACTGGC-1","L5"
"GATCCTCTTGCGCTTA-1","L3"
"GATCGACACTATCTGA-1","L3"
"GATCGCGGGCTCTCCA-1","L3"
"GATCGCTACCCGATTT-1","L4"
"GATCGCTATATCTCAG-1","L6"
"GATCGCTGTGGTGCGT-1",NA
"GATCGGATAGAACCAT-1","L3"
"GATCGGCGATAAGTCG-1","L3"
"GATCGGTGGCCATAAC-1","L3"
"GATCGTGACTGATATC-1","L3"
"GATCTCGACGCTGTGG-1","L3"
"GATCTGCTATCTAAGG-1","WM"
"GATCTTCATTGTCCTC-1","L3"
"GATCTTGGAGGGCATA-1","L5"
"GATCTTTGCAGGGTAT-1","L4"
"GATGACAAGTAGGGCA-1","L6"
"GATGACGATGATCGCG-1","L3"
"GATGCCAGCAGAAGGC-1","L3"
"GATGCCTTCTGCGGCA-1","L6"
"GATGCGAATGGTATTA-1","L3"
"GATGCGTCCTGCATTC-1","L3"
"GATGCTACAAGCGCCT-1","L3"
"GATGCTGTATTTCATC-1","L4"
"GATGGCGCACACATTA-1","L3"
"GATGGTGCCCTAGGCA-1","L3"
"GATGTAACGAACCACC-1","L5"
"GATGTCCGGATCACAT-1","L3"
"GATGTCGGTCAACTGC-1","L3"
"GATGTGTTGTCACAAG-1","L3"
"GATGTTCAATCCACGA-1","L5"
"GATGTTTGTGCGAGAT-1","L3"
"GATTAACCGAAAGCCC-1","L5"
"GATTACTGAATTTGGG-1","L5"
"GATTCCCTTGTCGCAG-1","L3"
"GATTCCGCGTTTCCGT-1","L3"
"GATTCCTATACGGCGC-1","L3"
"GATTCGACGGTTCACG-1","L4"
"GATTGACACTCTGCTC-1","L3"
"GATTGCTCCAGTTGCA-1","WM"
"GCAAACCCTACATTAT-1","L5"
"GCAAACCTTGGCCATA-1","L6"
"GCAAACGTCGCCAGGT-1","L3"
"GCAAAGGGCGTTAGCC-1","L6"
"GCAAATATTACGCTTT-1","L3"
"GCAACACACTAGAACT-1","L5"
"GCAACAGCAGTATGCG-1","L3"
"GCAACCACCAGACCGG-1","L3"
"GCAACCACGGCCGCGT-1","L5"
"GCAACGGCTAGTTATG-1","L3"
"GCAAGAATTCCTTGGC-1","L5"
"GCAAGTGCACAGAGAA-1","L3"
"GCAATTAGTCGCACCG-1","L3"
"GCACAAACCCTAGATG-1","L6"
"GCACAAACGAGGCGTG-1","L3"
"GCACAACCTCGGGCGT-1","L5"
"GCACAAGTGTCGGAAG-1","L3"
"GCACACACTGGTAGCC-1","L5"
"GCACACGCCCATGGTC-1","L3"
"GCACGCCTACTTAGAT-1","L6"
"GCACTAGTCGCGCTAT-1","L3"
"GCACTGTGCAAATGTA-1","L3"
"GCAGAAGGTAATCTCC-1","L3"
"GCAGACCCAGCACGTA-1","L3"
"GCAGATCCATAAGACT-1","L5"
"GCAGATCCTCGCAAAT-1","L3"
"GCAGATTAGGGATATC-1","L3"
"GCAGCACACAGCCCAG-1","L4"
"GCAGCCTATATCACAT-1","L3"
"GCAGCGGTGGGCATTA-1","L3"
"GCAGGAACTTAGATCT-1","L5"
"GCAGGACTATAGAATA-1","L3"
"GCAGGTAGAGTATGGT-1","L3"
"GCAGTGTGGCTATAGG-1","L6"
"GCAGTTCGATCCGAGC-1","L5"
"GCATACGAGGTCTTTA-1","L3"
"GCATAGAGCACTCAGG-1","L3"
"GCATCCCTAACTTTGA-1","L3"
"GCATCGGCCGTGTAGG-1","L4"
"GCATGAGGGACGCGGC-1","L3"
"GCATTCAAGGCAACGC-1","L3"
"GCATTCGAAATGAACA-1","L3"
"GCATTGTAATTCATAT-1","L4"
"GCATTTCCAAGGCTCC-1","L3"
"GCCAACCATTTCCGGA-1","L3"
"GCCAAGAATACTTCTG-1","L4"
"GCCAATAGGGCATCTC-1","L3"
"GCCACAATTTAAGGAC-1","L5"
"GCCACTCAGAGCGCGA-1","L5"
"GCCACTCCTTACGGTA-1","L4"
"GCCAGGAGTAACCGAT-1","L3"
"GCCAGGCGTTCGCATG-1","L3"
"GCCATATTGCACACAG-1","L3"
"GCCATCGAGCTGCGTG-1","L6"
"GCCATCGATGCTGCAT-1","L3"
"GCCATTAGCCTCAAAC-1","L5"
"GCCCACCAAGGCTGTC-1","L3"
"GCCCAGATGCTGGAGA-1","L3"
"GCCCAGTTGGTATGCC-1","L3"
"GCCCGACTTCTTCCCG-1","L5"
"GCCCGAGAGTCTAAAT-1","L6"
"GCCCGATCTGTGGTCG-1","L6"
"GCCCGCGCGTAAACGG-1","L5"
"GCCCGCGCGTTTGACA-1","L3"
"GCCCGTAATACCTTCT-1","L3"
"GCCCTAGCCGTCGCGA-1","L5"
"GCCGAAATTCCTACGT-1","L3"
"GCCGACCCACGACTGC-1","WM"
"GCCGATTGGCCAAGCT-1","L4"
"GCCGCACTCCGTTTCA-1","L3"
"GCCGCATTAGTCCGGC-1","L3"
"GCCGCTAGATACGCAG-1","L3"
"GCCGCTTGTGAGAAAC-1","L3"
"GCCGGGTTAGGGTCGC-1","L4"
"GCCGTGGAAGAAATGT-1","L3"
"GCCTAGCGATCTGACC-1","L3"
"GCCTATAGTGTCAGGG-1","L3"
"GCCTATGCTGGGCCTT-1","L3"
"GCCTATTCCGATATAG-1","L3"
"GCCTATTTGCTACACA-1","L3"
"GCCTCATCTGGAAATA-1","L3"
"GCCTCCGACAATTCAC-1","L5"
"GCCTCTATACATAGCA-1","L6"
"GCCTGCTACACTGAGA-1","L3"
"GCCTTCAGCCCTACCG-1","L3"
"GCCTTGTATATGCAGT-1","L3"
"GCCTTTGTCAGTGGAC-1","L6"
"GCGAAACGATCGGGAG-1","L5"
"GCGAAACTTAACTGGA-1","L4"
"GCGAAGCCATACCCGT-1","L3"
"GCGACATGTAAACATC-1","L3"
"GCGACCCAACCATCTG-1","L6"
"GCGACGATAGTTGTAC-1","L5"
"GCGAGAAACGGGAGTT-1","L3"
"GCGAGAGGCCATGTAA-1","L3"
"GCGAGAGTTGCGTCCA-1","L3"
"GCGAGCGCATGCTCCC-1","L3"
"GCGAGGCCCGAGCAGA-1","L4"
"GCGAGTTCTGCAAAGA-1","L3"
"GCGATTCTGGAAGCAG-1","L3"
"GCGATTGTTAACGTTA-1","L3"
"GCGCAAATATATTCAA-1","L6"
"GCGCAAGAGCGCGCTG-1","L3"
"GCGCATCCAGTCAGCA-1","L3"
"GCGCCGTTCCACGATA-1","L4"
"GCGCCTCCCACTCCGA-1","L3"
"GCGCGTCATTGGTACA-1","L6"
"GCGCTAATTGAATAGA-1","L3"
"GCGCTATGCCGAGGCA-1","L5"
"GCGCTGATCCAGACTC-1","L3"
"GCGCTGCTTTGCATTT-1","L3"
"GCGCTTAAATAATTGG-1","L5"
"GCGGACCGCGTTGTGG-1","L6"
"GCGGAGAAACTTCGCA-1","L6"
"GCGGAGAGGGAGAACG-1","L5"
"GCGGCAAAGTATTGCC-1","L6"
"GCGGCTCTGACGTACC-1","L4"
"GCGGGAACCAGGCCCT-1","L3"
"GCGGGCATTACGATGC-1","L3"
"GCGGGCGAGCCTTACC-1","L6"
"GCGGTAACCCAAATGA-1","L3"
"GCGGTCCCGGTGAAGG-1","L3"
"GCGGTCCCTAGACGCA-1","L3"
"GCGGTGAACTGCGCTC-1","L3"
"GCGGTTCCCTATCATG-1","L5"
"GCGTAAATGGCCATAA-1","L3"
"GCGTCCCTAAGACATA-1","WM"
"GCGTCGAAATGTCGGT-1","L3"
"GCGTCGCCAGGGTGAT-1","L6"
"GCGTCTAACCTCCTAA-1","L3"
"GCGTCTCTGCATTGGG-1","L4"
"GCGTGGTACTGGGTTA-1","L3"
"GCGTGTATGTCGTATT-1","L3"
"GCGTTATATTTGGAAC-1","L3"
"GCGTTCGGAGACCGGG-1","L3"
"GCTAAACCTGAGGTGA-1","L3"
"GCTAACTGAAGTCTGA-1","L5"
"GCTAAGTAAAGGCGAT-1","L3"
"GCTAAGTAGTTTCTCT-1","L3"
"GCTAATACCGAATGCC-1","L3"
"GCTACAGTACGGACCG-1","L3"
"GCTACGACTTATTGGG-1","L4"
"GCTACTATAGTAGAGT-1","L5"
"GCTAGACCGTCTACTG-1","L3"
"GCTAGAGTAGAGATGT-1","L5"
"GCTAGCACCTGGGCCA-1","L3"
"GCTAGCAGGGAGTGGG-1","L3"
"GCTAGCGATAGGTCTT-1","WM"
"GCTAGCTTGAATAGCT-1","L6"
"GCTAGGCACCACGGAG-1","L5"
"GCTAGTAGAGCTTGTA-1","L3"
"GCTAGTTTCATTGAGG-1","L3"
"GCTATACGTCTCGGAC-1","L5"
"GCTATCATACTCATGG-1","L5"
"GCTATCGCGGCGCAAC-1","L3"
"GCTCAACCTCTTAGAG-1","L3"
"GCTCAATCCGTTTATT-1","L6"
"GCTCAATGTAATACCG-1","WM"
"GCTCATTACTGCATGT-1","L3"
"GCTCCCAGTCGGTCCA-1","L3"
"GCTCCGCTCGCTTCAG-1","L3"
"GCTCCGGACGTTGATA-1","L3"
"GCTCCTGACATACTGG-1","L6"
"GCTCGCGGTTCCGCTC-1","L3"
"GCTCGCTCATGTCCAA-1","L3"
"GCTCGGAATTTAAAGC-1","L3"
"GCTCTAAACCCTGACG-1","L3"
"GCTCTATGTTACGTGC-1","L3"
"GCTCTCGGGTACCGAA-1","L3"
"GCTCTTTCCGCTAGTG-1","WM"
"GCTGAACTCTCCAGGG-1","L3"
"GCTGAATCTTCCAATC-1","L6"
"GCTGAGCAACGGTTCT-1","L3"
"GCTGAGGCGTGAGTAT-1","L4"
"GCTGCACGGTTTCTTA-1","L3"
"GCTGCTAAGTAGTCGA-1","L6"
"GCTGCTACTGCGTAGC-1","L5"
"GCTGCTCTCCGGACAC-1","L3"
"GCTGGCAGGTGCCGTG-1","L3"
"GCTGGCATATTCACCT-1","L3"
"GCTGGCGGCGCATGCT-1","L6"
"GCTGGTTTAGGCCATA-1","L6"
"GCTGTATTACTGGCCC-1","L5"
"GCTGTCTGTGATCGAC-1","L3"
"GCTGTTGCTACCGAAC-1","L3"
"GCTTAATGTAACTAAC-1","L3"
"GCTTACGTAGTTAGTA-1","L3"
"GCTTATGAAGCAGGAA-1","L3"
"GCTTCCGTCCCTAGAC-1","L3"
"GCTTGATGATAATCAG-1","L3"
"GCTTGCAGCACAATTG-1","L3"
"GCTTGGATCGATTAGG-1","L3"
"GCTTTCAGAGGAGGTG-1","L3"
"GGAAACCTTGTTGAAT-1","L3"
"GGAAACTAAATGGGCC-1","L5"
"GGAAAGTGCCCATGCC-1","L3"
"GGAACCCGAACAAGAA-1","L3"
"GGAACCGTGTAAATTG-1","L5"
"GGAACCTTGACTCTGC-1","L6"
"GGAACGGCCTGCAGCC-1","L3"
"GGAACTTTGGCGATTA-1","L5"
"GGAAGCTCGCTTACAG-1","L3"
"GGAATAACCTCAAGAA-1","L3"
"GGAATGCGCTAGCGTG-1","L3"
"GGACACAAGTTTACAC-1","L3"
"GGACCAACAGGATAAC-1","L5"
"GGACCTACGGTAACGT-1","L3"
"GGACCTCTAGGCCGCC-1","L6"
"GGACGGCTTGCGCAAC-1","L3"
"GGACTAAGTCAGGAGT-1","L3"
"GGACTCACAAATTAGG-1","L3"
"GGACTCGTGAGTGGTC-1","WM"
"GGAGAAGTCATTGGCA-1","L3"
"GGAGACCAATGTGCTT-1","L3"
"GGAGACCATCTACATA-1","L5"
"GGAGACGACACCTTTG-1","L4"
"GGAGCAACATTTCAAG-1","L5"
"GGAGCACCAAGAACTA-1","L3"
"GGAGGATTGAAAGGAG-1","L3"
"GGAGGCCGAAGTCGTC-1","L3"
"GGAGGCGAAGAACCGC-1","L3"
"GGAGGGCTTGGTTGGC-1","L3"
"GGAGTGCCGCCCTGGA-1","L3"
"GGATACTCATGAATTG-1","L3"
"GGATCAAAGGACGAGG-1","L3"
"GGATCATCCCGTACGC-1","L3"
"GGATCCGGAATATACT-1","L3"
"GGATCTTACTGCCCTT-1","WM"
"GGATCTTGACTCAACC-1","L5"
"GGATGAAGATCGCTGA-1","L3"
"GGATGACGCGAGTTTA-1","L4"
"GGATGCTGGCGTTCCT-1","L3"
"GGATGTCCTTACCGCA-1","L3"
"GGATTAAGCTAAGGTC-1","L3"
"GGATTCAGTACGGTGG-1","L3"
"GGATTCCGCTATACCC-1","L3"
"GGATTGCTGTGACTCC-1","L6"
"GGATTTCACTTCTATA-1","L3"
"GGCAAAGGCGCCAATA-1","L6"
"GGCAAATTACTTTACT-1","L5"
"GGCAAGCCAGGGATAG-1","L3"
"GGCAAGGCGAAATAGC-1","L5"
"GGCAATAGTCAATGAG-1","L3"
"GGCACTCAGCCGACCC-1","L4"
"GGCACTCCACTGGGCA-1","L3"
"GGCAGAGAGATCGGGA-1","L3"
"GGCAGCAAACCTATGC-1","L4"
"GGCAGCGGTAATCCTA-1","L3"
"GGCATACAGGTAGCGG-1","L3"
"GGCATATCGGTTCTGC-1","L3"
"GGCATCAACGAGCACG-1","L3"
"GGCCCGGAGCATGTCT-1","L3"
"GGCCCGTATACCATGC-1","L3"
"GGCCCTCACCCACTTA-1","L3"
"GGCCGAGACTCTGGTG-1","WM"
"GGCCGGCGTCTGCTAT-1","WM"
"GGCCGTTTGGGTTTCA-1","WM"
"GGCCTGCTTCTCCCGA-1","L5"
"GGCCTTTGCAACTGGC-1","L3"
"GGCGAAATCTAACTTG-1","L3"
"GGCGAACCGTTCTGAT-1","L3"
"GGCGAGCGAAACGGCA-1","L5"
"GGCGCAGGACATCTTC-1","L3"
"GGCGCATGAATTGATG-1","L5"
"GGCGCGGAGATCTTTC-1","L6"
"GGCGCGTTCGAGTTTA-1","L5"
"GGCGCTCCTCATCAAT-1","L3"
"GGCGGAGTAATATTAG-1","L3"
"GGCGGTAGGATCATTG-1","L3"
"GGCGGTTTGCCGGTGC-1","L3"
"GGCGTAGGGAAAGCTG-1","L6"
"GGCGTCCTATCCGCTG-1","L3"
"GGCTAAAGGGCGGGTC-1","L3"
"GGCTACTATACACTCC-1","WM"
"GGCTATTAAGTTGTAT-1","L3"
"GGCTCCTCCACCTGTT-1","WM"
"GGCTCGCGTTGAGGTA-1","L3"
"GGCTCGTGCCACCAGC-1","L3"
"GGCTCTGCTCCAACGC-1","L3"
"GGCTGAAATAGCAAAG-1","L5"
"GGCTGAGCATCGTAAG-1","L3"
"GGCTGGCTAGCTTAAA-1","L3"
"GGCTTGGCTCTCACCT-1","L3"
"GGCTTTCAATAAGGGT-1","WM"
"GGGAACGGGAGGTTAG-1","L4"
"GGGAACGGTTTCAGAT-1","WM"
"GGGAAGACGGTCTGTC-1","WM"
"GGGAAGGGCTTTCTCA-1","L6"
"GGGAATGAGCCCTCAC-1","L3"
"GGGAATTCTGTCCAGT-1","L3"
"GGGACAGAGTTACTCC-1","L6"
"GGGACCCGTATATCTT-1","L6"
"GGGACTGCATAGATAG-1","L3"
"GGGAGAACTCACAGTA-1","L3"
"GGGAGGATGCCCGAAA-1","L4"
"GGGAGTAATGGCTGGC-1","L3"
"GGGAGTTAATGAGGCG-1","L3"
"GGGATACGGTAATAAT-1","L3"
"GGGATCCCAATACAAA-1","L3"
"GGGATGGTCGTAACCG-1","L5"
"GGGATTTACCGCACCT-1","L3"
"GGGCAACCGCACGTGC-1","L5"
"GGGCAGAGCAATCGTT-1","WM"
"GGGCCCGTCTTAAACA-1","L5"
"GGGCCCTACGAAAGGG-1","L3"
"GGGCCGGCCGAAGTAC-1","L3"
"GGGCCTAAATGGGCTA-1","L4"
"GGGCGAATTTCTCCAC-1","L3"
"GGGCGATATGTGTGAA-1","L3"
"GGGCGCAGCGTTACTC-1","L3"
"GGGCGGCAAATGAATT-1","L5"
"GGGCGGGTTCCCTACG-1","L5"
"GGGCGGTCCTATTGTC-1","L3"
"GGGCGTACATTTATAT-1","L3"
"GGGCGTCACCACGTAA-1","L5"
"GGGCGTCCACTGGCTC-1","L3"
"GGGCGTGGTTTCCCAG-1","L6"
"GGGCGTTTACATTCAT-1","WM"
"GGGCTATGATCGATGG-1","L6"
"GGGCTCATCGAACCCA-1","L3"
"GGGCTGCCTAGGGCGA-1","L3"
"GGGCTGGTTAGTCGCG-1","L3"
"GGGTAATGCTGTGTTT-1","L3"
"GGGTACCCACGGTCCT-1","L3"
"GGGTACTTCATGAACT-1","L4"
"GGGTATGTATGCACTT-1","L3"
"GGGTATTCTAGCAAAC-1","L5"
"GGGTCACCGTGACGGT-1","L3"
"GGGTCACGTGCTTATG-1","L3"
"GGGTCAGGAGCTAGAT-1","WM"
"GGGTCATGCGTACCAT-1","L3"
"GGGTCGTGGCAAGTGT-1","L3"
"GGGTGACACCTTAACT-1","L5"
"GGGTGCATATGAAAGC-1","L3"
"GGGTGGTCCAGCCTGT-1","L3"
"GGGTGTTTCAGCTATG-1","L3"
"GGGTTAACATTTGAGT-1","L6"
"GGGTTCAGACGAACAA-1","L3"
"GGGTTTAGGATAGGAT-1","L3"
"GGTAAATGTGCGTTAC-1","L3"
"GGTAACCGGGAGGATA-1","L6"
"GGTAACTATGTATCTG-1","L3"
"GGTACAAACATGCTAT-1","L4"
"GGTACACCAGATTTAT-1","L3"
"GGTACATCTGGGACGA-1","L3"
"GGTACCATTAAGACGG-1","L3"
"GGTACTAAGTGCTTTG-1","L3"
"GGTAGAAGACCGCCTG-1","L6"
"GGTAGACCGTTGGGCG-1","L6"
"GGTAGTGCTCGCACCA-1","L3"
"GGTATAGTGACACATA-1","L3"
"GGTATTGCCGAGTTTA-1","L3"
"GGTCAAGACTACTTCG-1","L5"
"GGTCACGTTAGATTCA-1","L3"
"GGTCAGTGGGTCCCAC-1","L5"
"GGTCCCATAACATAGA-1","L3"
"GGTCGGATAAACGGCG-1","L3"
"GGTCGGCCAGGAGCTT-1","L3"
"GGTCGGTAATTAGACA-1","L3"
"GGTCGGTCGTCCACAG-1","L6"
"GGTCGTAAGCTCGCAC-1","L5"
"GGTCTCCAAGTAGTGC-1","L3"
"GGTCTCTGAATGGACT-1","L6"
"GGTCTGAGAATCTGGA-1","L3"
"GGTCTTGAGCGCTCTT-1","WM"
"GGTGAAACCGGGAATG-1","L3"
"GGTGAACGGGCTAGCC-1","L3"
"GGTGAAGTACAGGGAT-1","L5"
"GGTGAGATGCAGATAA-1","L3"
"GGTGATAAGGAGCAGT-1","L3"
"GGTGATTTCATCTTGT-1","L3"
"GGTGCGGATAAGTGGC-1","L3"
"GGTGCTGATCACAAAG-1","L3"
"GGTGCTGGTACACATT-1","L5"
"GGTGGACCACGTGTTA-1","L3"
"GGTGGACTGCTCTGGC-1","L5"
"GGTGGAGGTTGATACG-1","L3"
"GGTGTTCTGTTTCTAC-1","L3"
"GGTGTTGGGCGTCTTA-1","L3"
"GGTTACCACCCTCGGG-1","L5"
"GGTTACCCGACACTTT-1","L3"
"GGTTAGCTATATGTCT-1","L4"
"GGTTAGGCTTGGAGAA-1","L3"
"GGTTAGTTACGGCGCC-1","L3"
"GGTTCCACCCGCTTCT-1","L3"
"GGTTCTACTCGTCTGA-1","L3"
"GGTTGTGCTCTTGTCC-1","L3"
"GGTTGTGTAGCCTGGC-1","L3"
"GGTTTAATTACCATCG-1","WM"
"GGTTTAATTGAGCAGG-1","L3"
"GGTTTACAATCTCAAT-1","L3"
"GGTTTAGCCTTTCTTG-1","L3"
"GGTTTCAATCGGTCAG-1","L3"
"GGTTTGAGTGCTGGAA-1","L3"
"GGTTTGTGACCTGAGG-1","L5"
"GTAACATCTAAGATAA-1","L5"
"GTAACTGCCCAAGGAG-1","WM"
"GTAACTTGCGGCAGTC-1","L3"
"GTAAGCGGGCAGTCAG-1","L3"
"GTAAGGATTTGTCGGA-1","L3"
"GTAAGTAACAGTCTGG-1","L3"
"GTAAGTAGGGTATACC-1","L3"
"GTAAGTCCACACTCTA-1","L3"
"GTAATAAAGGGCTCCC-1","L3"
"GTAATCTGATTCTTCG-1","L5"
"GTACACTTACCTGAAG-1","L3"
"GTACAGAGGCAAGGGT-1","L3"
"GTACGACGGCGCTGCG-1","L3"
"GTACGAGATTGCGACA-1","L3"
"GTACGCTTCATTGCAC-1","L5"
"GTACGTTTGCCCGTCA-1","L5"
"GTACTAAGATTTGGAG-1","L3"
"GTACTCCCTTATCGCT-1","L3"
"GTACTCCTGGGTATGC-1","L3"
"GTACTGAGGTCGTAAC-1","L3"
"GTACTGCATGAAGCGT-1","L3"
"GTACTGGAGTTAGACC-1","L3"
"GTACTTGGGCACTTCT-1","L3"
"GTAGAAACGGGTGGAG-1","L3"
"GTAGACAACCGATGAA-1","L3"
"GTAGACACGCCTGACT-1","WM"
"GTAGACGTCGTTACAT-1","L3"
"GTAGAGGGAGACAAGT-1","L5"
"GTAGCCAAACATGGGA-1","L5"
"GTAGCGCTGTTGTAGT-1","L3"
"GTAGCGGCTATACACT-1","L3"
"GTAGCTCCGGGAGGCT-1","WM"
"GTAGCTTCCTCTTGTT-1","L3"
"GTAGGTGATCCGTGTA-1","L3"
"GTAGTCGCGGGAATCA-1","L5"
"GTAGTCTACGATATTG-1","WM"
"GTAGTTCGAAGGCGAA-1","WM"
"GTATAATCTCCCGGAT-1","L3"
"GTATAGGACTCAGTAG-1","L3"
"GTATAGTGGCCCATGT-1","L3"
"GTATCAAACGTTAGCT-1","L5"
"GTATCAGCTTGGGTTC-1","L3"
"GTATCCTTTGGTAACC-1","L6"
"GTATCTCAGTCTTGAC-1","L6"
"GTATCTCGGGCGCTTT-1",NA
"GTATCTTTCATAACCA-1","L5"
"GTATGAAATTTCACTC-1","L5"
"GTATGACGTGGGAAAC-1","L3"
"GTATGTGGGTCTAGTT-1","L3"
"GTATTAAGGCGTCTAA-1","L3"
"GTATTCTGAGAAACGA-1","L5"
"GTATTTAATGGCATAA-1","L3"
"GTCAAAGAAGTGGTGT-1","L6"
"GTCAAAGTTTACATAG-1","L3"
"GTCAAGCGGACTCGGG-1","L3"
"GTCAATGCTATAATTT-1","L3"
"GTCAATTGTACTGAAG-1","L3"
"GTCACAAAGTTTCCAA-1","L3"
"GTCACCTGTCTATGTC-1","L3"
"GTCACTCTCCAAATCT-1","L3"
"GTCAGAATAGTCTATG-1","L3"
"GTCAGTTGTGCTCGTT-1","L3"
"GTCAGTTTGGTAGTCG-1","L3"
"GTCATGCACCTCCGTT-1","L3"
"GTCATGGACATGACTA-1","L3"
"GTCATTAGAGCGAACG-1","L3"
"GTCATTGCATTGACCC-1","L3"
"GTCCAATATTTAGCCT-1","WM"
"GTCCATTACTGCTACG-1","L3"
"GTCCCAACGTAAAGTA-1","L3"
"GTCCCGCGACGTTATG-1","L6"
"GTCCGAGAGCAATCAT-1","L3"
"GTCCGGACCTGAAATT-1","L5"
"GTCCGGCTGAATTGCG-1","L3"
"GTCCTACAGGCGGCTC-1","L3"
"GTCCTACGAATAGTCT-1","L5"
"GTCCTATTGTTGTGGT-1","L3"
"GTCCTTCTACAACCCA-1","L3"
"GTCCTTCTAGTGGGTT-1","L3"
"GTCCTTTAATGACTTC-1","L3"
"GTCGATAGGTGACTTT-1","L3"
"GTCGCCGTTGTGTGTT-1","L6"
"GTCGCGTAACCCGTTG-1","L3"
"GTCGGATATCTCAGAC-1","L3"
"GTCGGATGTAGCGCGC-1","L3"
"GTCGGGAAGCAGAAAC-1","WM"
"GTCGTACCATCTCGGG-1","L5"
"GTCGTACCTACGATTG-1","L3"
"GTCGTATTGGCGTACA-1","L3"
"GTCGTCAATTATAAGG-1","L3"
"GTCGTCTGGTTGGCTA-1","L3"
"GTCGTGTCTGGTCATC-1","L3"
"GTCGTTATTCGCTTAT-1","L5"
"GTCTACTCAATTACAA-1","L3"
"GTCTATCTGAGTTTCT-1","L5"
"GTCTATTGGTTCCGGT-1","L5"
"GTCTCAAGGCCCGGCT-1","WM"
"GTCTCCTGCCAGTATG-1","L6"
"GTCTCGACTAAGTTTG-1","L3"
"GTCTCGATCTGCTTTC-1","L3"
"GTCTGGGCGGTCGAGA-1","L5"
"GTCTTAGTACAGCCGG-1","L3"
"GTCTTGAGGAGCAGTG-1","L3"
"GTCTTGTAGCTATTCA-1","L3"
"GTGAAACGGCGCCACC-1","L3"
"GTGAAACGTGCTCCAC-1","L3"
"GTGAACTCCCATTCGA-1","L3"
"GTGAAGATTTCAAGTG-1","L3"
"GTGAAGCCGTATAGTC-1","L3"
"GTGACAGCTTCCCACT-1","WM"
"GTGACCGCACACTACG-1","L3"
"GTGACCTAAAGAATAA-1","L3"
"GTGACGAGGGTGACCC-1","L3"
"GTGACGCAGGTTTCAT-1","WM"
"GTGACTTCAGTAGTGC-1","L5"
"GTGAGCGTGCTGCACT-1","L3"
"GTGAGGACACTTAAGG-1","L3"
"GTGAGGAGCGGTTGAG-1","L3"
"GTGAGTCTAAGACGGA-1","L3"
"GTGAGTGGTACAACGC-1","L6"
"GTGATCAAGCGTGCAC-1","WM"
"GTGATCACTAACGCCT-1","L4"
"GTGATCATAGATCTGC-1","L5"
"GTGATCCTTGTCATGA-1","L6"
"GTGATGCACAACATCT-1","L3"
"GTGATTCGCCGCTCAA-1","L5"
"GTGCAACAAATGTGGC-1","L3"
"GTGCACCAGCTTCAAC-1","WM"
"GTGCACGAAAGTGACT-1","L3"
"GTGCAGCGTAGAGTAG-1","L3"
"GTGCCATCACACGGTG-1","L5"
"GTGCCCGTTCGGATTC-1","L3"
"GTGCCGCTTCAAAGGT-1","L5"
"GTGCCTCAGTGTACGG-1","L3"
"GTGCGAAATCGAACAC-1","L5"
"GTGCGACAGGGAGTGT-1","L3"
"GTGCGGGACCATCGGC-1","L3"
"GTGCGGGTCTCCAAAT-1","L3"
"GTGCGTGTATATGAGC-1","L3"
"GTGCTCAAGTACTGTC-1","L3"
"GTGCTTACATCAGCGC-1","L3"
"GTGGAACCTACATGCG-1","L3"
"GTGGACCAACCCGATT-1","L5"
"GTGGACGCATTTGTCC-1","L6"
"GTGGACGTGCTGAGAC-1","L3"
"GTGGAGCATGTCGGCC-1","L3"
"GTGGAGCGTTTACCGA-1","L6"
"GTGGAGTCGGCGGTTG-1","L6"
"GTGGCAAACAGCGGCA-1","L5"
"GTGGCCTAATATCATT-1","L3"
"GTGGCGGTCCCAGCGT-1","L4"
"GTGGCGTGCACCAGAG-1","L3"
"GTGGGAAGACTGAATC-1","L5"
"GTGGGCTTAGACACAC-1","L3"
"GTGGTATAGTCTGCCG-1","L6"
"GTGGTCAGCGAAGTAT-1","L3"
"GTGGTGGCCAAGTGAA-1","L4"
"GTGGTTACTTCTTTCG-1","L3"
"GTGGTTTCCGCCTTTC-1","L5"
"GTGTACCTTGGCTACG-1","L3"
"GTGTATATCAGCGGGC-1","L6"
"GTGTCCGATAAGGCAT-1","L3"
"GTGTCGTATAGCGTTC-1","L5"
"GTGTGAATAACTTAGG-1","L3"
"GTGTTACTATGCGTCC-1","L3"
"GTTAAAGTAGGACTGG-1","L5"
"GTTAACATCACTTAAA-1","L6"
"GTTAACTATGTTGTCA-1","L3"
"GTTAAGGGTGCGATGT-1","WM"
"GTTAAGTTAGAGTGGG-1","L3"
"GTTAATGTCTATCTTA-1","L3"
"GTTACAATTGGTGACG-1","L4"
"GTTACCTACAACTTGC-1","L5"
"GTTACTTTGGGCCTAG-1","L5"
"GTTAGAGTGTGCCGCT-1","L3"
"GTTAGCCGTAAATCAA-1","L3"
"GTTAGGCTACCCGTTT-1","L5"
"GTTATAATACGGTGAA-1","L4"
"GTTATATCAGGAGCCA-1","L3"
"GTTATATTATCTCCCT-1","L5"
"GTTATCACCTTCTGAA-1","L3"
"GTTATTAAATACGACC-1","L3"
"GTTATTAACGTGGGAG-1","L3"
"GTTCAATCTATGTCAA-1","L3"
"GTTCACAGGAGTCTAG-1","L3"
"GTTCATCGTTTGGCTG-1","L3"
"GTTCCAGTCTGACCAT-1","L3"
"GTTCCCGTAAACATAT-1","L5"
"GTTCGCCATAAGTGCC-1","L4"
"GTTCGCTGAGACGTCT-1","L4"
"GTTCGGATCGGGAACA-1","L3"
"GTTCGGGCGTACCATT-1","L3"
"GTTCGTCTAAAGAACT-1","L5"
"GTTCGTCTGGGTCCCT-1","L3"
"GTTCTTCCCTCGATGT-1","L3"
"GTTGAACCGGTTCCAT-1","L5"
"GTTGAGTCCCGCCGGT-1","L5"
"GTTGCACGGAGTTTCG-1","L3"
"GTTGCGCTAACATTAC-1","L3"
"GTTGCGGACGGTCAGG-1","L4"
"GTTGGACCGCATCAGG-1","L3"
"GTTGGATTCAGTGGCT-1","L3"
"GTTGGATTGAGAACAC-1","L3"
"GTTGGATTTGCGTTGG-1","L3"
"GTTGGTCATGCTATCC-1","L6"
"GTTGTCGTGTTAGTTG-1","L3"
"GTTTACGTTCCATCTG-1","L5"
"GTTTATGGGATTTAGA-1","L3"
"GTTTCAAACGAGTTGT-1","L5"
"GTTTCATATCGTCGCT-1","L4"
"GTTTCCTGGAGGGTGA-1","L3"
"GTTTCTGCAGTCTCCC-1","L3"
"GTTTGACCAAATCCTA-1","L3"
"GTTTGGCCCAAGTTAT-1","L3"
"GTTTGGCCGCTCAGCG-1","L3"
"GTTTGGGCTTGTGAGC-1","L5"
"GTTTGGGTTTCGCCCG-1","L6"
"GTTTGGTAGGGTCAAC-1","L6"
"GTTTGGTGATCGGTGC-1","WM"
"TAAACCCAGGAGGGCA-1","L6"
"TAAACGTCGTCAATGA-1","L3"
"TAAAGACAACCCTTTA-1","L3"
"TAAAGAGCCCGAAACC-1","L3"
"TAAAGCGGTATTTCCA-1","WM"
"TAAAGCGTTAGGAGAA-1","L3"
"TAAAGCTGCAATAGGG-1","L3"
"TAAATCTTTACACCTC-1","L3"
"TAAATGAATCCGTTTC-1","L3"
"TAACAAAGGGAGAAGC-1","L3"
"TAACAATATTTGTTGC-1","L3"
"TAACAGCGTTTGTGCT-1","WM"
"TAACATACAATGTGGG-1","L3"
"TAACATACACGCGATC-1","L6"
"TAACCGCCCGCAGTGC-1","L3"
"TAACCTACCGTCCGAG-1","L3"
"TAACCTAGGGAGTCCA-1","L5"
"TAACGCTTTGAGAGCG-1","L3"
"TAACTATCGAAGGTCC-1","L3"
"TAACTATTACGCCAAA-1","L3"
"TAACTCATCCGCGCGG-1","L5"
"TAACTCCATGGAGGCT-1","L3"
"TAAGAGGGACAGGGAC-1","L6"
"TAAGCAGGCGACACGC-1","L3"
"TAAGCGCGAATCAAAT-1","WM"
"TAAGGAACTTGTGGGA-1","L3"
"TAAGGCAACATAAGAT-1","L3"
"TAAGGCATAACATCAA-1","L6"
"TAAGGCCCGTCACCCT-1","WM"
"TAAGGCTGAATCCCTC-1","L3"
"TAAGGGCCTGTCCGAT-1","L5"
"TAAGGGCTGGGAGAGG-1","L3"
"TAAGTAAATGTGCCGC-1","L3"
"TAAGTAACATCTTGAC-1","L5"
"TAAGTCGCCGAGTATC-1","L6"
"TAAGTTGCGACGTAGG-1","L5"
"TAATAAACAAGGAGAT-1","L3"
"TAATACACAGTAGTAT-1","L3"
"TAATAGAACAGAGTTA-1","L5"
"TAATAGCTAAATGATG-1","L3"
"TAATAGGTCACCAGAA-1","L6"
"TAATAGTGACGACCAG-1","L3"
"TAATATTGAAATTCGC-1","L3"
"TAATCAACCAAATGGG-1","L3"
"TAATCGATCCGTACGT-1","L3"
"TAATGAAAGACCCTTG-1","L3"
"TAATTACGTCAGTAGA-1","L5"
"TAATTAGATGGATATG-1","L3"
"TAATTAGGACATCCGT-1","L3"
"TAATTGGAATCGGGAA-1","L3"
"TACAACGCACAACTCA-1","L5"
"TACAAGTCTCGTGCAT-1","L3"
"TACACCGTCGTTAGTC-1","L3"
"TACAGAAACGGTGGGC-1","L6"
"TACATAGGCATACACC-1","L4"
"TACATCCCTATCCCTG-1","L4"
"TACATGACCTTATCCG-1","L3"
"TACATGCCGGAATTGT-1","L4"
"TACATTTCTAACGTGC-1","L4"
"TACCAAATAGCCCAGA-1","WM"
"TACCAATAAAGTACCA-1","L5"
"TACCAGAAGTAGGTTC-1","L5"
"TACCAGCTAGGTTTAA-1","L3"
"TACCATGTATTGATTT-1","L3"
"TACCGCGGACTTGCAG-1","L3"
"TACCGGCTCACTGCCC-1","L5"
"TACCGGTCGTTTCCAT-1","L5"
"TACCGTAGGTTAACTA-1","WM"
"TACCGTGCCTCGGACC-1","L5"
"TACCTACTCCCAGTAT-1","WM"
"TACCTCACGCTTGTAC-1","L3"
"TACCTCAGTTGTCTGT-1","WM"
"TACCTCCACACCAATG-1","WM"
"TACCTGCTGCACTGTG-1","L3"
"TACCTTAAGATTTCCC-1","L5"
"TACGAACACGACTTCA-1","L3"
"TACGACGCTTGCTGCG-1","L5"
"TACGACTGCCTCTTAG-1","L5"
"TACGAGAACTTCACGT-1","L3"
"TACGATGTTGATCATC-1","L3"
"TACGCAGTTCTTTCCT-1","L5"
"TACGCCATATTCTAAT-1","L4"
"TACGCCGAGGGTACCC-1","L6"
"TACGCCTCCATTCCGA-1","L6"
"TACGCTATAGAAACCT-1","L3"
"TACGCTCGGTATTGGA-1","L5"
"TACGGGATGCTAGCAG-1","L3"
"TACGTACTAGTGCTGA-1","WM"
"TACGTGCAAGGTTCCT-1","L3"
"TACGTGCACTATGCTG-1","L3"
"TACGTTTACCGGCAAT-1","L5"
"TACTATGGTTCCTCAG-1","L6"
"TACTCCTCTAGTTGAC-1","WM"
"TACTCGGCACGCCGGG-1","L3"
"TACTCTCCGAACAAAT-1","L3"
"TACTCTTACTTTACTG-1","L5"
"TACTCTTTCGTCTTCA-1","WM"
"TACTGAACAGATTTAG-1","L6"
"TACTGCAATCAATTAC-1","L3"
"TACTGGACAGCTCGGC-1","L3"
"TACTGTTTCTCTGGTA-1","L3"
"TACTTGTTAGTAGTCC-1","L3"
"TACTTTACTGAGCCGG-1","L3"
"TACTTTCCGCACGCCA-1","L5"
"TAGAAACCACTAAGTA-1","L3"
"TAGAAAGGTGGCGCTA-1","L3"
"TAGAAATTCACGTATA-1","L3"
"TAGAATAGCCGATGAA-1","L5"
"TAGAATTAAGGGCAAC-1","L3"
"TAGACGAAACGCCAAT-1","WM"
"TAGACGCCCGTACCGG-1","L3"
"TAGACTACCTAGCGTT-1","L3"
"TAGAGATCATGCAACT-1","L5"
"TAGAGCTACGAAGAAC-1","L3"
"TAGAGGTTCTACTTGT-1","L5"
"TAGAGTCTAAGCGAAC-1","L3"
"TAGATATGGACTGGAA-1","L5"
"TAGATCCGAAGTCGCA-1","L3"
"TAGATGGTTCCTTACT-1","L5"
"TAGATTCCTGGTTATT-1","L3"
"TAGCAACCTGTCACAA-1","L3"
"TAGCCATTTCAAAGTC-1","L3"
"TAGCCGGCGGTCAGCG-1","L3"
"TAGCGTCCCTCGATTG-1","L3"
"TAGCGTCCGGTGTGGT-1","L5"
"TAGCGTTGGGTCTTAC-1","L3"
"TAGCTAAGTCCGGGAG-1","L3"
"TAGCTAGAAGGCATGA-1","L6"
"TAGCTAGTGATGATGG-1","WM"
"TAGCTCGCCTGATAAC-1","L5"
"TAGCTGATGTGAAGCG-1","L3"
"TAGGAACAGCCTCCAG-1","L3"
"TAGGCATGTTACGCCA-1","L3"
"TAGGCGATGAGGTCTC-1","L5"
"TAGGGAGCTTGGGATG-1","L3"
"TAGGGTGTTTCAAGAG-1","L3"
"TAGGTCCAAGTAAGGA-1","L3"
"TAGGTCGCCGGAACTG-1","L3"
"TAGGTGACGATAACCT-1","L6"
"TAGGTGAGCCCTACTC-1","L3"
"TAGGTGCTCGCCTAGC-1","L3"
"TAGGTGTTCCACAGAT-1","WM"
"TAGGTTCGAGTTCGTC-1","L3"
"TAGTACCACAACTTTC-1","L6"
"TAGTACCTTAGTGGTC-1","L3"
"TAGTAGCTTATACCAG-1","WM"
"TAGTCCCGGAGACCAC-1","WM"
"TAGTCCGCAGAGAATG-1","L4"
"TAGTCCGTATGCATAA-1","L3"
"TAGTCGATCACGGGTT-1","L4"
"TAGTCTAACAACGAGA-1","L5"
"TAGTCTGTGACGTTGC-1","L3"
"TAGTCTTTCCGAATTG-1","L3"
"TAGTGCCCTCCAGAGT-1","L3"
"TAGTGTCAGAAACGGC-1","L3"
"TAGTTAAGATAGGATA-1","L3"
"TAGTTTATTCTTGCTT-1","L3"
"TATAAATCCACAAGCT-1","L3"
"TATAAGTGAGGATAGC-1","L3"
"TATACACAGACGCCTT-1","L5"
"TATACACGCAAAGTAT-1","L3"
"TATACCGAGTGCCACA-1","L3"
"TATACGCGTCATCACT-1","WM"
"TATACTCATGCGGCAA-1","L3"
"TATAGAGTCGCTTGAA-1","WM"
"TATAGATGGTCGCAGT-1","L3"
"TATAGCGCACGTTATC-1","L4"
"TATAGGGTACTCATGA-1","L3"
"TATATAGGGCTTTACG-1","WM"
"TATATATCGAGAAATG-1","L6"
"TATATCCCTGGGAGGA-1","L3"
"TATATGCTGGGTTGCC-1","L3"
"TATATTACAAATGTCG-1","L3"
"TATATTCGCGTCGATA-1","L3"
"TATCAAAGGTCTGTAA-1","L3"
"TATCACAGCACGGGCA-1","L3"
"TATCACCATGTAAAGT-1","L3"
"TATCACCCAACCGACC-1","L3"
"TATCACTTCGAGTAAC-1","L3"
"TATCAGTGGCGTAGTC-1","L5"
"TATCCAATTGGTTATC-1","L5"
"TATCCATATCATGCGA-1","L3"
"TATCCATCTCGGTTAG-1","L6"
"TATCCGCACCGTCGGG-1","WM"
"TATCCTGCATGGGAAT-1","L3"
"TATCGATCTATGCATA-1","L3"
"TATCGATGATTAAACG-1","L3"
"TATCTACAGAGGTAAT-1","L3"
"TATCTACCACAGCGGG-1","L4"
"TATCTAGCCTAAAGGA-1","L3"
"TATCTTGCAATACAAC-1","L5"
"TATGAAGACAGGTGCG-1","L3"
"TATGATAAATCTAACG-1","L3"
"TATGATCCGGCACGCC-1","L3"
"TATGATCTTCTCTTTA-1","L5"
"TATGATTCTGCTTGGT-1","L3"
"TATGCTCCCTACTTAC-1","L3"
"TATGGAGTTTCTCGTT-1","L3"
"TATGGATGTGCTACGC-1","L3"
"TATGGCCCGGCCTCGC-1","L3"
"TATGGCTAGGCTAATT-1","L3"
"TATGGGACCGAGCAGG-1","L3"
"TATGGGTACGTATCGT-1","L3"
"TATGGTCTGAGTAACA-1","L3"
"TATGGTTAGTGGGAGA-1","L3"
"TATGTCAAGACCGACT-1","L3"
"TATGTCTCATTGTGCC-1","L3"
"TATTAACACCAAAGCA-1","L5"
"TATTAACCTGACCGCG-1","L6"
"TATTACCATCCTGCTT-1","L3"
"TATTATGTTTGCCTGC-1","L6"
"TATTCAATTCTAATCC-1","L3"
"TATTCCACTCAGCTCG-1","L5"
"TATTCCGAGCTGTTAT-1","L5"
"TATTCCGGCAGTCCTA-1","L3"
"TATTCCTCCGCCCACT-1","L5"
"TATTCGTGCCAGAATA-1","L3"
"TATTGACATTTCTGCC-1","L3"
"TATTTAGTCTAGATCG-1","L3"
"TATTTATACCGAGTAG-1","L3"
"TATTTGATTTGCACAG-1","L4"
"TATTTGTTACCCTTTA-1","L3"
"TCAAACAACCGCGTCG-1","L3"
"TCAAACTTAGATTGTT-1","L3"
"TCAAAGTCACGGCGTC-1",NA
"TCAAATTTGAGACTCA-1","WM"
"TCAACAAAGATAATTC-1","L5"
"TCAACACATTGGGTAA-1","L3"
"TCAACATAGCGCCCTA-1","WM"
"TCAACATCGACCGAGA-1","L5"
"TCAACCATGTTCGGGC-1","L3"
"TCAACGAGGAGACAAA-1","L5"
"TCAACGCAGGAAATAA-1","L5"
"TCAACGCGACCGGCAG-1","L4"
"TCAACTAACGTATAAC-1","L3"
"TCAACTGCAGAGTCAG-1","L5"
"TCAAGAAATACTAGCT-1","L3"
"TCAAGCGCGGACGGTA-1","L5"
"TCAAGCTGCCTTGAAA-1","L3"
"TCAAGGTTACTACACC-1","L3"
"TCAATACGCCGTCATG-1","WM"
"TCACAAACCGAGGTAC-1","L5"
"TCACAGATCCTCAAAC-1","L3"
"TCACAGCAAACTCGAA-1","L6"
"TCACAGGAGAATAAGA-1","L6"
"TCACAGGGAATCGCAA-1","L5"
"TCACAGGTTATTGGGC-1","L3"
"TCACATCTTATCTGAT-1","L3"
"TCACCCTCTTAAGATT-1","L5"
"TCACCGCTCGGCACTC-1","L3"
"TCACGATGTCCGTGGA-1","L5"
"TCACGCATTGTAGATC-1","L3"
"TCACGGTCATCGCACA-1","L3"
"TCACGTGCCCGATTCA-1","L3"
"TCACTACGACCAATGC-1","L3"
"TCACTCGTGCAACGGC-1","L3"
"TCACTCTTCGTCTGTC-1","L3"
"TCAGAACCTCCACAGG-1","L3"
"TCAGACGCTATAGAAG-1","L5"
"TCAGCAAATGCATCTC-1","L3"
"TCAGCAGTAGGCCCTG-1","WM"
"TCAGGGCGACTTCCTT-1","L3"
"TCAGGGCGCAAACTCG-1","L3"
"TCAGGGTGCACGAAAC-1","L3"
"TCAGGGTGTAACGTAA-1","L3"
"TCAGGTTCTTTGAGAA-1","L3"
"TCAGTACTGACCCGCG-1","L3"
"TCAGTAGGGACTATAA-1","L5"
"TCAGTGTATACGTCAT-1","L6"
"TCAGTTACGGAATGAT-1","L3"
"TCATACTTACAGATCC-1","L3"
"TCATATGAGCTTTGTT-1","WM"
"TCATCACTCGAGCTCG-1","L3"
"TCATCCCAGAGGGTGG-1","L3"
"TCATCGATGGTCCCAA-1","L6"
"TCATGCAGGTTCTCAT-1","L3"
"TCATTTAAGTCTCCGA-1","L3"
"TCATTTAGAAGTGTGA-1","L5"
"TCCAACTTTAAATTCT-1","L5"
"TCCAATAAAGGCTACC-1","WM"
"TCCACAATGGTTTACG-1","L3"
"TCCACCTCTAGCCTTT-1","WM"
"TCCACTTTATCTAGGT-1","L3"
"TCCAGAGCACCGGTTC-1","L3"
"TCCAGATGTACGCCAA-1","L3"
"TCCAGCGCTATAAGCG-1","L4"
"TCCAGGCGAGTACGGT-1","L3"
"TCCAGGGTATATACGA-1","WM"
"TCCATCAATACTAATC-1","L6"
"TCCATTAGTTGGATAG-1","L3"
"TCCATTCCCACTAGAG-1","L3"
"TCCATTGTGACCTCGT-1","L3"
"TCCCAAACAGACAACG-1","L3"
"TCCCAAAGACGAAGGA-1","L3"
"TCCCAAAGCCCTAAAT-1","L3"
"TCCCACTCTCTTCCGG-1","L3"
"TCCCAGCTTTAGTCTG-1","L3"
"TCCCAGGCTTAGCTAA-1","L3"
"TCCCGCCTATGTGCGT-1","L3"
"TCCCGCGTACTCCTGG-1","L3"
"TCCCGGGTGTGCTGCT-1","L3"
"TCCCGGTCAGGAATTT-1","L3"
"TCCCGTCAGTCCCGCA-1","L3"
"TCCCGTCGCGTCATAG-1","L3"
"TCCCGTGTGCAATTTG-1","L4"
"TCCCTAGATCAATAGG-1","L3"
"TCCCTGGCGTATTAAC-1","L6"
"TCCCTGGCTCGCTGGA-1","L3"
"TCCCTTAGATTACTCG-1","L3"
"TCCGAACGTTGCCGCT-1","L3"
"TCCGAACTTGGCTTAC-1","L3"
"TCCGAATGGTCCTGAG-1","L3"
"TCCGAGAAGGCTAAGC-1","L3"
"TCCGATAATTGCCATA-1","L3"
"TCCGATGACTGAGCTC-1","L3"
"TCCGATGGTGCGACAT-1","L3"
"TCCGATTACATTGCCG-1","L3"
"TCCGCCTGTCTACAAG-1","L6"
"TCCGCGGCAGCATCTG-1","L3"
"TCCGCGGCCCAATGAA-1","L5"
"TCCGCTGTCATCCCGG-1","L5"
"TCCGCTTATCCCATTA-1","L5"
"TCCGGCCTAGCGTACA-1","L3"
"TCCGGTTCGTCCGGTC-1","L6"
"TCCGTAACCACAATCC-1","L3"
"TCCGTTAAGCTAATAT-1","L5"
"TCCGTTTAGCCTTGAA-1","L3"
"TCCTAAATTGGGAAGC-1","L6"
"TCCTAACCGTCGGGCA-1","WM"
"TCCTACATCCACGGCC-1","L4"
"TCCTAGCAAAGAAGCT-1","L5"
"TCCTATCATAGGTAAC-1","L3"
"TCCTCCTAAGACATTC-1","L5"
"TCCTCGGGCTGGGCTT-1","L3"
"TCCTCTACGAGATGGC-1","L3"
"TCCTCTCCAGTTGTCC-1","L3"
"TCCTCTGGCCCATTAG-1","L3"
"TCCTGCCAACTGGAGA-1","L3"
"TCCTGCGTTGATACTC-1","L4"
"TCCTTACGACGGTCCG-1","L4"
"TCCTTCAGTGGTCGAA-1","L3"
"TCCTTTAAATCCGCTT-1","L5"
"TCCTTTCTTACGCTTA-1","L3"
"TCGAAATTTAGGACCA-1","L3"
"TCGAAGAACCGAGCAC-1","L3"
"TCGAATATCCCGCAGG-1","L6"
"TCGACAACTGAACCCG-1","L6"
"TCGAGACCAACACCGT-1","L4"
"TCGAGCCAGGCAGGCC-1","L6"
"TCGAGGGCAACAGACG-1","L5"
"TCGATAGGCTAGTCGC-1","L3"
"TCGCAAAGATGCATTT-1","L5"
"TCGCACCAGGAGGCAG-1","L5"
"TCGCATCCCTAAGTGT-1","L3"
"TCGCATTCAATGACTT-1","L3"
"TCGCCCACTGCGAGAG-1","L3"
"TCGCCGAAGTTGCGTC-1","L5"
"TCGCCGGATGGGCAAG-1","L3"
"TCGCCGGTCGATCCGT-1","L3"
"TCGCGTAGCAGTGTCC-1","L5"
"TCGCGTCCAGAAGGTC-1","L3"
"TCGCTAAACCGCTATC-1","L3"
"TCGCTACTGGCTTTGA-1","WM"
"TCGCTCGATATATTCC-1","L3"
"TCGCTCGGCACCAGCG-1","L3"
"TCGCTGGGCGGATTGT-1","L3"
"TCGCTGTGCGTAAATC-1","L3"
"TCGCTTTAAACGTTTG-1","L3"
"TCGGAATGACCATCAA-1","L3"
"TCGGAATGCGCTCTGA-1","L3"
"TCGGACGCCCAGCCCA-1","L3"
"TCGGAGAGTATCGGGA-1","L5"
"TCGGAGTACATGAGTA-1","L3"
"TCGGCGAACCCAAACC-1","L4"
"TCGGCGTACTGCACAA-1","L5"
"TCGGCTTGTATCGACG-1","L5"
"TCGGGAACGTGCCTAG-1","L3"
"TCGGGAGACAGCGTAC-1","WM"
"TCGGGATTCAAACATA-1","L3"
"TCGGGCCGTCGTGGTA-1","L3"
"TCGGGTGAAACTGCTA-1","L3"
"TCGGTCCCGACAATAG-1","L6"
"TCGGTCCCTGACTCCA-1","L3"
"TCGGTTAGCCATGTAG-1","L3"
"TCGTAAGACGACATTG-1","L3"
"TCGTAAGCTCCGAGGA-1","L3"
"TCGTATAGTGCAATTA-1","L3"
"TCGTATTACCCATTGC-1","L3"
"TCGTATTTCGTCCGGA-1","L3"
"TCGTCAAGTACGCGCA-1","L6"
"TCGTCACACTGTTAGC-1","L3"
"TCGTCCGCTGGCGTCT-1","L3"
"TCGTCTTAGGCGTTAA-1","L5"
"TCGTGTACTATGGATG-1","L5"
"TCGTGTATTGGTCACG-1","L4"
"TCGTGTCACGCTGACA-1","L5"
"TCGTGTTCGACCACAA-1","L5"
"TCGTTAGGAGTCCCTA-1","L6"
"TCGTTCGTTATTATGT-1","L3"
"TCGTTGACAGGGTCCC-1","L3"
"TCGTTGCTATCCGGTC-1","L6"
"TCGTTGGCTCGTCAAT-1","L3"
"TCTAAAGAACAGTCTC-1","L5"
"TCTAACTGTATGTAAA-1","L3"
"TCTAATACTGCCTCAG-1","L6"
"TCTACACGTTCATGCA-1","L3"
"TCTACCCAATAGAGAG-1","L5"
"TCTACCGTCCACAAGC-1","L3"
"TCTAGCAATCTCCGCC-1","L5"
"TCTAGCATCTTCGATG-1","L3"
"TCTAGCATGCCCAGAA-1","L5"
"TCTAGGTGGCGACGCT-1","L3"
"TCTAGTGATATCGTGG-1","L3"
"TCTAGTTATCAGAAGA-1","L3"
"TCTATCATGCAGTTAC-1","L3"
"TCTATCGGTCGCAACA-1","L3"
"TCTATTACGCTGGCGA-1","L3"
"TCTATTACTAGAGGAT-1","L4"
"TCTCATGAGATAGGGT-1","L5"
"TCTCCAACGTAGGTTA-1","L3"
"TCTCCACAAGTTGAAT-1","L6"
"TCTCCCTGGGCAGCGT-1","L5"
"TCTCGAACGAGGTCAC-1","L3"
"TCTCGACGTATCGCCG-1","L3"
"TCTCGAGGAGGTTCGC-1","L4"
"TCTCGGCTCCAGGACT-1","L3"
"TCTCTAATAGCTGGTA-1","L3"
"TCTCTCGCCGCACATA-1","L5"
"TCTCTTACCGCGAACC-1","WM"
"TCTGAACCGGTCGGCT-1","L3"
"TCTGAACTCGTACCCG-1","L4"
"TCTGAAGCACGTGGTC-1","L5"
"TCTGAATTCCGTACAA-1","L3"
"TCTGACGGGCTAACCC-1","L3"
"TCTGAGCAATTGACTG-1","L4"
"TCTGATCGGGTGCTAG-1","L3"
"TCTGATGTATTCTGTC-1","L5"
"TCTGATTGGAAATGGA-1","L3"
"TCTGCACCATTAGTAA-1","L3"
"TCTGCAGATTCGAGTC-1","L3"
"TCTGCATACCTTGCTT-1","L5"
"TCTGCCAGAAACTGCA-1","L3"
"TCTGCGAATCGTTCGC-1","L3"
"TCTGCGTCCGGTTTCT-1","L3"
"TCTGGAGCGTAAGAGT-1","L3"
"TCTGGCCGTTCAAGTT-1","L3"
"TCTGGGAACCTTTGAA-1","L3"
"TCTGGGTAGCGCTCAT-1","L5"
"TCTGTCATACAAGAGC-1","L3"
"TCTGTGCCATCATAGT-1","L3"
"TCTGTTACCCAGCATA-1","L5"
"TCTTACAGAGGTACCG-1","L3"
"TCTTACCGGAACTCGT-1","L3"
"TCTTACGGCATCCGAC-1","L3"
"TCTTACTTATGCCTCT-1","L3"
"TCTTAGAGCTCCAATT-1","L3"
"TCTTAGAGTGAACTCT-1","L3"
"TCTTCCCATGGGCACA-1","L3"
"TCTTCGAATAGACGTT-1","L3"
"TCTTCGATACCAATAA-1","L3"
"TCTTCGCGGTGAGAGG-1","L5"
"TCTTCTATAACCCGCC-1","L3"
"TCTTGATGCGTAGCGA-1","L3"
"TCTTGCTCCCGATACT-1","WM"
"TCTTGGTAACACCAAA-1","L3"
"TCTTTAAGACTATGAA-1","L3"
"TCTTTAGAGTCTAACA-1","L3"
"TCTTTAGCAGGCGAAC-1","L3"
"TCTTTCCTTCGAGATA-1","L5"
"TCTTTCTCTTAAGGAG-1","L3"
"TGAAACTTATGCAAGC-1","L3"
"TGAAAGGACCTGACTC-1","L3"
"TGAACAAGCAGGGACT-1","WM"
"TGAAGAGCGGTCCTAG-1","L3"
"TGAAGTAGCTTACGGA-1","L3"
"TGAATGAGATACAGCA-1","L3"
"TGAATGAGTGTTTCCC-1","WM"
"TGAATGTCAGCCGGCC-1","L3"
"TGACAACGCATGTCGC-1","L3"
"TGACACTTCTCTTTGC-1","L3"
"TGACAGGACAAGTCCA-1","L5"
"TGACATATATGACGAT-1","L3"
"TGACATCGAGCGGACC-1","L3"
"TGACCAAATCTTAAAC-1","WM"
"TGACCAGCTTCAAAGT-1","L3"
"TGACCCACGTTAGACA-1","L3"
"TGACCCAGCATTCCCG-1","L3"
"TGACGAATATTTCCCT-1","L5"
"TGACGATGCACTAGAA-1","L3"
"TGACTATAATCCTTTC-1","L5"
"TGACTCCGAATCATAC-1","L6"
"TGAGAATGCTTTACCG-1","L3"
"TGAGAGATTTACCACG-1","L3"
"TGAGATCAAATACTCA-1","L3"
"TGAGATTAGGCCCTAA-1","L3"
"TGAGCCATACAGTCTC-1","L5"
"TGAGCGGAAAGTGTTC-1","L6"
"TGAGCTTTAATGACGC-1","L3"
"TGAGGAGTGCCAGCTT-1","WM"
"TGAGGCATGTACTGTG-1","L5"
"TGAGTAAATTAGCGTA-1","L5"
"TGAGTGCCTCTTAAAT-1","L5"
"TGAGTGGTCCGTGACG-1","L3"
"TGAGTTAAAGACATTC-1","L3"
"TGATACATTTAGCCGT-1","L6"
"TGATAGCGGGATTCTA-1","L3"
"TGATCAGGGAACTGCT-1","L5"
"TGATCCCAGCATTAGT-1","L3"
"TGATCGGTTTGACCCT-1","L3"
"TGATCTACGCTGATCT-1","L3"
"TGATCTCCGGCGCCAG-1","L3"
"TGATGGCTGTTTCTGA-1","L3"
"TGATGTCAATTAAGTG-1","L5"
"TGATTCAGGTCCCGCG-1","L5"
"TGATTCCCGGTTACCT-1","WM"
"TGATTCGTCTATCACT-1","L3"
"TGATTCTGTCGCCGGT-1","L5"
"TGATTTATTAGCTGTG-1","L4"
"TGATTTCCTCCTGACG-1","L3"
"TGCAACCCATCTGCGG-1","L6"
"TGCAAGAATGACGTAA-1","L3"
"TGCAATCTAACACGGT-1","L6"
"TGCACGAGTCGGCAGC-1","L3"
"TGCACTATGTGAGTGC-1","L3"
"TGCAGAACTATATCGT-1","L5"
"TGCAGAGTACCGAGCA-1","L4"
"TGCAGATCGTCCTAGG-1","L4"
"TGCAGCTACGTACTTC-1","L4"
"TGCAGGATCGGCAAAG-1","L3"
"TGCAGTTTCCTCCCAT-1","L3"
"TGCATATGTCTGTCAC-1","L3"
"TGCATGGATCGGATCT-1","L3"
"TGCATGGCAGTCTTGC-1","L3"
"TGCATGTGGTAATCTA-1","L3"
"TGCCAAAGTCAGACTT-1","L5"
"TGCCAATGGGTACTCT-1","L6"
"TGCCACCTGGCGAAAC-1","L3"
"TGCCAGTACGTGGAGA-1","L5"
"TGCCATGGCTTATAAG-1","L3"
"TGCCATTACTAAAGAA-1","L3"
"TGCCCGTACCGTTAAA-1","L4"
"TGCCGAAAGCGTATTC-1","L3"
"TGCCGGATGTACGAGC-1","WM"
"TGCCGTGGATCGTCCT-1","L6"
"TGCCTAATTGAAGATT-1","L5"
"TGCCTGACATCGGTCA-1","L3"
"TGCCTGATCAAACGAT-1","L3"
"TGCCTTGGCCAGGCAA-1","L5"
"TGCGAATATGGGATTT-1","L5"
"TGCGACACCCTAGTGC-1","L5"
"TGCGACGGCCGAACGT-1","WM"
"TGCGAGAATATTACCC-1","L5"
"TGCGATGCTAATGGCT-1","L3"
"TGCGCAAAGCATTTGG-1","L3"
"TGCGCCGTTAATAACG-1","L3"
"TGCGCGATTAACGGAG-1","L3"
"TGCGGAGTAAAGGTGC-1","L3"
"TGCGGCATAGTTCAAC-1","L3"
"TGCGGTGAAATTTCAT-1","L3"
"TGCGTAAGAACCTGAT-1","L5"
"TGCGTCATGACTGAGC-1","L5"
"TGCGTGATTGGGTGTC-1","L3"
"TGCGTTTGTTGACACT-1","L3"
"TGCTAAGTGTCTATTT-1","L5"
"TGCTATACAAACGGAC-1","L3"
"TGCTCCACAGTTCTTA-1","L3"
"TGCTCGGCGAAACCCA-1","L6"
"TGCTCGGTGGGTCACC-1","WM"
"TGCTCTGCCGGTTCAC-1","L3"
"TGCTCTTGAGAGTTTG-1","WM"
"TGCTGGTTGGACAATT-1","L3"
"TGCTGTTGAAGAACTC-1","L3"
"TGCTTAGAGAGAATGC-1","L6"
"TGCTTCCCAAGCAGTA-1","WM"
"TGCTTGAAACCATGCA-1","L3"
"TGGAACCACTGACACA-1","L3"
"TGGAAGAAGGGAACGT-1","L4"
"TGGAAGACGAACACCA-1","L3"
"TGGAAGGATAAAGATG-1","L3"
"TGGAATATCCTTGACC-1","L3"
"TGGAATTAGACGCTTT-1","L3"
"TGGACACCGTTGCTTG-1","L3"
"TGGACCAATCTAAGAT-1","L6"
"TGGACGCAATCCAGCC-1","L6"
"TGGACTGTTCGCTCAA-1","L3"
"TGGAGCTAAAGTTCCC-1","L3"
"TGGAGGGAAACACCTC-1","L3"
"TGGAGTGATGCGATGA-1","L3"
"TGGCAAACTAAATTAC-1","L5"
"TGGCAACTCGCGCGCC-1","L3"
"TGGCAAGCACAAGTCG-1","WM"
"TGGCAATGGGACGGCG-1","L5"
"TGGCACGAGCTCGAGT-1","L3"
"TGGCAGATTACGATCA-1","L5"
"TGGCAGCAGTAATAGT-1","L4"
"TGGCATGAAGTTTGGG-1","L5"
"TGGCCAAACTGAAGTA-1","L3"
"TGGCCAATTTGGTACT-1","L5"
"TGGCCGTATATTGACC-1","L3"
"TGGCGACTGCTCCAAA-1","L6"
"TGGCGATCAAGTTATG-1","L6"
"TGGCGGTGTGCGATTG-1","L3"
"TGGCTATGTGACATAC-1","L6"
"TGGCTCTTGTCGCGTA-1","L4"
"TGGCTTTGGGTAGACA-1","L3"
"TGGGAAATGCCTTTCC-1","L3"
"TGGGATGCACTCATTC-1","L3"
"TGGGCAATAGTTGGGT-1","L3"
"TGGGCACAAACAGAAC-1","L3"
"TGGGCACGTTCTATGG-1","L3"
"TGGGCAGGCCACCGCA-1","L4"
"TGGGCCACAAGAGCGC-1","L3"
"TGGGCCCATACTAATT-1","L4"
"TGGGTAAGGTTCCCGC-1","L3"
"TGGTAAGCAGGATTGA-1","L3"
"TGGTAGAATATATGGG-1","L4"
"TGGTATCGCATCCCAA-1","L3"
"TGGTATCGGTCTGTAT-1","L3"
"TGGTCCCACGCTACGG-1","L5"
"TGGTCGTTTGATAGAT-1","L3"
"TGGTCTAGCTTACATG-1","L3"
"TGGTCTGTTGGGCGTA-1","L4"
"TGGTGATCGTATTTGT-1","L3"
"TGGTTAACTTACATTT-1","L6"
"TGGTTAAGGGCGCTGG-1","L3"
"TGGTTATGCTTGCGGT-1","L3"
"TGGTTCAACGGGTAAT-1","L5"
"TGGTTCGTAGCAAAGG-1","L3"
"TGGTTGGAGGATCCTG-1","L3"
"TGGTTTAAACGTGGGT-1","L3"
"TGTAATGACCACAATA-1","L3"
"TGTAATGCCTTCGGAC-1","L3"
"TGTACCTACACGAGGG-1","L5"
"TGTACGAACAAATCCG-1","L4"
"TGTACTACTCTCACGG-1","L3"
"TGTACTGTGCCAAAGT-1","L3"
"TGTAGGAGAAATTTCC-1","L3"
"TGTAGTGATCTATAAT-1","L3"
"TGTATAACAGATCCTG-1","L3"
"TGTATACGGATGATGA-1","L3"
"TGTATCCTTATTCCAT-1","L3"
"TGTATGGCGCAGACAG-1","L3"
"TGTCATTTGTTGGGAA-1","L3"
"TGTCCCGACATAGCAC-1","L3"
"TGTCCGTGGCGCCTTT-1","L3"
"TGTCCTAAGTCACCGC-1","L3"
"TGTCGGCATGGTGGAA-1","L3"
"TGTCGTTATCACATAT-1","L6"
"TGTCTACAGTTTCTGT-1","L3"
"TGTGACTACGCCAGTC-1","L3"
"TGTGAGACTAGCCCAA-1","WM"
"TGTGCCGGTGCCGGAA-1","L5"
"TGTGCTTTACGTAAGA-1","L3"
"TGTGGCAAAGCGTATG-1","L3"
"TGTGGCGGGCTTCTGG-1","WM"
"TGTGGCTCCCACCAAC-1","L3"
"TGTGGTTGCTAAAGCT-1","WM"
"TGTGTAGTAGCACGTG-1","L5"
"TGTGTCGCGAGTTGCA-1","L3"
"TGTGTTCGTATCCAAG-1","L3"
"TGTTATTGTATGTGGC-1","L3"
"TGTTCATAAATGTGCT-1","L3"
"TGTTCCGCTTCCATGA-1","L3"
"TGTTCGTATTGCGGTG-1","L5"
"TGTTCTTCCATTGACT-1","L3"
"TGTTGCCGTCGTCCCA-1","L3"
"TGTTGTCAAGAAGTCT-1","L3"
"TGTTTAATACTTCATC-1","L3"
"TGTTTCGGTACTTCTC-1","L3"
"TGTTTGAGATCGTCAG-1","L3"
"TTAAACAGAGTCCCGC-1","L3"
"TTAAACCGGTAGCGAC-1","L3"
"TTAAACCTGGTTCCTT-1","L3"
"TTAAACTCGAATTCAT-1","L3"
"TTAACACCTCGAACAT-1","L3"
"TTAACCAACCCTCCCT-1","L3"
"TTAACGAACAAGCAGT-1","L3"
"TTAACGTCGCAAGACC-1","L3"
"TTAACGTTAAAGCCTG-1","L3"
"TTAACTCACGCGTGGA-1","L3"
"TTAACTTCAGGTAGGA-1","L5"
"TTAAGACGAACGAACC-1","L3"
"TTAAGATAGGATTGAC-1","L3"
"TTAAGCCGACAACTTC-1","L3"
"TTAAGCGCCTGACCCA-1","L3"
"TTAAGGATACGGAGGT-1","L3"
"TTAAGGCCCGTACTTT-1","L6"
"TTAAGTATTGTTATCC-1","L6"
"TTAATCAGTACGTCAG-1","L3"
"TTAATGCGAGGTAACT-1","L3"
"TTAATGTAGACCAGGT-1","L3"
"TTAATTGCTTTGGGTG-1","WM"
"TTAATTTCAGACGCGG-1","L3"
"TTACAACTACGCATCC-1","L3"
"TTACAGACCTAAATGA-1","L3"
"TTACATCGTGGCCTGG-1","L3"
"TTACATGCCACAACTA-1","L3"
"TTACCATTGATTACCC-1","L3"
"TTACCCATTGCCGGGT-1","L3"
"TTACCCTAACAGTCCT-1","L3"
"TTACCCTAGGGATTGG-1","WM"
"TTACCGCCTTAGGGAA-1","L3"
"TTACGGATGGTTCGAG-1","L3"
"TTACGTAGCGCGTGCT-1","L3"
"TTACTAAAGGACTTTA-1","L5"
"TTACTATCGGCTTCTC-1","L3"
"TTACTCCGGCCGGGAA-1","L3"
"TTACTCTGGTACGTAC-1","L5"
"TTACTGGGATATTTCA-1","L5"
"TTACTGTCTAGAGCTC-1","L3"
"TTACTGTTTCTCTACG-1","L3"
"TTAGAAGAACATGACT-1","L6"
"TTAGAATAAGGGTCGG-1","WM"
"TTAGACACGATCGTTG-1","L3"
"TTAGACGAGTCACCTC-1","L5"
"TTAGAGTTTAGAAGGA-1","L4"
"TTAGATAGGTCGATAC-1","L3"
"TTAGCAACATGGATGT-1","L3"
"TTAGCTAATACGATCT-1","L3"
"TTAGCTCTGTAATCCG-1","L3"
"TTAGCTGATTTGCCGT-1","L3"
"TTAGGTCATAACCGAC-1","WM"
"TTAGTAAACCTGCTCT-1","L6"
"TTAGTAGGGCGGCGGG-1","L3"
"TTAGTTATTCGTGGCA-1","L4"
"TTAGTTCAAGTGTTCG-1","L3"
"TTATAGATGCACATTA-1","L3"
"TTATAGGTAATTGTCT-1","WM"
"TTATATACGCTGTCAC-1","L3"
"TTATATTTGGCAATCC-1","L3"
"TTATCCAATCGAACTC-1","L3"
"TTATCCGGGATCTATA-1","L5"
"TTATCCTCAAGGAATA-1","L5"
"TTATCGCCTGCGAAGC-1","L3"
"TTATCTGACATTAGGA-1","L4"
"TTATCTGTATCATAAC-1","L3"
"TTATGAATGAAAGGGA-1","L4"
"TTATGACAAACTGGAT-1","L3"
"TTATGATCTTAACGAA-1","L3"
"TTATGCGTCCCGGTCC-1","L3"
"TTATGTTTGCGATAGA-1","L3"
"TTATTAGAGCGTGTTC-1","L5"
"TTATTAGGGAAGCATC-1","L3"
"TTATTATCTGGAAGGC-1","L4"
"TTCAAAGTCTCTAGCC-1","L3"
"TTCAACGACCCGACCG-1","L3"
"TTCAAGCCGAGCTGAG-1","L3"
"TTCAATACTCTGAATC-1","L3"
"TTCAATTAGCCATAAT-1","L3"
"TTCACGAAAGGATCAC-1","L4"
"TTCACTCGAGCACCTA-1","L6"
"TTCAGCCCTGGTCCAC-1","L4"
"TTCAGCTGGCGTGCCC-1","L5"
"TTCAGGCGTCAAAGCC-1","L3"
"TTCAGTTTGTGGCAGC-1","L3"
"TTCATGGCGCAACAGG-1","L3"
"TTCCAATCAGAGCTAG-1","L3"
"TTCCAATCTGGCTATC-1","L5"
"TTCCACACAGATTTGA-1","L5"
"TTCCAGACGAGATTTA-1","L3"
"TTCCATCATGCGGTGA-1","L3"
"TTCCATCGACAGCGTG-1","L5"
"TTCCCGACGCTTCACT-1","L3"
"TTCCCGGCGCCAATAG-1","L5"
"TTCCGCAGAGAAATAT-1","L3"
"TTCCGCGTGAGGCGAT-1","L5"
"TTCCGGCCTTGAGGCT-1","L6"
"TTCCGGTATCTGTGTC-1","L3"
"TTCCGGTTACCCACTT-1","L4"
"TTCCTCGAGGGTGTCT-1","L3"
"TTCCTCGGACTAACCA-1","L5"
"TTCCTCTGCCCGAATA-1","L3"
"TTCCTTTCTGTGTTGC-1","L3"
"TTCGACAGAGCCCGTG-1","L5"
"TTCGACGGGAAGGGCG-1","L3"
"TTCGCACTCGCGTGCT-1","L3"
"TTCGCACTGTACGACA-1","WM"
"TTCGCATCCGGAAGCA-1","L3"
"TTCGCCGCTCGCGCTA-1","L5"
"TTCGCGCGCCATACGA-1","WM"
"TTCGCTAGGAAGTTGT-1","L3"
"TTCGCTATCTGACGTG-1","L3"
"TTCGGACTGATGCCTT-1","L3"
"TTCGGACTGGGCATGG-1",NA
"TTCGGCAACCCGCTGA-1","L3"
"TTCGGCTAGAGATGGT-1","L3"
"TTCGGGACTAATCGCG-1","L3"
"TTCGGGCGCTAGTCTT-1","L6"
"TTCGGTGGAGACGCCC-1","L3"
"TTCGTAATCCCAGCGG-1","L3"
"TTCGTACTCCAGAACG-1","L3"
"TTCGTTCAACGAAGTT-1","L3"
"TTCTAACCGAAGCTTA-1","L3"
"TTCTACCTCAATCGGT-1",NA
"TTCTACCTTTATGTTG-1","L3"
"TTCTACTTGCGAGGGC-1","L3"
"TTCTAGAAAGTCTTAT-1","WM"
"TTCTAGGCCAATTGTG-1","L3"
"TTCTATGCCTTTCGCA-1","L3"
"TTCTGACCGGGCTCAA-1","L5"
"TTCTGCCGCGCCTAGA-1","L5"
"TTCTGCGAGCGCCCTT-1","L3"
"TTCTGCGGGTTAGCGG-1","L3"
"TTCTGCTAGACTCCAA-1","L3"
"TTCTGTTTCCTGTCGC-1","L3"
"TTCTTAGTGAACGGTG-1","L3"
"TTCTTAGTGGCTCAGA-1","L3"
"TTCTTATCCGCTGGGT-1","L4"
"TTCTTCCCTTTGATAT-1","L3"
"TTCTTGAGCCGCGCTA-1","L5"
"TTCTTGCTAGCATCTC-1","L3"
"TTCTTGGACGATCTGC-1","L5"
"TTCTTGGAGTAATGAG-1","L3"
"TTCTTGTAACCTAATG-1","L3"
"TTCTTGTGTCCATCAG-1","L3"
"TTCTTTGGTCGCGACG-1","L3"
"TTGAACGAATCCTTTG-1","L3"
"TTGAACGACGTGCTGA-1","L6"
"TTGAAGAATTCCCAGG-1","L3"
"TTGAAGGATGGGCGCC-1","L6"
"TTGAATATGGACTTTC-1","L3"
"TTGAATCGTTGTATAA-1","L5"
"TTGAATTCACGTGAGG-1","L3"
"TTGACAGGAGCTCCCG-1","L3"
"TTGACATGAACGTGGA-1","L5"
"TTGACCAGGAACAACT-1","WM"
"TTGACCATGTTCTCCG-1","L3"
"TTGACCGTGTTAATGA-1","L5"
"TTGACGATTCAGCACG-1","L3"
"TTGACGCTCCATGAGC-1","L3"
"TTGACTACCATATGGT-1","L5"
"TTGACTATTGTCCGGC-1","L3"
"TTGAGAAGTTTAGCAT-1","L5"
"TTGAGAGTACTGCTAA-1","L5"
"TTGAGCAGCCCACGGT-1","L3"
"TTGAGCGCCACGTGAT-1","L3"
"TTGAGGCATTTAACTC-1","L3"
"TTGAGTCCCGCTGCTG-1","L3"
"TTGATAGTCAATACAT-1","L3"
"TTGATCTAACTTTGTC-1","L3"
"TTGATGTGTAGTCCCG-1","L3"
"TTGATTAGCTGTTTCT-1","L5"
"TTGATTATGCAGATGA-1","L3"
"TTGCACAATTCAGAAA-1","L5"
"TTGCACGGAGCAGCAC-1","L3"
"TTGCATGCTGATCACG-1","L5"
"TTGCCAAGCAGAACCC-1","L3"
"TTGCCATAGCCCGCTC-1","L5"
"TTGCCCTGATCACGGG-1","L4"
"TTGCCGCAGACCTACA-1","L6"
"TTGCCGCTTTCTAGTA-1","WM"
"TTGCCGGTGATCCCTC-1","L3"
"TTGCGCTCTCTCGCTT-1","L3"
"TTGCGGCATCAGAAAG-1","L6"
"TTGCGGCGACTCATGC-1","L3"
"TTGCGTAGTTTGAGGA-1","L3"
"TTGCGTCGGCCAACCG-1","L5"
"TTGCGTGAACGCTTAG-1","L3"
"TTGCTCCCATACCGGA-1","L3"
"TTGCTGAAGGAACCAC-1","L3"
"TTGCTGATCATGTTCG-1","L3"
"TTGCTGCACCTATCCA-1","L3"
"TTGCTGGCCGGGCTTC-1","L3"
"TTGGAAGAATACAGTC-1","L5"
"TTGGACATGTGGCTTA-1","L5"
"TTGGACCATCTGGCAA-1","L4"
"TTGGACCTATAACAGT-1","L5"
"TTGGAGTCTCCCTTCT-1","L3"
"TTGGATATCGTCTACG-1","L5"
"TTGGATCGACTTCTGG-1","L3"
"TTGGATTGGGTACCAC-1","L3"
"TTGGCCATCTTGCGCT-1","L3"
"TTGGCCTAGAATTTCG-1","L3"
"TTGGCGATCCGAATAT-1","L3"
"TTGGCTCGCATGAGAC-1","L3"
"TTGGGACACTGCCCGC-1","L3"
"TTGGGACGTAAGAGTT-1","L4"
"TTGGGCGGCGGTTGCC-1","L3"
"TTGGGTTTATTCAGCG-1","L3"
"TTGGTATGGCTTGTGT-1","L3"
"TTGGTCACACTCGTAA-1","L5"
"TTGGTTCGCTCAAAGG-1","L3"
"TTGGTTGCGGTGCGCG-1","L5"
"TTGTAAGGACCTAAGT-1","L5"
"TTGTAAGGCCAGTTGG-1","L3"
"TTGTAATCCGTACTCG-1","L3"
"TTGTATCACACAGAAT-1","L3"
"TTGTCGTTCAGTTACC-1","L3"
"TTGTGAACCTAATCCG-1","L5"
"TTGTGAGGCATGACGC-1","L4"
"TTGTGCAGCCACGTCA-1","WM"
"TTGTGGCCCTGACAGT-1","L3"
"TTGTGGTAGGAGGGAT-1","L5"
"TTGTGGTATAGGTATG-1","L3"
"TTGTGGTGGTACTAAG-1","L6"
"TTGTGTATGCCACCAA-1","L6"
"TTGTGTTTCCCGAAAG-1","L6"
"TTGTTAGCAAATTCGA-1","L3"
"TTGTTCAGTGTGCTAC-1","L3"
"TTGTTGTGTGTCAAGA-1","L3"
"TTGTTTCACATCCAGG-1","WM"
"TTGTTTCATTAGTCTA-1","L6"
"TTGTTTCCATACAACT-1","L5"
"TTGTTTGTGTAAATTC-1","L3"
