"barcode","BayesSpace_harmony_09","BayesSpace_harmony_16"
"AAACAACGAATAGTTC-1",6,6
"AAACAAGTATCTCCCA-1",4,16
"AAACAATCTACTAGCA-1",1,1
"AAACAGAGCGACTCCT-1",4,10
"AAACAGCTTTCAGAAG-1",4,16
"AAACAGGGTCTATATT-1",4,16
"AAACAGTGTTCCTGGG-1",5,12
"AAACATTTCCCGGATT-1",5,16
"AAACCCGAACGAAATC-1",7,7
"AAACCGGGTAGGTACC-1",8,5
"AAACCGTTCGTCCAGG-1",2,2
"AAACCTAAGCAGCCGG-1",3,8
"AAACCTCATGAAGTTG-1",4,16
"AAACGAGACGGTTGAT-1",5,3
"AAACGGGCGTACGGGT-1",5,3
"AAACGGGTTGGTATCC-1",9,7
"AAACGGTTGCGAACTG-1",7,12
"AAACGTGTTCGCCCTA-1",9,11
"AAACTCGGTTCGCAAT-1",7,12
"AAACTCGTGATATAAG-1",7,7
"AAACTGCTGGCTCCAA-1",2,2
"AAACTTGCAAACGTAT-1",8,5
"AAAGACCCAAGTCGCG-1",4,16
"AAAGACTGGGCGCTTT-1",7,7
"AAAGCTTGCCTACATA-1",9,13
"AAAGGCTACGGACCAT-1",5,12
"AAAGGCTCTCGCGCCG-1",1,1
"AAAGGGATGTAGCAAG-1",3,8
"AAAGGGCAGCTTGAAT-1",4,16
"AAAGTAGCATTGCTCA-1",5,3
"AAAGTCACTGATGTAA-1",4,16
"AAAGTCGACCCTCAGT-1",4,16
"AAAGTGTGATTTATCT-1",4,16
"AAAGTTGACTCCCGTA-1",4,16
"AAATAAGGTAGTGCCC-1",7,13
"AAATACCTATAAGCAT-1",3,2
"AAATAGCTTAGACTTT-1",7,7
"AAATAGGGTGCTATTG-1",3,8
"AAATCCGATACACGCC-1",5,3
"AAATCGTGTACCACAA-1",2,14
"AAATCTAGCCCTGCTA-1",4,16
"AAATGATTCGATCAGC-1",7,11
"AAATGCTCGTTACGTT-1",7,7
"AAATGGCCCGTGCCCT-1",8,5
"AAATGGTCAATGTGCC-1",5,3
"AAATGTGGGTGCTCCT-1",8,5
"AAATTAACGGGTAGCT-1",3,8
"AAATTAATAAGCGCGA-1",7,7
"AAATTACCTATCGATG-1",8,5
"AAATTCCAGGTCCAAA-1",9,13
"AAATTGATAGTCCTTT-1",3,2
"AAATTGCGGCGGTTCT-1",9,13
"AAATTTGCGGGTGTGG-1",5,3
"AACAACTGGTAGTTGC-1",8,5
"AACAATACATTGTCGA-1",5,12
"AACAATTACTCTACGC-1",9,13
"AACACACGCTCGCCGC-1",8,16
"AACACGAGACGCGGCC-1",8,5
"AACACGCGGCCGCGAA-1",7,13
"AACAGCTGTGTGGCAA-1",3,8
"AACAGGATGGGCCGCG-1",4,16
"AACAGGTAGTATGGAT-1",7,7
"AACATAGCGTGTATCG-1",5,3
"AACATATCAACTGGTG-1",4,16
"AACATCGATACGTCTA-1",7,7
"AACATTGGTCAGCCGT-1",6,6
"AACATTGTGACTCGAG-1",5,12
"AACCAAGACTTCTCTG-1",4,16
"AACCATGGGATCGCTA-1",7,7
"AACCCAGAGACGGAGA-1",4,16
"AACCCATCCCATGATC-1",8,5
"AACCCGACAACCCGTG-1",5,12
"AACCCGAGCAGAATCG-1",7,7
"AACCCGCTGTATTCCA-1",7,12
"AACCCTACTGTCAATA-1",4,16
"AACCGCTAAGGGATGC-1",4,16
"AACCTCGCTTTAGCCC-1",3,8
"AACCTGTCACGGAATT-1",9,13
"AACCTTTAAATACGGT-1",2,2
"AACCTTTACGACGTCT-1",5,3
"AACGATAATGCCGTAG-1",3,8
"AACGATAGAAGGGCCG-1",8,5
"AACGCATGATCTGGGT-1",4,16
"AACGCGAACGGCAACA-1",9,13
"AACGCGACCTTGGGCG-1",5,12
"AACGCGGTCTCCAGCC-1",3,8
"AACGCTGTTGCTGAAA-1",4,16
"AACGGACGTACGTATA-1",8,5
"AACGGCCATCTCCGGT-1",3,8
"AACGTACTGTGGGTAC-1",3,8
"AACGTAGTCTACCCAT-1",7,7
"AACGTCAGACTAGTGG-1",8,16
"AACGTGCGAAAGTCTC-1",3,8
"AACGTTATCAGCACCT-1",7,4
"AACTACCCGTTTGTCA-1",7,7
"AACTAGCGTATCGCAC-1",1,1
"AACTAGGCTTGGGTGT-1",1,14
"AACTCAAGTTAATTGC-1",5,3
"AACTCCAGAGCGTGTT-1",5,3
"AACTCGATAAACACGT-1",6,6
"AACTCGATGGCGCAGT-1",7,7
"AACTCTCAATAGAGCG-1",4,16
"AACTCTCAGTGTGCTC-1",2,2
"AACTGGTGTGGGCCTT-1",4,16
"AACTTCTGCGTCTATC-1",7,12
"AACTTGCCCGTATGCA-1",4,16
"AACTTGCGTTCTCGCG-1",7,7
"AACTTTACGGGAGCTT-1",7,7
"AACTTTAGCTGCTGAG-1",4,16
"AAGAAGGATCAGTTAG-1",7,7
"AAGACCCAACTGAACA-1",2,14
"AAGACTAACCCGTTGT-1",6,15
"AAGACTGCAAGCTACT-1",2,14
"AAGAGATGAATCGGTA-1",4,16
"AAGAGCTCTTTATCGG-1",3,8
"AAGAGGATGTACGCGA-1",8,5
"AAGAGGCATGGATCGC-1",5,3
"AAGAGGCCCTTTGGAA-1",4,16
"AAGATGGCACCGGACC-1",2,14
"AAGATTGGCGGAACGT-1",8,5
"AAGCACCCTGCGTATC-1",3,2
"AAGCATACTCTCCTGA-1",2,2
"AAGCCGAAGCGGTTTA-1",7,7
"AAGCGCAGGGCTTTGA-1",7,12
"AAGCGTCCCTCATCGA-1",3,8
"AAGCTAGATCGAGTAA-1",2,2
"AAGCTCGTGCCAAGTC-1",3,8
"AAGCTCTTTCATGGTG-1",5,3
"AAGGAGCGGTTGGTGC-1",5,3
"AAGGATCGATCGCTTG-1",7,7
"AAGGATGAGGGACCTC-1",8,5
"AAGGCAGGCTGTCTCC-1",7,7
"AAGGCGCGTAAAGCTT-1",4,16
"AAGGCTGTGCTCATCG-1",8,5
"AAGGGACAGATTCTGT-1",8,5
"AAGGTGATAAACCAGC-1",5,16
"AAGTAGAAGACCGGGT-1",8,5
"AAGTAGTGACGCGAGG-1",8,16
"AAGTCAATTGTCGTCA-1",4,4
"AAGTCTTCTGTGGCCT-1",4,16
"AAGTGACGACCGAATT-1",8,5
"AAGTGAGTCGGGTTTA-1",5,12
"AAGTGCAAAGGTAGAC-1",7,7
"AAGTGCCTTGACTGTA-1",4,4
"AAGTGCGTTAGAATCT-1",5,3
"AAGTGCTTCTCTATTG-1",5,12
"AAGTGTTTGGAGACGG-1",3,8
"AAGTTCACTCCAAGCT-1",5,3
"AAGTTCAGTCTGCGTA-1",4,16
"AAGTTCGGCCAACAGG-1",5,3
"AAGTTGTGATGTTATA-1",5,9
"AAGTTTATGGGCCCAA-1",7,12
"AATAACAACGCTCGGC-1",8,5
"AATAACACTAGAACAA-1",3,8
"AATACAATGTTTCAGG-1",7,7
"AATACCGGAGGGCTGT-1",5,12
"AATAGAACAGAGTGGC-1",2,14
"AATAGAATCTGTTTCA-1",5,3
"AATAGCTACCGCGTGC-1",7,7
"AATAGTCCGTCCCGAC-1",2,14
"AATAGTCGCGAGTCGG-1",7,7
"AATATCAAGGTCGGAT-1",4,16
"AATATCCTAGCAAACT-1",4,16
"AATATCGAATCAATGC-1",7,7
"AATATCGAGGGTTCTC-1",4,16
"AATATTGGAGTATTGA-1",4,16
"AATCAGACTGCAGGAC-1",9,13
"AATCATGTAAAGACTC-1",4,16
"AATCCAAGGGCCTGAG-1",4,16
"AATCCATGCAAGGGTG-1",9,13
"AATCGAGGTCTCAAGG-1",5,10
"AATCGCCTCAGCGCCA-1",3,3
"AATCGCGCAGAGGACT-1",7,7
"AATCGTGAGCCGAGCA-1",3,8
"AATCTAGGTTTACTTG-1",8,5
"AATCTATGCCGGAGCC-1",7,7
"AATCTCTACTGTGGTT-1",4,16
"AATCTGCGTTGGGACG-1",4,16
"AATCTGGCTTTCTAGT-1",8,5
"AATGACAGCAATGTCT-1",5,3
"AATGACGTAGGATGTC-1",3,8
"AATGACTGTCAGCCGG-1",8,5
"AATGAGTTCGCATATG-1",7,7
"AATGATGCGACTCCTG-1",4,16
"AATGCAACCGGGTACC-1",3,8
"AATGCACCAAGCAATG-1",4,10
"AATGGTCCACCGTTCA-1",7,7
"AATGGTTCTCACAAGC-1",4,16
"AATGTGCCCGAGGTGT-1",5,3
"AATGTTAAGACCCTGA-1",5,12
"AATTAAAGGTCGGCGT-1",3,8
"AATTAACGGATTTCCA-1",2,14
"AATTACTCGTACGCTC-1",6,6
"AATTAGCGCTGCAGCG-1",2,14
"AATTATACCCAGCAAG-1",5,3
"AATTCCAACTTGGTGA-1",6,6
"AATTCCAAGCATGTAC-1",5,12
"AATTCGATTCGAGGAT-1",7,12
"AATTCTAGAGTTAGGC-1",2,14
"AATTGAACGCTCTGGT-1",5,3
"AATTGCAGCAATCGAC-1",4,16
"ACAAAGAAGGTAGGCC-1",4,16
"ACAAAGCATGACCTAG-1",5,3
"ACAAATCGCACCGAAT-1",5,3
"ACAAATGGTAGTGTTT-1",5,3
"ACAACAGCATGAGCTA-1",2,2
"ACAACGGTCCCTGCGA-1",4,16
"ACAAGCAGTGCCTAGC-1",9,15
"ACAAGCTATATGGAAG-1",7,7
"ACAAGGAAATCCGCCC-1",3,8
"ACAAGGACAAGAGGTT-1",8,5
"ACAAGGATGCTTTAGG-1",5,3
"ACAAGGGCAGGCTCTG-1",3,8
"ACAATAGTCGTACGTT-1",8,5
"ACAATCCATTTAAACC-1",8,5
"ACAATGAATACGGAGA-1",3,8
"ACAATTGTGTCTCTTT-1",4,16
"ACAATTTAGGAGGCTC-1",7,7
"ACAATTTGAGCAGTGG-1",5,3
"ACACAAAGACGGGTGG-1",5,3
"ACACACCAGGACCAGT-1",5,9
"ACACATTGACGCAACA-1",6,6
"ACACATTTCCGTAGAC-1",7,12
"ACACCACATAATTAGC-1",7,13
"ACACCCAGCATGCAGC-1",5,3
"ACACCCGAGAAATCCG-1",4,16
"ACACCGAGCGCTCTTT-1",6,6
"ACACCTTAAGTAGGGC-1",8,5
"ACACCTTACTACTTGC-1",7,7
"ACACGAGACTCCTTCT-1",2,2
"ACACGGGAACTTAGGG-1",2,2
"ACACGTAGGCCACAAG-1",4,16
"ACACTCCAATGTCACT-1",7,7
"ACACTGATCAAGGTGT-1",2,14
"ACAGAACTGAGAACAA-1",5,3
"ACAGCATAGAGCCAGT-1",8,5
"ACAGCGACATTCTCAT-1",4,16
"ACAGGCACGGATCCTT-1",5,9
"ACAGGCTTGCCCGACT-1",5,3
"ACAGGTGGAGGTGAGG-1",3,8
"ACAGGTGTGTTGTTGC-1",4,16
"ACAGTAATACAACTTG-1",8,16
"ACAGTATACCGTGGGA-1",9,13
"ACATAATAAGGCGGTG-1",3,8
"ACATCAGCTGGGACGC-1",7,7
"ACATCCCGGCCATACG-1",1,1
"ACATCCTGGTAACTGT-1",4,16
"ACATCGATCGTTTACC-1",2,14
"ACATCGGTCAGCCGCG-1",5,3
"ACATCGTATGCAATGG-1",5,3
"ACATGGCGCCAAAGTA-1",7,12
"ACATGGCTCAATTTAG-1",6,6
"ACATTAGTTTATATCC-1",2,14
"ACCAAACACCCAGCGA-1",7,7
"ACCAACACCACACACT-1",7,7
"ACCAACCGCACTCCAC-1",5,3
"ACCAACGCTTATTTAT-1",2,14
"ACCAAGAACGCGTGTC-1",8,5
"ACCAATATGCAAGTTA-1",3,8
"ACCACAAGTTTCTATC-1",5,3
"ACCACACGGTTGATGG-1",5,12
"ACCACCAATGTAACAA-1",7,7
"ACCACCCTCTCTTCTA-1",9,11
"ACCACGTGCAGCTATA-1",3,8
"ACCACTGTTCAAGAAG-1",6,15
"ACCAGACCATAACAAC-1",4,16
"ACCAGGAGTGTGATCT-1",8,5
"ACCAGTGCGGGAGACG-1",4,16
"ACCATATCCGCAATAA-1",3,8
"ACCATCCGCCAACTAG-1",4,16
"ACCATCGTATATGGTA-1",5,3
"ACCATTAAGGGTGTCA-1",6,11
"ACCCAACGCCCGTGGC-1",8,5
"ACCCACCTACATGCTC-1",4,16
"ACCCATCTTGAGGGTA-1",8,5
"ACCCATTTGTCCCTCT-1",4,16
"ACCCGAGCGAAATTAC-1",5,3
"ACCCGATTGGTTCCGA-1",5,12
"ACCCGGAAACTCCCAG-1",1,14
"ACCCGGATGACGCATC-1",4,13
"ACCCGGTTACACTTCC-1",3,8
"ACCCGTGTCATCAGTA-1",2,14
"ACCCTATAGGACTGAG-1",7,13
"ACCCTATGCCATATCG-1",2,14
"ACCCTCCCGTCAGGGC-1",5,9
"ACCCTCCCTTGCTATT-1",5,3
"ACCCTGGTAACGCCCT-1",7,7
"ACCGAAAGGGCCCTGC-1",8,5
"ACCGAAGAGTCTGGTT-1",5,10
"ACCGACACATCTCCCA-1",2,14
"ACCGACTGAGTCCCAC-1",2,14
"ACCGAGTCTCCTTATT-1",7,12
"ACCGATGGTAGCATCG-1",4,16
"ACCGCAATAACTGCCT-1",3,8
"ACCGCGGTGGAAGTCG-1",7,7
"ACCGGGCCTTTGTTGA-1",4,4
"ACCGTGACCACGTGGG-1",5,12
"ACCTAAGTACCTTTCA-1",5,3
"ACCTAATCGACTTCCT-1",4,16
"ACCTACAGTATGTGGT-1",7,7
"ACCTACTATAAATCTA-1",5,12
"ACCTCCGCCCTCGCTG-1",4,16
"ACCTCCGTTATTCACC-1",7,7
"ACCTGCGTGTCATGTT-1",8,5
"ACGAAATGGGCGGCAC-1",4,16
"ACGACTCTAGGGCCGA-1",5,3
"ACGAGAACCCATCACG-1",7,7
"ACGAGGATACCACTCT-1",8,5
"ACGAGGTTTACAACGT-1",5,3
"ACGAGTACGGATGCCC-1",4,16
"ACGATACCTATCCTGA-1",7,7
"ACGATCATACATAGAG-1",3,8
"ACGATCATCTTGTAAA-1",7,7
"ACGATGCATATGTTAT-1",5,3
"ACGCAAACTAATAGAT-1",5,12
"ACGCAATCACTACAGC-1",7,7
"ACGCATACGTTTACTA-1",4,16
"ACGCATTCGTGAGTAC-1",2,2
"ACGCCACTCGAAACAG-1",5,3
"ACGCCGCTAGACGACC-1",3,8
"ACGCGAAGTCAGACGA-1",2,14
"ACGCGCTACACAGGGT-1",8,5
"ACGCGGGCCAAGGACA-1",2,2
"ACGCGTTTCTTAAGAG-1",7,7
"ACGCTAGTGATACACT-1",4,16
"ACGCTGTGAGGCGTAG-1",4,16
"ACGGAATTTAGCAAAT-1",7,7
"ACGGACTCTCAAAGCG-1",3,8
"ACGGAGCGCAAATTAC-1",7,7
"ACGGATGGTGCGGATA-1",3,8
"ACGGCACTTGCTTGGG-1",1,1
"ACGGCCAACATGGACT-1",1,1
"ACGGCGACGATGGGAA-1",3,8
"ACGGCGGGTTGCCCTG-1",7,7
"ACGGGAGTGTCGGCCC-1",8,5
"ACGGGCGTATGCGACA-1",7,13
"ACGGGTCATGTGACTT-1",6,15
"ACGTAGATTGCTGATG-1",1,14
"ACGTAGGAGAGTCGCT-1",7,12
"ACGTATTACTCCGATC-1",4,16
"ACGTCTCGTTCCGGGA-1",4,16
"ACGTGACAAAGTAAGT-1",4,16
"ACGTTAATGTCGAAGA-1",3,2
"ACGTTAGATTTGCCCG-1",5,3
"ACGTTATTGGTCACTC-1",7,12
"ACGTTCCGCGCTCCGT-1",8,5
"ACGTTCGCAATCAATT-1",7,7
"ACGTTCGTTCAGGAAA-1",2,12
"ACGTTCTGTACAAGTC-1",5,5
"ACTACAAAGAGAGGTG-1",5,12
"ACTACCAGCTCTCTGG-1",8,16
"ACTACGCGTTAGAATT-1",2,14
"ACTAGTTGCGATCGTC-1",4,16
"ACTATATGCTGTGTTC-1",4,10
"ACTATCCAGGGCATGG-1",7,7
"ACTATCTGCCCGCGTA-1",7,7
"ACTATTTCCGGGCCCA-1",2,14
"ACTCAACGAATGTATT-1",7,13
"ACTCAAGTGCAAGGCT-1",1,1
"ACTCAATAAAGGCACG-1",2,14
"ACTCAGACCTGCTTCT-1",4,16
"ACTCCCATTCCTAAAG-1",8,5
"ACTCCCGAATTCGTTT-1",4,16
"ACTCCCTAATGCTAAA-1",2,14
"ACTCCCTAGAATAGTA-1",3,8
"ACTCCGGCCGACCACT-1",5,3
"ACTCGATGTATTTCAT-1",7,12
"ACTCGTAACCCGTCCT-1",5,3
"ACTCGTCAGTAATCCC-1",3,3
"ACTCTAAACCTGGGAT-1",7,7
"ACTCTCTGACTTAGGT-1",3,8
"ACTCTGACCTAATAGA-1",5,9
"ACTCTTGTATAGTAAC-1",2,2
"ACTGAAACGCCGTTAG-1",8,9
"ACTGAATGGCGAAAGT-1",5,3
"ACTGCGGACACACCGT-1",7,7
"ACTGCTCGGAAGGATG-1",8,5
"ACTGGGATGCCAGTGC-1",5,12
"ACTGTACGATACACAT-1",3,8
"ACTGTAGCACTTTGGA-1",4,16
"ACTGTATACGCGAGCA-1",4,16
"ACTGTCCAGGATTATA-1",3,3
"ACTGTCTTCTTTAGAA-1",2,14
"ACTGTGCTAGTAGATC-1",7,7
"ACTTACGCATCCACGC-1",3,8
"ACTTAGTACGACAAGA-1",7,16
"ACTTATACTTACCCGG-1",5,16
"ACTTATCTGATCTATA-1",7,7
"ACTTATTAGGATCGGT-1",3,8
"ACTTATTTATGTGCCA-1",5,9
"ACTTCAGGCTGATCCC-1",3,3
"ACTTCCATGCGGGACA-1",5,3
"ACTTCGCCATACGCAC-1",3,8
"ACTTGACTCCCTCTTT-1",3,8
"ACTTGCCATATTGTAC-1",8,5
"ACTTGGGACCCGGTGG-1",5,3
"ACTTGTAGTCCCTTCA-1",4,16
"ACTTGTGGATGGAACG-1",7,12
"ACTTTACCCTCATGAA-1",4,16
"ACTTTCCTATAGCTTC-1",2,2
"ACTTTGACTGCATCCT-1",4,16
"AGAAATTATGACTCGC-1",7,7
"AGAACGTGGTACATTC-1",2,2
"AGAAGGTACACTTCAC-1",8,5
"AGAAGGTTGCCGAATT-1",5,3
"AGAAGGTTGTAGGTCG-1",3,8
"AGAAGTGATTCGTGAT-1",5,3
"AGAATAAATCTTCAGG-1",4,16
"AGAATTATGGATTCGA-1",4,16
"AGAATTGTTTGACATA-1",7,7
"AGACAGCTCAGAATCC-1",7,7
"AGACATAGATCCTTCC-1",4,10
"AGACCAAACCACACCT-1",8,5
"AGACCATGGGATACAA-1",4,16
"AGACCCACCGCTGATC-1",2,14
"AGACCCGCCCTCCTCG-1",5,3
"AGACCGCTCCGCGGTT-1",7,7
"AGACCGGGAAACCCTG-1",4,16
"AGACGAAGTGCCGGTC-1",4,16
"AGACGACGATGCCGCT-1",3,3
"AGACTAGCCTTCCAGA-1",8,5
"AGACTGTTACCGGGTC-1",5,12
"AGAGAAACACCAGAAA-1",5,12
"AGAGAACCGTCTAGGA-1",8,5
"AGAGAAGGAGTACAAT-1",3,8
"AGAGATCTCTAAAGCG-1",4,16
"AGAGCAGTTATGAGAC-1",7,16
"AGAGCCGCCGAGATTT-1",4,16
"AGAGCGTACAAGCTCG-1",4,16
"AGAGCTACGAAAGCAT-1",6,6
"AGAGGCTTCGGAAACC-1",4,16
"AGAGGTATCTCGGTCC-1",4,16
"AGAGTAAACTTCACTA-1",7,12
"AGAGTATAGTGTTACG-1",9,13
"AGATAACTTCAGGGCC-1",8,5
"AGATACCAGCACTTCA-1",9,15
"AGATACCGGTGTTCAC-1",5,3
"AGATACGACTTCATAT-1",4,16
"AGATACTCAAGATCGA-1",5,3
"AGATATAATACGACTA-1",2,2
"AGATCGTGCATAAGAT-1",4,16
"AGATCTCAGGTGTGAT-1",3,8
"AGATGACTCGCCCACG-1",5,3
"AGATGAGGGTTGCGAT-1",4,16
"AGATGATGGAGTCTGG-1",7,7
"AGATGCAAGACGTGCA-1",3,3
"AGATGCATCCTGTGTC-1",4,16
"AGATGCTATAACGAGC-1",6,6
"AGATTATAGGACGTTT-1",3,8
"AGATTCACAACCGATA-1",8,5
"AGCAAAGGCCGCTAGT-1",2,2
"AGCAACATATCTTATT-1",4,16
"AGCAACCGAAAGTAAT-1",5,3
"AGCACCAGTACTCACG-1",2,2
"AGCACTACCGGCCTGT-1",4,16
"AGCACTACCTCACCAG-1",3,3
"AGCACTTAAGGACGCC-1",8,5
"AGCAGAAGGAGAAAGA-1",2,14
"AGCAGCCAGATGAATA-1",1,14
"AGCAGTCGAAGCATGC-1",5,12
"AGCATATCAATATGCT-1",4,16
"AGCATCATTTCGAAAG-1",8,5
"AGCATCGTCGATAATT-1",5,3
"AGCATTACGAGGCAAG-1",4,12
"AGCCAAGCTTTGTGTC-1",7,12
"AGCCACAGGTTACCCG-1",5,3
"AGCCATATAGTATGTG-1",7,12
"AGCCCATACATGTAAG-1",8,5
"AGCCCGCAACAAGCAG-1",5,12
"AGCCCGGTAGCCTGTA-1",7,12
"AGCCCTTCTAATCCGA-1",4,16
"AGCCGCAAATTCAAAT-1",7,12
"AGCCGTGGCTAAATGT-1",5,3
"AGCCTAATACCCACGT-1",8,5
"AGCCTTAAAGCGGAAG-1",7,7
"AGCGACAGGAACGGTC-1",3,8
"AGCGACATCCCATTCA-1",8,5
"AGCGACCAACGATATT-1",5,3
"AGCGCATAATGAATCG-1",2,14
"AGCGGACACTTCGTAG-1",2,14
"AGCGGCGGTTAGCGGT-1",8,5
"AGCGGGAAGGGTCCAT-1",4,16
"AGCGGGTCTGACACTC-1",7,12
"AGCGGTTGCCGCTCTG-1",9,13
"AGCGTACGAGAGCTAG-1",9,13
"AGCGTAGCGCTAGACC-1",9,11
"AGCGTCTGAACCCGCA-1",7,13
"AGCGTGGTATTCTACT-1",3,8
"AGCTAACAAGCAATGT-1",5,10
"AGCTAAGTACGCAGGC-1",5,3
"AGCTAGAAGCAGAAGT-1",4,16
"AGCTCCATATATGTTC-1",4,16
"AGCTCCTTCGCACATC-1",5,3
"AGCTCTAGACGTTCCA-1",3,8
"AGCTCTTCGTAACCTT-1",9,13
"AGCTCTTTACTCAGTT-1",5,3
"AGCTGTAACCTCAATC-1",5,3
"AGCTTATAGAGACCTG-1",3,10
"AGCTTCTTCTCGAGCA-1",5,9
"AGCTTGATCTTAACTT-1",8,5
"AGGAAAGCCTCTGATG-1",6,6
"AGGAAGCTGTCCGCCG-1",1,14
"AGGACAGTCGAATCCC-1",5,3
"AGGACATCGCACGTCG-1",4,16
"AGGACGACCCATTAGA-1",3,8
"AGGACGCTCGATGTTG-1",4,10
"AGGAGACATCCACAGT-1",9,6
"AGGAGGCCTTCGCGCG-1",4,16
"AGGATAAAGTCGGGAT-1",2,14
"AGGATATAGGGATTTA-1",4,16
"AGGATATCCGACTGCA-1",5,3
"AGGATCACGCGATCTG-1",8,5
"AGGATTGCTTACGACA-1",7,7
"AGGCAAAGAGGAATCA-1",7,7
"AGGCAGATGCGTAAAC-1",8,5
"AGGCAGGGAGCGTACT-1",2,14
"AGGCATTGTCGTAGGG-1",4,16
"AGGCCACCCGTTATGA-1",4,16
"AGGCCCAGTGACTGGT-1",6,6
"AGGCCCATTGTACAGG-1",8,5
"AGGCCCTAGAACGCCA-1",8,5
"AGGCCTATCATACCAA-1",5,12
"AGGCCTGAGAATCTCG-1",5,3
"AGGCGTCTATGGACGG-1",7,7
"AGGCTATGGTTAGCTT-1",4,16
"AGGCTTCCCGAAGAAG-1",3,8
"AGGCTTGCTAGACACC-1",7,7
"AGGGACAGCACGGCGG-1",1,1
"AGGGACCGGCTGCGTT-1",7,13
"AGGGACTCTACGCGAC-1",1,1
"AGGGAGACATACTTCG-1",7,7
"AGGGCGAGCAGCTGAT-1",8,5
"AGGGCGTGATCGGCTA-1",4,16
"AGGGCTGCAGTTACAG-1",1,1
"AGGGTCAGAGCACTCG-1",5,12
"AGGGTCAGTAACCCTA-1",7,7
"AGGGTCGATGCGAACT-1",4,4
"AGGGTGCTCTCGAGGG-1",4,16
"AGGGTGGATAGTGCAT-1",7,7
"AGGGTTCAGACGGTCC-1",5,12
"AGGGTTCCCTTTGGTT-1",8,5
"AGGGTTTAGTTCGGGA-1",2,2
"AGGTAACCTCCTATTC-1",4,16
"AGGTAGGTACAAAGCT-1",8,5
"AGGTATAATTGATAGT-1",7,13
"AGGTCAGGTGAGAGTG-1",8,5
"AGGTCGCCACTTCGGT-1",9,13
"AGGTCGCGGAGTTACT-1",4,16
"AGGTGGTGACCTTCGC-1",5,12
"AGGTGTATCGCCATGA-1",4,16
"AGGTTACACCATGCCG-1",7,7
"AGGTTTCACACACCTT-1",2,2
"AGTAATCTAAGGGTGG-1",5,3
"AGTAATGTCTTGCCGC-1",8,5
"AGTACAGAAGCTTATA-1",7,12
"AGTACATCATTTATCA-1",7,12
"AGTACGGCCCGTATCG-1",4,16
"AGTACTCTTATGCCCA-1",5,3
"AGTAGAAGGCGCCTCA-1",7,12
"AGTAGGAAGGAAGTTG-1",4,16
"AGTAGGTAACATACAT-1",8,5
"AGTATAATACTAGGCA-1",4,16
"AGTATACACAGCGACA-1",5,12
"AGTATCCATAATAACG-1",9,13
"AGTATGCTGGAGACCA-1",3,3
"AGTATTTGGCACGACC-1",2,14
"AGTCAAATGATGTGAT-1",5,12
"AGTCAACACCACCATC-1",3,8
"AGTCAAGATGACACTT-1",8,5
"AGTCACTAGCTCTCGA-1",4,16
"AGTCACTCCGCCTCAT-1",7,7
"AGTCAGCCACCGCCTG-1",7,7
"AGTCCAGCGGGTACGT-1",9,13
"AGTCCATTGGCTGATG-1",4,16
"AGTCCCGCCTTTAATT-1",3,10
"AGTCGACGGTCTCAAG-1",8,9
"AGTCGGCCCAAACGAC-1",4,16
"AGTCGGCTCAACTTTA-1",8,5
"AGTCGGTTGCGTGAGA-1",7,7
"AGTCGTATAAAGCAGA-1",3,8
"AGTCGTCGACCACCAA-1",5,3
"AGTCGTGGGCATTACG-1",5,3
"AGTCTAAAGTATACTC-1",7,7
"AGTCTCACAAGACTAC-1",5,3
"AGTCTGGACATCCTTG-1",7,7
"AGTCTTCTCCTCAAAT-1",2,2
"AGTCTTTAAAGTGTCC-1",7,12
"AGTGAACAAACTTCTC-1",4,12
"AGTGACCTACTTTACG-1",2,2
"AGTGAGACTTCCAGTA-1",5,5
"AGTGAGCCTCGCCGCC-1",4,16
"AGTGATAACCTGCGCG-1",5,3
"AGTGATATGAGTAGTT-1",2,2
"AGTGATTCAAGCAGGA-1",8,5
"AGTGCACGCTTAAGAA-1",4,16
"AGTGCGTAGCTCGTAA-1",3,8
"AGTGCTAAACACAGCA-1",5,3
"AGTGCTTGCACGAATA-1",5,9
"AGTGGCGGCAATTTGA-1",4,16
"AGTGGCGTCTGAAGGT-1",5,3
"AGTGGCTCCGTCGGCC-1",4,16
"AGTGGTGTTACCCGTG-1",4,16
"AGTGGTTGCGTATAGG-1",7,7
"AGTGTATTGCGCATTG-1",4,10
"AGTGTGCTAAGATCGC-1",6,6
"AGTGTGGTCTATTGTG-1",7,7
"AGTTAAACACTTGCGA-1",5,3
"AGTTAAGTCAACCGCT-1",5,3
"AGTTACCCTTAAGACT-1",7,12
"AGTTACCGCACATGGT-1",7,13
"AGTTCACCGGTTGGAC-1",9,13
"AGTTCCTACAGAATTA-1",5,3
"AGTTCCTATTTATGTT-1",2,14
"AGTTCTGCGTTGTATC-1",7,7
"AGTTGACATCGGCTGG-1",7,2
"AGTTGACGGTCCTTGC-1",7,12
"AGTTGCTGACTGATAT-1",7,7
"AGTTGGCAAGGCTAGA-1",5,9
"AGTTTATGTAAAGACA-1",9,13
"AGTTTGCACCTGCCTC-1",3,8
"AGTTTGGCACGGGTTG-1",4,16
"AGTTTGGCCAGACCTA-1",5,3
"ATAAACCATTGGACGG-1",1,1
"ATAAACGGACCCGTAA-1",2,14
"ATAAACGTTGCACCAC-1",4,16
"ATAAAGGCTCGGTCGT-1",5,3
"ATAAATATTAGCAGCT-1",8,5
"ATAACGCCGGAGGGTC-1",5,3
"ATAAGGTGGAGAACAT-1",3,8
"ATAAGTAGGATTCAGA-1",4,16
"ATAAGTAGGGCGACTC-1",7,13
"ATAAGTTACCGCGACG-1",2,14
"ATAATACCGTTAGCCG-1",7,7
"ATAATAGCTGTTGAAT-1",2,14
"ATAATAGTGTAGGGAC-1",7,16
"ATAATCTTGGAGAACC-1",3,8
"ATAATTAGCTAAGTAG-1",7,12
"ATACAGGCCCTCCAAT-1",3,2
"ATACCACGGGCAACTT-1",4,16
"ATACCAGGCTAATAGA-1",8,5
"ATACCAGGTGAGCGAT-1",8,5
"ATACCCTGGCTCAAAT-1",6,6
"ATACCGTCATCCATAA-1",7,7
"ATACCTAACCAAGAAA-1",1,14
"ATACGAGGTTTGTAAG-1",5,12
"ATACGCCGATCTACCG-1",7,7
"ATACGCCGGCGAAACC-1",3,8
"ATACGGAACGTCGTTT-1",5,3
"ATACGGTGAAGATGCA-1",7,13
"ATACGTACTTAGCCAC-1",3,8
"ATACGTCCACTCCTGT-1",4,16
"ATACGTTATGCACGGA-1",7,12
"ATACTACCCGTACCAC-1",4,16
"ATACTAGCATGACCCT-1",3,8
"ATACTCTCGCCACTCT-1",7,7
"ATACTGCCTTACACCG-1",5,3
"ATACTTGTTCTCGAGC-1",7,7
"ATAGACAACGGGACCT-1",8,5
"ATAGACGAAGAGAAAG-1",5,3
"ATAGAGTACTGGGACA-1",5,3
"ATAGAGTTATCAACTT-1",8,5
"ATAGCAACTAGGGAAG-1",5,3
"ATAGCCTCAGTACCCA-1",7,12
"ATAGCTGCTCTTGTTA-1",6,15
"ATAGGCGGCTATAGAA-1",5,3
"ATAGGCTAGCTTCGCA-1",4,16
"ATAGGTTGGGCAGATG-1",2,2
"ATAGTGAAGCGTTCTC-1",2,2
"ATAGTTCCACCCACTC-1",9,13
"ATATAAAGCGCTCGTG-1",2,14
"ATATAAATGTAGCTGC-1",3,8
"ATATAACACGGGCGCA-1",5,3
"ATATACATGTATGGTA-1",4,16
"ATATACGCTCGTGACG-1",4,16
"ATATCAACCTACAGAG-1",7,13
"ATATCAATTCCAGCCT-1",8,16
"ATATCGGTAGGGAGAT-1",7,7
"ATATCGTTCCTCGAAC-1",5,3
"ATATCTTAGGGCCTTC-1",2,2
"ATATGGGATAGCAACT-1",5,12
"ATATGTCTAGAGCGTG-1",7,12
"ATATGTCTCCCTAGCC-1",4,16
"ATATTCAGTTAAACCT-1",5,3
"ATATTCCACATAGTGA-1",3,8
"ATATTCCCACAGGTCA-1",8,5
"ATATTGCTGTCAAAGT-1",4,16
"ATATTTAACCCTCAAG-1",5,3
"ATCAAACACTGTTCCA-1",7,7
"ATCAAACGAAGGTTTG-1",3,3
"ATCAAGATCCCAGGAC-1",5,12
"ATCAATCTGGGCTGCA-1",2,14
"ATCACGTGCTAATTAA-1",5,3
"ATCAGACGGCACGCCG-1",3,3
"ATCAGCCTCATGCTGC-1",5,3
"ATCAGCTCGTCCACTA-1",8,5
"ATCATAGATCGACGAG-1",5,12
"ATCATAGCCCTATGTA-1",4,16
"ATCATCCAATATTTGT-1",2,2
"ATCCAACGCAGTCATA-1",4,16
"ATCCAATGGAGGGTCC-1",8,5
"ATCCAATGGTACCGAA-1",4,16
"ATCCACATCGACAGAA-1",2,2
"ATCCAGAGCAACAACC-1",1,1
"ATCCAGGATTCGTGAA-1",3,3
"ATCCCATTTCCGTGGG-1",5,12
"ATCCTACCTAAGCTCT-1",3,8
"ATCCTGAATCGCTGCG-1",8,5
"ATCCTGCGTGGAATGG-1",3,8
"ATCCTGCTGCAGATAG-1",4,12
"ATCGACCCAATACAGA-1",2,14
"ATCGACTCTTTCCGTT-1",3,8
"ATCGCACGATTGTTCA-1",6,6
"ATCGCACGCCGGGAGA-1",5,3
"ATCGCCAGTCAACATT-1",9,15
"ATCGCTGCGTGCAGCA-1",7,7
"ATCGGAGACAGACGGC-1",3,8
"ATCGGCAAGCAGTCCA-1",4,16
"ATCGGTTACCTAGTAA-1",7,7
"ATCGTATTCCGAGAAC-1",7,7
"ATCGTCCAATCGAGTC-1",6,15
"ATCGTTAGCTAGCGGA-1",4,16
"ATCTAATATCCTACGG-1",2,14
"ATCTACCATCTGCTCC-1",5,3
"ATCTAGCTTGTGAGGG-1",7,12
"ATCTCCCACGGAATAT-1",4,16
"ATCTCGTGAGCGAAAC-1",7,7
"ATCTGATAGTGTCTTA-1",7,7
"ATCTGCACCTCTGCGA-1",4,16
"ATCTGCTGTTATCGCC-1",5,12
"ATCTGGGCTGTTCTTG-1",2,14
"ATCTGTAATTGTACCC-1",8,5
"ATCTTATCGCACACCC-1",4,16
"ATCTTGACCTGCAACG-1",8,5
"ATCTTGACTTGTCCAA-1",7,13
"ATCTTTCGTATAACCA-1",9,13
"ATGAAGCCAAGGAGCC-1",8,5
"ATGAAGTGGACCCAGC-1",7,7
"ATGACGCCGGCTCTAA-1",8,5
"ATGACGCGTTCTATCC-1",3,3
"ATGACTATGCGACATT-1",5,3
"ATGAGGAGTGTTAATC-1",4,16
"ATGATCGGGAATAGAC-1",8,5
"ATGATGCAATGGTACA-1",3,8
"ATGCACCTTCCTTAAT-1",9,13
"ATGCACTACCGCATTG-1",8,5
"ATGCATGATCCAGGAT-1",2,2
"ATGCATTCCGTGATGG-1",1,1
"ATGCCAATCGCTCTGC-1",8,16
"ATGCCATTTGCGACCA-1",5,16
"ATGCCGGTCTTGCATA-1",3,8
"ATGCGACAATTGGTCC-1",7,7
"ATGCGACAGTCCCATT-1",2,2
"ATGCGAGTCCCACCAC-1",4,12
"ATGCTCAGTGTTGCAT-1",4,16
"ATGCTCTGGCGCGGTA-1",3,8
"ATGCTTAGGAGTTGAT-1",7,7
"ATGGAAATTTAAGGAG-1",8,5
"ATGGAACCTTTGCACA-1",7,7
"ATGGAGCAGGCCGTGA-1",2,14
"ATGGATTGACCAAACG-1",3,8
"ATGGCAGCCGAGAAAC-1",7,7
"ATGGGACCTGCTGAAC-1",5,3
"ATGGGCCTCGGCCTCT-1",5,16
"ATGGTATTGGGAACCG-1",5,12
"ATGGTCGCGTGGTTTC-1",5,3
"ATGTAAGGCTGCTCTT-1",7,7
"ATGTACGATGACGTCG-1",7,12
"ATGTAGCGCGCGTAGG-1",7,12
"ATGTGAAAGCCTAATG-1",8,5
"ATGTGCATCCGACGCA-1",5,3
"ATGTGGACATCTTGAT-1",3,8
"ATGTTACGAGCAATAC-1",7,7
"ATGTTCCTGCCCACCT-1",6,15
"ATGTTCGTCGACCCAC-1",4,16
"ATGTTGATTAGAGACT-1",5,3
"ATGTTGTAGTCTGTTT-1",5,12
"ATTAAACATGCGGACC-1",2,14
"ATTACATGTCAGTCTT-1",7,7
"ATTACGCGCTGGCAGG-1",8,5
"ATTACTAGCCTCTTGC-1",4,16
"ATTACTTACTGGGCAT-1",4,16
"ATTAGATTCCTCAGCA-1",7,7
"ATTAGATTGATAGCGG-1",8,5
"ATTAGGCGATGCTTTC-1",3,8
"ATTATAGCTACTTTAC-1",7,7
"ATTATCGGAATGTACG-1",5,12
"ATTATGCCATAGGGAG-1",5,3
"ATTATTATGTCCGTCA-1",1,1
"ATTATTCAGAGTCACT-1",5,9
"ATTCAAAGTACCTGTT-1",6,6
"ATTCAACCATTTAAGG-1",9,13
"ATTCACTGATGTTGGA-1",2,14
"ATTCAGGACCTATTTC-1",4,10
"ATTCAGTAGCAGGGTC-1",4,16
"ATTCATATACTGTCCA-1",1,14
"ATTCATCGTTGAGGCA-1",5,3
"ATTCCCACATAAACAA-1",4,16
"ATTCCTAAGACGTGGA-1",7,16
"ATTCCTCCGCCAGTGC-1",4,16
"ATTCCTTCCAGGCGGT-1",7,7
"ATTCGACGCCGGGCCT-1",4,16
"ATTCGCGCCTTGAGAG-1",9,11
"ATTCGTGCTATCTCTT-1",7,7
"ATTCTCGTCTCTTTAG-1",4,16
"ATTGAAGATCTTAGTG-1",5,3
"ATTGACCGGCGATGAC-1",7,7
"ATTGATAGCAACGAGA-1",9,13
"ATTGATCACCACATTT-1",8,16
"ATTGATGAGTCCTAAC-1",4,16
"ATTGCCTTTATGTTTG-1",3,8
"ATTGCGATCAGTAACT-1",4,13
"ATTGCTGCTCCTCCAT-1",5,3
"ATTGGATTACAGCGTA-1",4,16
"ATTGGGAATATCTTGG-1",8,5
"ATTGGTAGGATCCGCT-1",7,7
"ATTGTACAACTCGGCT-1",4,16
"ATTGTCTGTTTCATGT-1",5,12
"ATTTAACTCGTATTAC-1",8,5
"ATTTACAGTTTACTGG-1",8,5
"ATTTACTAAGTCCATT-1",7,7
"ATTTATACTGGTAAAG-1",5,10
"ATTTCCGGGTTCTGCG-1",3,8
"ATTTGCGCGAGTAGCT-1",3,3
"ATTTGTCTTGGGAGCT-1",5,9
"CAAACCAGGTCTGCAT-1",7,7
"CAAACCATAAGCGTAT-1",5,3
"CAAACCCTCCGGCGGG-1",7,12
"CAAACGAGTATCGCAG-1",3,2
"CAAACGGTCGCACTTT-1",8,5
"CAAACTCGCGACGCCG-1",7,7
"CAAAGATTATTGGGCC-1",3,3
"CAAAGTCAGGTTAGCT-1",6,6
"CAAATCTCTCACAAGG-1",8,5
"CAAATGTCCTTCCGTG-1",2,2
"CAAATTGGATTATGCC-1",7,12
"CAACACATCTCCTGCC-1",9,13
"CAACATGGCCTGATAA-1",6,6
"CAACCGCACCTAGACA-1",6,15
"CAACCTACCGAGCAGT-1",3,16
"CAACCTGAACCTGCCA-1",9,13
"CAACGACCCGTTTACA-1",8,5
"CAACGGTTCTTGATAC-1",4,16
"CAACGTGGTGGAGTCT-1",7,4
"CAACTCCTTGATCCCG-1",8,16
"CAACTGCTCATCCGAT-1",2,14
"CAACTTGTAGTGGGCA-1",4,16
"CAAGAGGGCGGAGTAC-1",3,8
"CAAGATATTATAACGT-1",5,9
"CAAGCAACGTCGGAGT-1",8,5
"CAAGCGGCACATAATT-1",3,8
"CAAGGATCGCATGTTC-1",2,2
"CAAGGCCAGTGGTGCA-1",4,16
"CAAGGGAGTGTATTTG-1",6,6
"CAAGGTCCTATAGGCT-1",7,7
"CAAGTAAGTGATAGAC-1",5,12
"CAAGTCGTTGAAATCT-1",5,12
"CAAGTGAACTTTGGTT-1",8,10
"CAAGTGTGGTTGCAAA-1",4,16
"CAATACGCTCTGAGGC-1",4,16
"CAATATTCTTGACCTA-1",2,2
"CAATATTGGACTAGTG-1",6,6
"CAATCCTGCCGTGGAG-1",7,7
"CAATGACCCTTAATTT-1",5,12
"CAATGAGGTTCGACTA-1",7,7
"CAATGCGAGAAGTATC-1",5,3
"CAATGGATCTCTACCA-1",8,5
"CAATGTGCCAACCCTT-1",7,7
"CAATTAAGGGTGATGA-1",2,14
"CAATTGGGCCGCACTC-1",8,5
"CAATTTCGTATAAGGG-1",1,1
"CAATTTGACCGGGAAG-1",6,15
"CACAAGAAAGATATTA-1",7,7
"CACAATGAGCTGCTAT-1",3,8
"CACACACGCTAACGAG-1",4,16
"CACACAGCTTGCGCTC-1",7,7
"CACACAGGGATAGATT-1",4,16
"CACACGCGCTGTCTTA-1",8,5
"CACAGCACCCACGGCA-1",3,8
"CACAGCTAGGGAGTGA-1",3,3
"CACAGGGCCATATAGT-1",8,16
"CACAGGGCCGTTGTCA-1",9,11
"CACAGTTCGCTTCCCA-1",7,4
"CACATAAGGCGACCGT-1",9,7
"CACATATTAGCAGGAT-1",3,8
"CACATCGTGCACGCGC-1",2,14
"CACATCTCACCGACGA-1",3,8
"CACATGATTCAGCAAC-1",2,14
"CACATGTTTGGACATG-1",9,13
"CACATTTCTTGTCAGA-1",7,7
"CACCAATCATCCGTCT-1",4,16
"CACCACGCCACACAGA-1",4,16
"CACCCAAATCTTATGT-1",7,7
"CACCCACACGTCACCC-1",4,16
"CACCCGGTTTGTGACT-1",2,2
"CACCCTAACAAGATCT-1",5,3
"CACCCTTGGTGAGACC-1",8,5
"CACCCTTTCCTCGCTC-1",4,16
"CACCGCCAGAAGGTTT-1",3,8
"CACCGCGTCCACTCTA-1",4,16
"CACCGGGCATCACAAG-1",5,10
"CACCGTATCCCATCCG-1",6,15
"CACCGTTAGGGATCAC-1",2,2
"CACCGTTGCGCGATAT-1",5,3
"CACCTAATAGAGTCGT-1",7,7
"CACCTTGGCGCCTTTG-1",4,16
"CACGAAAGTTAGTCCC-1",4,16
"CACGACTAAAGTTCTG-1",4,16
"CACGATTGGTCGTTAA-1",4,16
"CACGCAGCGAGGCTTT-1",8,5
"CACGCGGAACTGTTGC-1",4,16
"CACGGCGCGCCAAAGG-1",4,16
"CACGGGATTGAGGGTT-1",7,7
"CACGTCGGCAACCTCT-1",3,8
"CACGTTCGTGCTCTAG-1",5,3
"CACGTTTCGTACACAC-1",5,3
"CACTAAAGTTGCCTAT-1",5,3
"CACTACGGGAGCTGCC-1",4,16
"CACTCAAGAGCTATGG-1",2,2
"CACTCCTATGTAAGAT-1",3,8
"CACTCGAGCTGAACAA-1",3,8
"CACTCGGTTAGGAGGA-1",4,16
"CACTCTCAAGCATCGA-1",5,12
"CACTCTTCTGCTAGCC-1",4,16
"CACTGACGATTGTGGA-1",5,12
"CACTGTCCAAGTGAGA-1",4,16
"CACTTAATCAGACGGA-1",5,3
"CACTTCGCCACAGGCT-1",4,13
"CACTTCGTCTTATCTC-1",7,7
"CAGAACTTAGCCCTCT-1",5,3
"CAGAATAACACACGGA-1",7,7
"CAGACACCGATCGCTG-1",1,1
"CAGACCTGTAAGTGTT-1",4,16
"CAGACGAACCTGATAC-1",2,14
"CAGAGACGGTCACCCA-1",1,1
"CAGAGCATGAGCTTGC-1",2,14
"CAGATAATGGGCGGGT-1",4,16
"CAGATACTAACATAGT-1",8,5
"CAGATCATTTAAAGTC-1",7,7
"CAGATCCTGGTTTGAA-1",8,5
"CAGATGTTTGTCCCAA-1",4,16
"CAGCAGCCCGTTCCTT-1",5,3
"CAGCAGTCCAGACTAT-1",4,16
"CAGCAGTCTGTGCTGC-1",3,8
"CAGCCTCTCCTCAAGA-1",4,16
"CAGCGATTCCCTTCAA-1",2,2
"CAGCGCCAACACGATA-1",4,13
"CAGCTCACTGAGACAT-1",3,8
"CAGCTCGACAAGTTAA-1",8,5
"CAGCTCGTGCTTGTGT-1",4,16
"CAGCTGGCGTAACCGT-1",8,5
"CAGCTTAGTAGGTAGC-1",4,16
"CAGGATATATCGTTGT-1",2,14
"CAGGATCCGCCCGACC-1",4,16
"CAGGCAGTCTTACCAG-1",5,3
"CAGGCCGTTTGGGTGT-1",5,3
"CAGGCGCACGGTGGTC-1",3,3
"CAGGCGCCATGCTAGG-1",3,8
"CAGGGCTAACGAAACC-1",6,6
"CAGTAACTATTTATTG-1",4,16
"CAGTAATCCCTCCCAG-1",7,16
"CAGTACATTCTCTAAA-1",4,16
"CAGTACCAGTTTACGT-1",8,5
"CAGTAGCCCACGCGGT-1",8,5
"CAGTAGCGAGGTAGTA-1",7,7
"CAGTCGAGGATGCAAT-1",4,16
"CAGTCGGCCTAGATAT-1",4,16
"CAGTCTCTCGGCTAAT-1",7,7
"CAGTCTGTATACTGGG-1",2,2
"CAGTGGTTGCACATGA-1",7,7
"CAGTGTCCGCAGAATG-1",4,16
"CAGTGTCGGCTGGCCC-1",8,16
"CAGTTCAAATTGACAC-1",5,3
"CAGTTCCGCGGGTCGA-1",4,16
"CAGTTCGAGGACCCGA-1",5,12
"CATAACGGACAGTCGT-1",4,16
"CATAAGAAGCTTGGCT-1",3,2
"CATAAGCTCTCCGTCT-1",4,16
"CATAATGAGCGGGCGA-1",4,10
"CATACAAAGCCGAACC-1",4,16
"CATACACGGTTCCCAC-1",2,2
"CATACCCGTACCCAGT-1",8,5
"CATACGGCGTCTGGGC-1",1,1
"CATACGGGTGCATGAT-1",9,11
"CATACTATGTAATTGT-1",5,3
"CATACTTAGGCAATAC-1",7,7
"CATACTTCTTTCTCCG-1",5,3
"CATAGAGGAGATACTA-1",5,3
"CATAGCCGCCCGGGAT-1",7,16
"CATAGCGTTGCCCACC-1",2,14
"CATAGTAGCATAGTAG-1",8,16
"CATAGTCAAATACATA-1",5,3
"CATAGTCCACAAGAAC-1",5,3
"CATATACTACTGATAA-1",4,16
"CATATAGGTACAGTCA-1",2,2
"CATATGTCAGGCTACG-1",8,5
"CATCAACACCTACTAA-1",6,15
"CATCATTACCCTGAGG-1",4,16
"CATCCGCAGGCCCGAA-1",7,7
"CATCCTCTCAAAGATC-1",4,16
"CATCGAATGGATCTCT-1",6,6
"CATCGCCCGCGGCCAA-1",4,16
"CATCGGACGGGTTAAT-1",2,14
"CATCGTCCGGTTACTA-1",7,12
"CATCTATCCCGTGTCT-1",4,16
"CATCTGCAGGATCATT-1",7,7
"CATCTTACACCACCTC-1",4,7
"CATGAACCGACATTTG-1",4,16
"CATGACTTCGCTGAAT-1",7,12
"CATGAGATGCACTCTC-1",3,8
"CATGATGGAAGTTAGC-1",4,4
"CATGCCAACTCGCAAA-1",8,5
"CATGCGACCAGTTTAA-1",4,16
"CATGCGTTGAGAGGAG-1",5,12
"CATGCTGGCTCCAATT-1",8,5
"CATGGATTGTCTTCCG-1",4,16
"CATGGCAGGAAGATCG-1",8,5
"CATGGGTATGCCTTAT-1",5,3
"CATGGTAAGTAGCGTT-1",3,8
"CATGGTCTAGATACCG-1",2,2
"CATGGTTTATTAATCA-1",5,9
"CATGTAAGAGACATTT-1",5,3
"CATGTAGGAGCGCCAA-1",7,7
"CATGTCTCATTTATGG-1",5,3
"CATGTGGGCTCATCAC-1",5,3
"CATTACATAGATTGTG-1",7,7
"CATTATGCTTGTTGTG-1",5,3
"CATTCAGGTCAGTGCG-1",9,13
"CATTCCCATTCCGTCG-1",7,13
"CATTCCCTAAGTACAA-1",9,13
"CATTGATGAACACGCC-1",7,12
"CATTGCGAAATGGGCG-1",4,11
"CATTGCGGGTCAATTC-1",7,7
"CATTGTGTGCTAGATC-1",7,12
"CATTTCTAGCAGACTA-1",7,7
"CATTTGAGTGGTACGT-1",2,14
"CCAAACAGAACCCTCG-1",8,5
"CCAAAGCAGTTGGTTG-1",6,6
"CCAAAGTCCCGCTAAC-1",7,7
"CCAAATAACAAGATTC-1",7,7
"CCAACCTTATGTAACT-1",5,12
"CCAACGATGCACTGAT-1",8,5
"CCAAGAAAGTGGGCGA-1",1,1
"CCAAGACTTCTGCGAA-1",3,8
"CCAAGCGTAACTCGTA-1",2,2
"CCAAGGAACAGAGAGG-1",4,16
"CCAAGTTTCTACAGAT-1",6,15
"CCAATAGATTTCATCT-1",7,7
"CCAATAGTGCCGTCGA-1",8,5
"CCAATGTCACAGCAAG-1",3,8
"CCAATTGAATGTTAAT-1",8,5
"CCACAATGTACGTCTT-1",8,5
"CCACACTGAGATATTA-1",3,8
"CCACAGCTGAAATCAT-1",7,12
"CCACAGTACCCATCCT-1",5,16
"CCACATGGCTCTTTAT-1",4,16
"CCACCAACTTTACTGT-1",2,2
"CCACCCAAGGAAAGTG-1",3,8
"CCACGAATTTAACCTC-1",7,7
"CCACGGAGCCATAAGA-1",8,5
"CCACGGTGCCCGGTAG-1",7,7
"CCACGTAAATTAGACT-1",9,13
"CCACTAAACTGAATCG-1",9,13
"CCACTATCCGGGTCAC-1",7,13
"CCACTCAGATCCGCAA-1",5,12
"CCACTGGTGGCTGGTT-1",8,5
"CCACTGTTTGGATTAA-1",4,16
"CCAGAAAGCAACTCAT-1",3,8
"CCAGAGACAAAGCCGG-1",7,12
"CCAGATAGTTGAGTGA-1",8,5
"CCAGCCTGGACCAATA-1",2,14
"CCAGCGGGATCACCAG-1",9,10
"CCAGCTACGCCTCATA-1",4,4
"CCAGCTCGAACGCATT-1",1,14
"CCAGCTGATGGTACTT-1",4,16
"CCAGCTTCCGCCCGCA-1",7,7
"CCAGGGACGTGGCCTC-1",5,3
"CCAGTAGTCTGATCCA-1",8,5
"CCAGTCAAATCTCTTA-1",4,16
"CCAGTCCATTATTCGA-1",7,7
"CCAGTCTTGTCATAGA-1",2,14
"CCAGTGAGCTCCTTGT-1",6,6
"CCAGTTCGGTAACTCA-1",5,3
"CCATAACCTGTGCAGT-1",4,16
"CCATACCTTTACTTGT-1",4,16
"CCATACTCGCCTCTCC-1",7,7
"CCATAGTCAGTAACCC-1",6,15
"CCATATGGAAACTATA-1",4,16
"CCATATTGGATCATGA-1",9,15
"CCATCCATACCAAGTC-1",4,16
"CCATCGCAGTTAAACT-1",2,14
"CCATCTCACCAGTGAA-1",4,4
"CCATCTTGTTCACAAT-1",8,5
"CCATGCCCTAGATTTC-1",4,16
"CCATGCCTGTTTAGTA-1",3,3
"CCATGCTCTGCAGGAA-1",8,16
"CCATGGCAAACGCTCA-1",5,12
"CCATGGCCCTTGTACC-1",4,16
"CCATTAGCGATAATCC-1",8,5
"CCATTCCCTGCCCACA-1",8,5
"CCATTGTTTCCTCCAT-1",9,13
"CCATTTCTACCTATTA-1",3,2
"CCCAAACATGCTGCTC-1",5,5
"CCCAACATACGTCGCG-1",5,3
"CCCAAGACAGAGTATG-1",4,16
"CCCAAGTCATTACACT-1",5,9
"CCCAATGAGATTTGCA-1",5,12
"CCCAATTTCACAACTT-1",8,5
"CCCACTCCACGGTATC-1",4,16
"CCCAGAGGAGGGCGTA-1",7,7
"CCCAGGAAGAATTCGA-1",7,12
"CCCAGGTCTGAAGGCT-1",7,7
"CCCAGTAAACTTGGGA-1",8,5
"CCCAGTTAAGGCGCCG-1",5,3
"CCCGAAGTTTCGCGAA-1",4,16
"CCCGAGTTTCTCCGTA-1",7,7
"CCCGCAGCGCGAACTA-1",2,2
"CCCGCCATGCTCCCGT-1",4,16
"CCCGCGCAATGCACCC-1",7,7
"CCCGCTTGCCCTCGTC-1",7,7
"CCCGGGTCGTTCAGGG-1",7,12
"CCCGGTGGAAGAACCT-1",7,13
"CCCGGTGTATCGGAAT-1",8,5
"CCCGTAAGTCTAGGCC-1",8,5
"CCCGTAGCTGGGAAGA-1",2,2
"CCCGTCAGCGTCTGAC-1",5,3
"CCCGTGAGGGCGGTGA-1",4,16
"CCCGTTTCGCAGATGT-1",7,12
"CCCTACCCACACCCAG-1",5,12
"CCCTACTTGAACAATG-1",5,3
"CCCTAGGCAACAAGAG-1",4,16
"CCCTAGTGTCAGGTGT-1",7,13
"CCCTCATTCTGGAATT-1",4,16
"CCCTCCTCGCTCGTAT-1",7,7
"CCCTGAAATGAGTTGA-1",8,5
"CCCTGACTAACAAATT-1",4,16
"CCCTGATGTAACTCGT-1",7,7
"CCCTGCCCAATCCGCT-1",4,16
"CCCTGCGCTACGCATA-1",4,16
"CCCTGGCTGTTCCTTC-1",4,16
"CCCTGTTGGCAAAGAC-1",9,11
"CCCTTCTCGTACGCGA-1",7,7
"CCCTTTAATGGAGTTC-1",4,16
"CCCTTTGACAGGTCTT-1",1,1
"CCGAAAGTGGTGAGCA-1",7,7
"CCGAACACTGGGCCTC-1",8,5
"CCGAACCTTCCCGGCC-1",3,8
"CCGAAGTATATTGTTC-1",7,7
"CCGACAAACACATGAG-1",7,7
"CCGACAAAGGGAGTGC-1",4,16
"CCGACAATAGGCCGCC-1",7,7
"CCGACGGGCATGAGGT-1",5,3
"CCGACGTAAACACAAC-1",4,16
"CCGAGAAGTCGCATAA-1",7,7
"CCGAGCTGTGCTTGTC-1",7,7
"CCGATCTCAACCTTAT-1",4,7
"CCGATTCGAGGGACCC-1",4,16
"CCGCACAAAGACCAAC-1",3,8
"CCGCACGTGACCTCGG-1",4,16
"CCGCATGTGGTACGAT-1",2,14
"CCGCCGGAACTTCTCG-1",8,5
"CCGCCGGTCAACACAC-1",8,5
"CCGCCTGCGAATTGGT-1",4,16
"CCGCCTTGCGATGTCG-1",4,16
"CCGCGATTTGGTAGGT-1",4,16
"CCGCGGAATGCGTCAC-1",2,2
"CCGCGGGTACGAAGAA-1",4,16
"CCGCGTAGGTAAGGGC-1",4,16
"CCGCTATCAGCACCAG-1",2,14
"CCGCTCCAGGGCGATC-1",7,12
"CCGCTCTTCCGAACTA-1",4,16
"CCGCTTACCTCACTCT-1",5,3
"CCGCTTCGCGGTTAAC-1",7,7
"CCGCTTGCTGACATGG-1",7,7
"CCGGAATGGTTTCAGT-1",4,16
"CCGGAGCGTACTTTCT-1",2,14
"CCGGAGGTCTTATGGT-1",9,13
"CCGGCACGACCGTTTC-1",7,7
"CCGGCGCATATTGGAT-1",8,5
"CCGGCGTGAGACTCTG-1",4,16
"CCGGGACCCGCAGAGA-1",8,5
"CCGGGCGGTCTCGTCA-1",3,8
"CCGGGCTGCTCCATAC-1",5,9
"CCGGGTTCGAGGTTAC-1",8,5
"CCGGTAATGGCTAGTC-1",7,7
"CCGGTATCTGGCGACT-1",5,10
"CCGGTGCGAGTGATAG-1",6,6
"CCGGTTTGTAATTGTG-1",2,14
"CCGTAAGTTGGTCCCA-1",3,8
"CCGTACCCAAGCGCCA-1",7,16
"CCGTAGGAAATCCCTG-1",8,16
"CCGTAGGGTTGTTTAC-1",4,16
"CCGTATCTCGTCGTAG-1",5,3
"CCGTATTAGCGCAGTT-1",7,7
"CCGTGAGGCATTCATG-1",3,8
"CCGTGCCCATGACGGC-1",4,16
"CCGTGGAACGATCCAA-1",7,7
"CCGTGTTAAATTCCAT-1",3,8
"CCGTTCCGAATCTCGG-1",8,5
"CCGTTTCCTTTCCGTG-1",5,16
"CCTAAACAGGGTCCGT-1",8,5
"CCTAAATTAACGGTTC-1",2,2
"CCTAAATTGTATCCTA-1",7,7
"CCTAACCCAAACAAGT-1",8,5
"CCTAAGTGTCTAACCG-1",6,6
"CCTACAGTTGAGGGAG-1",5,10
"CCTACATTCACAGACG-1",3,3
"CCTACGGCTCAGTCGA-1",7,16
"CCTACTGCTTACACTT-1",5,3
"CCTAGGCGTAGCGATC-1",5,9
"CCTAGGTAAAGGTAGC-1",8,5
"CCTATAATGAGTGCCC-1",5,3
"CCTATACCGTCCTGTC-1",2,14
"CCTATATTTGTCCTGG-1",5,12
"CCTATGAAGTGGTGCC-1",7,7
"CCTATGGGTTACCGTC-1",2,14
"CCTATGGTCAAAGCTG-1",7,12
"CCTATGTCCACTCCAC-1",5,3
"CCTCAACGATCGCTGT-1",4,16
"CCTCACCAATCTTGAC-1",4,16
"CCTCACCTGAGGGAGC-1",4,16
"CCTCACCTTAGCATCG-1",4,16
"CCTCATGCAGCTACGA-1",7,7
"CCTCCGACAATTCAAG-1",8,5
"CCTCCTGAGCCCACAT-1",4,16
"CCTCCTGTTGTGTCGT-1",5,3
"CCTCGCGCGATATAGG-1",4,16
"CCTCGCGCTGTGCGAT-1",2,14
"CCTCGGACCGGGATAG-1",5,9
"CCTCGGATGCTACCTG-1",7,7
"CCTCGGTTTCCTTGCC-1",5,12
"CCTCTATCGATTAGCA-1",5,3
"CCTCTCTCCCATCTAG-1",8,5
"CCTCTGTACTATTCTA-1",1,1
"CCTGAACGATATATTC-1",5,9
"CCTGACCACCGATGGT-1",1,14
"CCTGATTCGCGAAGAA-1",5,3
"CCTGCCCGTTGTCTAG-1",4,7
"CCTGCGATAGAACTGT-1",9,13
"CCTGCGTTCTACGCTT-1",9,13
"CCTGCTATTTGAGAAG-1",5,3
"CCTGGAAACGTTCTGC-1",7,7
"CCTGGCTAGACCCGCC-1",8,5
"CCTGGTCGAATGTGGG-1",2,14
"CCTGTAAGACATGATA-1",5,3
"CCTGTACTCACGCCCA-1",8,5
"CCTGTCACCCGGGCTC-1",2,14
"CCTGTCCCTCACGTTA-1",7,4
"CCTGTCGCCCGTAAAT-1",2,2
"CCTGTGAAACCGTAAC-1",7,7
"CCTGTGCATAGGAGAC-1",6,6
"CCTGTTCAACCTCGGG-1",5,12
"CCTGTTTGAAGACACG-1",8,3
"CCTTCAGTTAAAGTGA-1",7,12
"CCTTCGTATAGAATCC-1",7,12
"CCTTCTCAGCGTTCCT-1",4,16
"CCTTGACCACTTTATT-1",7,7
"CCTTGTGAACGTGGTT-1",5,12
"CCTTTAAGGGAGCACT-1",2,14
"CCTTTCAATGAAGAAA-1",8,16
"CGAAACGCAATTCATG-1",5,3
"CGAACAGTATGGGCGT-1",4,16
"CGAACCCGCATGCGTC-1",2,14
"CGAACGGCCGGACAAC-1",8,16
"CGAAGACGGTGAGTGC-1",7,16
"CGAAGACTGCCCGGGA-1",3,8
"CGAAGATCAGTTTCAT-1",7,12
"CGAAGCTATAAATTCA-1",4,16
"CGAAGTTGCTCTGTGT-1",8,5
"CGAATGACGCATAATG-1",5,12
"CGACAATTTGATCTAA-1",4,16
"CGACACGCTCCGACAG-1",4,16
"CGACAGTTCGCGTTAT-1",5,3
"CGACCCTTAACGCCGG-1",8,16
"CGACCTACTAGACAAT-1",4,16
"CGACGCATCCGTACCT-1",8,5
"CGACTTTGTATAGCCT-1",7,7
"CGAGACCCTAGAGTGT-1",2,14
"CGAGAGATGTGAACCT-1",3,2
"CGAGAGCGCGTAGATA-1",4,16
"CGAGAGCTTTCACTAC-1",5,3
"CGAGAGGGTAGCCGCG-1",4,16
"CGAGATGTTGCCTATA-1",9,13
"CGAGATTTCGCTCGGG-1",7,7
"CGAGCACTTCAAGTTT-1",4,16
"CGAGCGTTGATCAGCC-1",4,16
"CGAGGAGCTTCCATAT-1",7,12
"CGAGGATCGGGAACGA-1",7,7
"CGAGGCCAGGCATTGG-1",7,7
"CGAGGCTAAATATGGC-1",2,14
"CGAGGGACTGCGGTCG-1",3,8
"CGAGGGTATCCAGGTG-1",7,12
"CGAGTACTAAAGAGGA-1",5,3
"CGAGTGAAGGTACCAG-1",5,3
"CGAGTGCTATAGTTCG-1",4,16
"CGAGTTCTGTCCCACC-1",8,5
"CGAGTTTATCGGACTG-1",4,16
"CGATAATACTCAGGTT-1",7,7
"CGATACCTCGCGGACA-1",3,8
"CGATAGTCGTACTGCA-1",5,3
"CGATATTAGCCGCAGG-1",7,7
"CGATCCACCATTGTTG-1",5,12
"CGATCCGACCCAGTGC-1",3,8
"CGATCCTCGCAACATA-1",5,12
"CGATCGAGAAGCACCA-1",7,12
"CGATCTGTTGGAGGAC-1",8,5
"CGATGGACCCTACGCC-1",4,16
"CGATTAAATATCTCCT-1",1,14
"CGATTCGCCTGGCTGC-1",3,8
"CGCAAACACGAGTTAC-1",4,16
"CGCAATTACTTTCGGT-1",4,16
"CGCAATTAGGGTAATA-1",8,5
"CGCAATTCTACAATAA-1",4,16
"CGCACATGTCCACTAC-1",5,9
"CGCACGTCTGTTTATG-1",5,12
"CGCACGTGCGCTATCA-1",4,16
"CGCAGATCTTCACCCG-1",7,7
"CGCAGGCGATCCAAAC-1",4,16
"CGCATCCATCAGCCAG-1",7,7
"CGCATGCCGAATGCGT-1",5,3
"CGCATGGTGCGATGCT-1",2,14
"CGCATTAGCTAATAGG-1",3,3
"CGCCAAGAAGCCGAGT-1",4,16
"CGCCACAGGTCGCGAT-1",4,16
"CGCCACCCGCATTAAC-1",9,13
"CGCCCAGCACGCCTAG-1",2,14
"CGCCCAGCGTTTCACG-1",5,3
"CGCCCTTGAAGGCTGA-1",7,10
"CGCCGACTATTCGCTA-1",7,7
"CGCCGCCCATGCCTGT-1",5,3
"CGCCGCGTTCTGAACG-1",7,12
"CGCCGTTCAGCATAGT-1",4,13
"CGCCTCCCTCCTCTAT-1",3,8
"CGCCTGGCCTACGTAA-1",8,5
"CGCCTTTAGCATGCTC-1",7,7
"CGCGAAGTGGCATACT-1",5,3
"CGCGACACTGCGCAGC-1",7,7
"CGCGACCGCGACAGAT-1",3,8
"CGCGAGAGGGACTTGT-1",7,7
"CGCGAGTCTGCCGGGT-1",8,5
"CGCGCAAATGTCCAGA-1",5,3
"CGCGCAAGGAACTACA-1",7,7
"CGCGCATGTTTGATTG-1",1,1
"CGCGGCAGTATTACGG-1",6,15
"CGCGGCTCAACTTGAA-1",4,16
"CGCGGGAATTAGGCAG-1",5,3
"CGCGGGAATTCCTTTC-1",5,12
"CGCGGTAAGTCTAGCT-1",7,7
"CGCGGTCACAAACCAA-1",7,16
"CGCGTGCTATCAACGA-1",9,13
"CGCGTTCATGAAATAC-1",5,3
"CGCTACCGCCCTATGA-1",7,12
"CGCTACGGGACATTTA-1",3,8
"CGCTAGAGACCGCTGC-1",4,16
"CGCTATACCGCCCACT-1",4,16
"CGCTATTCAATGTATG-1",4,16
"CGCTATTCTTAGGCTC-1",2,2
"CGCTCGACATAATGAT-1",8,5
"CGCTCTCCGTAGATTA-1",8,5
"CGCTGAGGACGTCCAA-1",7,12
"CGCTGGTGACTACCCT-1",4,16
"CGCTGTGACGCCGCAC-1",8,5
"CGCTGTGTGGATGTTG-1",2,14
"CGCTTAGTATTGATAC-1",5,12
"CGCTTATTCCCGGTCG-1",8,5
"CGCTTCCACTGAAATC-1",4,16
"CGCTTCGGTCTAAGAC-1",4,12
"CGCTTTCATACCGGTG-1",8,5
"CGCTTTCCGCCAAGGT-1",5,12
"CGCTTTCTTGCATTCG-1",8,5
"CGGAAAGAATCAAACG-1",1,1
"CGGAAAGCAAATGTGC-1",9,13
"CGGAACGTAAACATAG-1",3,2
"CGGACCTCTGTAGTTA-1",5,10
"CGGACCTTTACGTCCC-1",7,12
"CGGACGTTACTTGAAG-1",4,16
"CGGAGCAATTTAATCG-1",1,1
"CGGAGCATGGCGATCC-1",2,14
"CGGAGTTTGAGAGACA-1",8,5
"CGGATAAGCGGACATG-1",7,12
"CGGATCCTCAAGGACT-1",3,8
"CGGCAAACATCGTGCG-1",2,2
"CGGCAATAAGATCGCC-1",7,7
"CGGCACTCAAGAAAGT-1",7,7
"CGGCAGGGTCGGGTTG-1",4,16
"CGGCCACGCACAAAGT-1",3,2
"CGGCCAGAGCGACCAT-1",5,12
"CGGCCCAACCTGTAGT-1",7,7
"CGGCCCAGGTATATCC-1",7,7
"CGGCGCCATCAATCCC-1",5,3
"CGGCTCTAAAGCTGCA-1",7,7
"CGGCTTTGTATGATAA-1",8,5
"CGGGAATATAGTATAC-1",7,7
"CGGGAATTTATGTAAA-1",2,2
"CGGGAGCTTCAGTGTA-1",8,5
"CGGGAGTATACCGCCG-1",7,12
"CGGGATCAATGTAAGA-1",5,3
"CGGGCAGCTAAACCGC-1",3,2
"CGGGCCATAGCCGCAC-1",6,15
"CGGGCCTTCTTTGTAA-1",2,2
"CGGGCGATGGATCACG-1",7,12
"CGGGTGTACCCATTTA-1",8,5
"CGGGTTGTAGCTTTGG-1",9,13
"CGGTACGGCAAACCCA-1",4,16
"CGGTACTAGAATCAAA-1",5,3
"CGGTATAGGTATTAGC-1",4,16
"CGGTATGGGCACTCTG-1",5,12
"CGGTCCATGAGACTCC-1",6,15
"CGGTCCGTCGCAAGCC-1",5,12
"CGGTGAAGACTAAAGT-1",4,16
"CGGTGCAGATAGAACG-1",5,3
"CGGTGCGCGTTGGTCC-1",3,8
"CGGTGGGCTCCAGCCT-1",4,16
"CGGTGTACTTGATCCC-1",7,16
"CGGTTATCCAACAGTG-1",4,16
"CGGTTCAAGTAGGTGT-1",4,16
"CGGTTCCGGCTTCTTG-1",7,7
"CGGTTGACCTGGCATA-1",8,5
"CGGTTGGGCAGGGTCC-1",5,12
"CGTAAACGCTTGAGTG-1",7,13
"CGTAACTTCGACACTT-1",5,12
"CGTAATAATTACGAGT-1",6,6
"CGTACCGAAAGTCTAG-1",6,15
"CGTAGAGAGTAATTAT-1",5,3
"CGTAGCGCCGACGTTG-1",8,5
"CGTATTAAGAGATCTA-1",5,3
"CGTCAAGGCTATAAAT-1",7,7
"CGTCAATCTTTAACAT-1",9,11
"CGTCACGTCCATTGGT-1",2,14
"CGTCAGCTATTTACTC-1",9,13
"CGTCAGTGCGCACAAG-1",4,16
"CGTCATACCATATCCA-1",7,16
"CGTCGCATGTGAGCCA-1",3,8
"CGTCGCGGCGGGATTT-1",9,13
"CGTCGGATAGTGTTGA-1",4,16
"CGTCGGGTCTAAGCGC-1",5,3
"CGTCGTCCTTCGCGAA-1",3,8
"CGTGAAGTTAATTCAC-1",2,2
"CGTGACCAGTCCTCTG-1",5,12
"CGTGCACACCACTGTA-1",5,3
"CGTGCAGACTGGGACA-1",3,8
"CGTGCATTGTCGACGC-1",8,5
"CGTGCCCTCCCGAAGA-1",3,8
"CGTGCTGGCCTAGTCG-1",9,15
"CGTGGCCGAATATCTA-1",4,16
"CGTGGTACCCAAAGGC-1",5,12
"CGTGTCCCATTCGCGA-1",8,5
"CGTGTCTCGTTACGAC-1",3,8
"CGTGTGTTAAACCCTG-1",7,13
"CGTTAAACTAGTTAGG-1",7,7
"CGTTAATGTCCCGACG-1",5,3
"CGTTATCATACTTCCA-1",4,16
"CGTTCAAGGAAACGGA-1",5,12
"CGTTCAGACCCGCGAA-1",7,12
"CGTTCATGGTGCGCGT-1",8,5
"CGTTCTTCGCACACCT-1",7,7
"CGTTGAATACCGCGCT-1",3,8
"CGTTGAGCGACCGTCG-1",3,8
"CGTTGAGTAATTGCGT-1",4,16
"CGTTGCCCGCGTGGGA-1",5,10
"CGTTGTAAACGTCAGG-1",7,7
"CGTTGTAAGATTGATT-1",7,7
"CGTTGTCGGCAATTGA-1",7,12
"CGTTGTTTCAATTCCC-1",8,5
"CGTTTAAGCGGAGCAC-1",8,5
"CGTTTACAAGGCAGCT-1",7,12
"CGTTTCGCTCATTACA-1",5,3
"CGTTTGTGTAGAGGGT-1",2,14
"CTAAACGGGTGTAATC-1",7,12
"CTAAAGAATGCCTACT-1",8,5
"CTAAAGGGAAATAGGA-1",2,14
"CTAAAGTCCGAAGCTA-1",9,13
"CTAAATCCGGTGTACA-1",5,12
"CTAAATCCTATTCCGG-1",8,5
"CTAACCGCGCGCCCGT-1",8,5
"CTAACGAAACTTGCTG-1",4,16
"CTAACTGATAATCGCC-1",4,16
"CTAACTGGTCCGGTTC-1",3,8
"CTAAGGGAATGATTGG-1",3,8
"CTAATTCGCACGCGCT-1",4,16
"CTAATTCTCAGATATT-1",4,16
"CTAATTTCAACAACAC-1",9,13
"CTACAAGAAATAACCC-1",2,14
"CTACACTAGCTTGTTC-1",8,5
"CTACACTCGCAGATGG-1",4,16
"CTACCCTAAGGTCATA-1",4,16
"CTACGACTAGCTATAA-1",8,5
"CTACGCACGGAGTACC-1",3,8
"CTACGTGTTGCCACCA-1",9,13
"CTACTATCATAGGTTT-1",5,3
"CTACTATCTTTCAGAG-1",4,16
"CTACTCAAGGTATAGT-1",5,12
"CTACTCTAGGCCCGGC-1",4,16
"CTACTGCCACCTGACC-1",3,2
"CTAGATAAACTCCTCG-1",7,7
"CTAGATGTGAGTGTAA-1",4,16
"CTAGATTTACGACGGC-1",3,8
"CTAGCAACTAATTTAC-1",9,13
"CTAGCATAGTATAATG-1",1,1
"CTAGCCGATGTTATGA-1",4,16
"CTAGGCGCCCTATCAG-1",8,5
"CTAGGCGGCAGAGAAT-1",7,7
"CTAGGGATAGGGACAA-1",5,12
"CTAGGTCTGAAGGAAT-1",7,7
"CTAGGTTCGGACGTGA-1",2,14
"CTAGTAGAAAGGGATT-1",3,8
"CTAGTCACGTCTTAAG-1",2,14
"CTAGTGAAGGACAGGA-1",8,5
"CTAGTTACAACCCGGT-1",2,2
"CTAGTTGGGCCCGGTA-1",2,14
"CTATAAGAGCCAATCG-1",4,16
"CTATAGGCGTTGATGT-1",5,10
"CTATCACAACGCTGGA-1",5,12
"CTATCGACGAAATACA-1",4,16
"CTATCGGGTCTCAACA-1",2,2
"CTATGCCCGAATGCAA-1",7,12
"CTATGGGAAGCGGAAT-1",4,16
"CTATGTCACTAGCCCA-1",2,14
"CTATGTCTATTGAAAC-1",8,5
"CTATGTGAGTCACGGC-1",8,5
"CTATTCATGTGTCCCA-1",2,14
"CTATTGTGTTTGGTCA-1",4,16
"CTATTTGCTTGGAGGA-1",7,12
"CTATTTGGTTACGGAT-1",5,3
"CTCAAACCACTGCCCG-1",5,11
"CTCAACTAACCCGGAT-1",3,8
"CTCAAGACATTAGCGC-1",4,16
"CTCACACGCAAGCCTA-1",9,15
"CTCACATTTACTAAAT-1",2,14
"CTCACCAGTACAAGTG-1",7,7
"CTCACTGTGATACTTA-1",3,2
"CTCACTTGGCTGGTAA-1",8,5
"CTCAGAGCTAATGTCG-1",5,12
"CTCAGATTGTGATAAG-1",4,16
"CTCAGGACTCACCTGT-1",7,16
"CTCAGTCACGACAAAT-1",4,16
"CTCATCACTTAGTGAT-1",9,13
"CTCATGGTAATTTGCG-1",5,3
"CTCATTCGTGAACATC-1",7,7
"CTCATTGCTCTAACAA-1",3,8
"CTCATTTGATGGGCGG-1",3,8
"CTCCCAATGAGTCGCG-1",7,7
"CTCCCTCCTTTCGATC-1",5,3
"CTCCGCCCACATGAGG-1",5,3
"CTCCGGCCTAATATGC-1",5,3
"CTCCGGCTTGTAGACA-1",7,7
"CTCCTAAGTTATGTCT-1",7,7
"CTCCTCCAGCTCACAC-1",7,12
"CTCCTTTACGCAAGTC-1",7,7
"CTCGAGACATACGATA-1",8,16
"CTCGAGATCCAAAGCA-1",9,15
"CTCGAGGTCGAACAGT-1",3,8
"CTCGATATTTGCGAGC-1",4,16
"CTCGCCGAATGTAGGG-1",2,14
"CTCGGGATAACACCTA-1",7,7
"CTCGGTACCACTGCTC-1",5,3
"CTCGGTCCGTAGCCTG-1",8,5
"CTCGGTTGTCGGCCCT-1",5,3
"CTCGTCTGTGCCTTCG-1",5,12
"CTCGTTACGGCTACCA-1",5,12
"CTCGTTTCTAATGTTT-1",7,7
"CTCTAACACCGGCAGC-1",5,12
"CTCTAATGCATTGATC-1",7,7
"CTCTACACTGGCGATT-1",8,5
"CTCTACATCCTGCGTG-1",7,12
"CTCTAGCCCTCGGAAA-1",5,3
"CTCTATTTGGCTGCAG-1",2,2
"CTCTCACAATCGATGA-1",2,2
"CTCTCGCTGTACTATG-1",7,13
"CTCTCTAACTGCCTAG-1",5,3
"CTCTGCGAAGCAAGCA-1",8,16
"CTCTGGACGCCTGGTG-1",2,2
"CTCTGTCCATGCACCA-1",5,3
"CTCTGTGCCTGCTATG-1",4,16
"CTCTTCTATTGACTGG-1",4,4
"CTCTTCTGGAAGTTAG-1",5,12
"CTCTTGTCCCGCTTGG-1",1,1
"CTGAATCCGAGACCTC-1",2,14
"CTGAATTTATTGCCAG-1",7,7
"CTGACTGCGCAGCTCG-1",4,16
"CTGAGCAAGTAACAAG-1",7,7
"CTGATAGTGTATCTCA-1",4,16
"CTGCAAGCACGTTCCG-1",4,16
"CTGCACAACTACATAT-1",3,8
"CTGCACCTAGTCCACA-1",7,7
"CTGCACCTGGAACCGC-1",8,5
"CTGCACTCCAGTACAG-1",2,2
"CTGCAGAGAATCAGAG-1",4,16
"CTGCCATGCATCACAT-1",2,1
"CTGCCCACGAAGCGTT-1",7,7
"CTGCCTCATATGCAAC-1",9,13
"CTGCCTTTCTAGTAAA-1",5,3
"CTGCGACCTCGCCGAA-1",7,12
"CTGCGATTTCGAGATT-1",5,12
"CTGCGGGTGAAATGTT-1",4,16
"CTGCTCTGACGGCAAA-1",7,12
"CTGCTGAGGCCACGAA-1",3,3
"CTGCTTGGCGATAGCT-1",3,8
"CTGCTTTATGTCCGCG-1",7,7
"CTGGAAATGGATGCTT-1",5,3
"CTGGAAGACACGGTGG-1",8,5
"CTGGACGCAGTCCGGC-1",8,5
"CTGGATTTACACTTGA-1",1,1
"CTGGCATCCGAATGAG-1",8,5
"CTGGCGCACAGGTCTG-1",5,9
"CTGGCGGGAATAAGTA-1",7,13
"CTGGCTCCTGCGGGAT-1",7,10
"CTGGCTGATTCATCCT-1",4,16
"CTGGCTGCTAACGTAA-1",6,13
"CTGGCTGGTTGTCAGT-1",1,1
"CTGGGATAAATAATGG-1",5,9
"CTGGGATACGCTACCC-1",7,7
"CTGGGCCTGCTATATC-1",8,5
"CTGGGTAGGCAGTTAA-1",3,8
"CTGGGTTGAGTTAAAG-1",8,5
"CTGGTAACACATAGAA-1",5,9
"CTGGTAACGAGCTCTT-1",4,16
"CTGGTCATTCCAATCC-1",7,7
"CTGGTTCAACGCATCA-1",4,16
"CTGGTTTCGAGCAAGA-1",5,3
"CTGTACTTCTTAGCAT-1",3,8
"CTGTAGTGAGGATCGA-1",5,12
"CTGTATGGTGTAGAAA-1",4,16
"CTGTGCAGGGTAGGTC-1",3,2
"CTGTGGTCGGGAGATA-1",5,3
"CTGTTACCCAATCTAG-1",2,14
"CTGTTCACTGCCTGTG-1",5,3
"CTGTTCATCTCACGGG-1",4,16
"CTTAAATAAGACCCAT-1",7,7
"CTTAAGCAGCGAGCCG-1",4,16
"CTTACACGGTATTCCA-1",8,5
"CTTACACTGGGAAATA-1",8,5
"CTTACATAGATTTCTT-1",5,12
"CTTAGATGTTTCATCC-1",5,12
"CTTAGCCCGGATAGTG-1",7,7
"CTTAGTAGGCCTACAG-1",4,16
"CTTAGTGTAGTAGCAT-1",3,8
"CTTAGTTGAGGAATCG-1",5,12
"CTTATGCGCTCAGGGC-1",4,16
"CTTATGTTGACTACCA-1",7,7
"CTTCAACTCCACTTGG-1",3,8
"CTTCAGTGGTCGCCTA-1",8,5
"CTTCAGTTGGACAACG-1",5,3
"CTTCATAGCTCAAGAA-1",4,16
"CTTCATCACCAGGGCT-1",5,3
"CTTCATTGTCAGTGGA-1",2,2
"CTTCCGCTCCGTGAAG-1",1,1
"CTTCGATTGCGCAAGC-1",5,3
"CTTCGGCCAATTGTTT-1",7,7
"CTTCGTAGATAGGTGA-1",5,3
"CTTCGTGCCCGCATCG-1",6,6
"CTTCTATGTTGAAGTA-1",8,5
"CTTCTATTAATGCTAG-1",2,14
"CTTCTGGGCGTACCTA-1",5,16
"CTTCTTACGTCGTATA-1",8,5
"CTTGACCCGAAAGATA-1",8,5
"CTTGAGGTTATCCCGA-1",7,7
"CTTGAGTTAGGGTAAT-1",4,16
"CTTGATGACCATCCAG-1",5,9
"CTTGCAACCGCCTCCT-1",8,5
"CTTGCCCAGGCTCTAC-1",2,14
"CTTGGCCAAGCTGGGA-1",2,2
"CTTGTACTTGTTGACT-1",5,3
"CTTGTCAACATTCGAG-1",2,2
"CTTGTCGTACGTGTCA-1",7,7
"CTTGTGAGGACAGCGG-1",6,6
"CTTGTGAGTCTTTGAC-1",7,10
"CTTGTTGCTGAGTCAA-1",3,3
"CTTGTTTATGTAGCCA-1",7,16
"CTTTAATATTGGTCGA-1",3,8
"CTTTACCGAATAGTAG-1",5,3
"CTTTAGGAACACTGTT-1",5,9
"CTTTAGTGCTATTATT-1",2,14
"CTTTCTGTGCGGGCTT-1",2,14
"CTTTGACGTCGCTTCT-1",4,16
"CTTTGCATCGCTCTTG-1",5,3
"CTTTGGCGCTTTATAC-1",4,16
"CTTTGGCTTTAGTAAA-1",8,5
"CTTTGGGATTGTTGCA-1",5,3
"CTTTGTCGAATGCTCC-1",8,16
"GAAACAGATGACCACC-1",4,16
"GAAACAGCCATGCAGT-1",8,5
"GAAACCATGGTGCGCT-1",7,7
"GAAACCGAATTACCTT-1",2,2
"GAAACCTATACAAATG-1",2,14
"GAAACTCGTGCGATGC-1",9,16
"GAAAGAACAGCGTTAT-1",7,7
"GAAAGCAGTGCACTTT-1",1,1
"GAAAGCCCTTTGGACC-1",4,16
"GAAAGTGACTAACTGC-1",4,16
"GAAATACTAAACGTTT-1",7,5
"GAAATATCACCATCAG-1",4,12
"GAAATATGCTTGAATG-1",7,7
"GAAATGGCGGTGTTAG-1",5,3
"GAAATGGGATGTAAAC-1",9,13
"GAAATTAGCACGGATA-1",4,10
"GAAATTCACATCGCTG-1",8,5
"GAAATTGTCTCTATAA-1",2,2
"GAACAACTGGGATGAA-1",5,3
"GAACACACATCAACCA-1",5,3
"GAACAGATTACTAAAT-1",2,2
"GAACCATCTGGGAGAC-1",8,5
"GAACCCTCTGTGTTCT-1",1,14
"GAACCTCGACCTACAC-1",4,16
"GAACCTTTAACGATCC-1",3,8
"GAACGATAAGTTAAAG-1",9,13
"GAACGCGGGTCACACG-1",7,7
"GAACGTCTCATGGTCG-1",8,5
"GAACGTTAGGAAGACG-1",4,16
"GAACTGTGGAGAGACA-1",7,12
"GAAGAAACGATATTGT-1",3,8
"GAAGAACGGTGCAGGT-1",4,16
"GAAGCAAGGCAATGTT-1",6,15
"GAAGCCACTGATTATG-1",7,12
"GAAGCCTGCACATTCC-1",2,14
"GAAGCGTGAGGAATTT-1",2,2
"GAAGCTCGGACCCGTC-1",5,3
"GAAGCTTGCTGACCGC-1",8,5
"GAAGGACTAAATTGAA-1",6,6
"GAAGGAGTCGAGTGCG-1",7,12
"GAAGGCTACCATTGTT-1",7,13
"GAAGGGCATAACCATG-1",6,6
"GAAGGGTCATTAAGAC-1",5,12
"GAAGTCAGTTGCACTA-1",1,1
"GAAGTCTCCCTAGCGA-1",4,16
"GAAGTGATTTATCGTG-1",5,3
"GAAGTGCTGGATAGCT-1",8,10
"GAAGTTTCCACTCAAT-1",5,3
"GAATAGACGCGACCCA-1",4,16
"GAATAGCCCTGCGGTC-1",7,7
"GAATAGTGCTCGATTA-1",2,2
"GAATCGACATGGTCAC-1",8,12
"GAATCGCCGGACACGG-1",4,16
"GAATCTGAACATTCTC-1",2,14
"GAATGAAGGTCTTCAG-1",9,13
"GAATGCCGAAATGACC-1",7,7
"GAATGCGAATCGGTTC-1",2,14
"GAATGGGCTTATCGAC-1",4,16
"GAATGTGGTCCGGATT-1",3,8
"GAATTATAGTGAAAGG-1",1,1
"GAATTCACCCGGGTGT-1",2,14
"GAATTTCTCGCTGCAG-1",4,16
"GACAAACATATGCAGG-1",4,4
"GACAACGCAGCTTACG-1",5,3
"GACACAAGGGAAGAAA-1",2,2
"GACACGAGTTAGAGGA-1",7,7
"GACACTGAGTTCAGTG-1",3,8
"GACACTGGAACCCGAT-1",7,7
"GACACTTCCAATTACC-1",5,9
"GACAGATTTCTGGCTC-1",4,16
"GACAGCCAGACCTGAC-1",5,9
"GACAGGCACACACTAT-1",8,5
"GACATACTGTCGCAGA-1",7,12
"GACATCCGTCGAACTG-1",7,12
"GACATCGATTTATAAC-1",1,1
"GACCAAACGTTGACTG-1",4,16
"GACCACACTTCCCTTT-1",7,12
"GACCAGAGCCCTGTAG-1",5,3
"GACCCAATTATGATAC-1",5,3
"GACCCGTCGCCGGCTA-1",8,5
"GACCGACCGCTAATAT-1",6,6
"GACCGACGTGAAAGCA-1",7,7
"GACCGACTGAAGCGTC-1",4,16
"GACCGCGTCTGACGTG-1",7,7
"GACCGTGCTGACGGTG-1",3,8
"GACCGTTACATGCGAC-1",4,16
"GACCTTCCACGTCTAC-1",7,12
"GACGACGATCCGCGTT-1",3,2
"GACGACTTTCCAAGAA-1",6,6
"GACGAGGCTAATAAAC-1",4,16
"GACGCCGTAAAGGCTA-1",1,1
"GACGCCTGTTGCAGGG-1",7,7
"GACGCTTGCTTCTAAA-1",8,5
"GACGGGATGTCTTATG-1",9,11
"GACGGGTTGGCCCGTA-1",2,12
"GACGGTCAATAGAAGC-1",4,16
"GACGTGAGACTCCATG-1",7,7
"GACGTGTAGGGATTAT-1",4,16
"GACGTTCGTAAATACA-1",7,7
"GACTAAGATCATGCAC-1",5,3
"GACTAAGTAGGCTCAC-1",8,5
"GACTACAAAGCGGTGG-1",8,5
"GACTAGGCCGTTAGGT-1",3,8
"GACTCACCCACGTGAG-1",7,12
"GACTCCCAGAATAAGG-1",7,7
"GACTCCTTCCAATTGA-1",5,3
"GACTCGCGGGAATGAC-1",4,16
"GACTCTAGAGTTCCAA-1",5,12
"GACTGCAAATCGAGCT-1",3,8
"GACTGCACCAGCCCAG-1",5,3
"GACTGCGGCACGTGTA-1",7,7
"GACTGCTGGTGAGAAA-1",5,12
"GAGAACGGTTCTGACT-1",4,12
"GAGAATCTCACGATCA-1",7,7
"GAGACTGATGGGTAGA-1",3,3
"GAGACTTCGCGACCGA-1",1,1
"GAGAGCGCAGTCCCTG-1",7,7
"GAGAGGGCGCGAGGTT-1",5,3
"GAGAGGTGCATTCTGG-1",8,5
"GAGAGTCTCGGGAGAG-1",5,12
"GAGATCTGCTTGGCAT-1",5,3
"GAGATCTGTCACTCCG-1",3,8
"GAGATCTTCCATGACA-1",3,8
"GAGATGACAATCCTTA-1",9,13
"GAGATGGCTTTAATCA-1",7,12
"GAGATGGGAGTCGACA-1",3,8
"GAGCACCTGTGTCCAG-1",3,3
"GAGCATCATCCCTGGG-1",4,16
"GAGCCACGGTAGTAGG-1",4,16
"GAGCCAGCTACCTGTG-1",5,3
"GAGCCGAGCGTTTATT-1",9,13
"GAGCGAGGGAGTACCG-1",8,5
"GAGCGCAAATACTCCG-1",7,12
"GAGCGCGCACGAGTAG-1",8,16
"GAGCGGAATGCGGTGT-1",5,12
"GAGCTAAGGGCATATC-1",8,5
"GAGCTCAACATGAGCG-1",7,12
"GAGCTCTCGGACCTAA-1",7,16
"GAGCTGTCGTCTCGGA-1",7,7
"GAGGAATATCTCTTTG-1",7,12
"GAGGAATGGAGAGGTT-1",4,16
"GAGGAGATCCTCATGC-1",6,6
"GAGGAGTAATTCCTAC-1",4,16
"GAGGATAAACAGTGCT-1",7,7
"GAGGCATTTGCAGCAG-1",9,15
"GAGGCCCGACTCCGCA-1",5,3
"GAGGCCTGTTGATACA-1",4,16
"GAGGCTATCAAAGTCG-1",4,16
"GAGGGAGTCAGATCGC-1",5,12
"GAGGGCATCGCGTATC-1",7,7
"GAGGGCGCAGCTCTGC-1",8,5
"GAGGTACGCGTGTCCC-1",7,12
"GAGGTCCCAAAGATCT-1",7,7
"GAGTAAGGCCACGGGA-1",8,16
"GAGTACGGGTATACAA-1",4,16
"GAGTAGATACTAGTTG-1",2,14
"GAGTATGCCCGCCTTG-1",3,2
"GAGTATGCGCGTGCAT-1",2,14
"GAGTCAGACCAGAATC-1",1,1
"GAGTCCGCTTACCGGA-1",1,1
"GAGTCGACAGACCCTC-1",7,7
"GAGTCTTGTAAAGGAC-1",4,16
"GAGTGTCAACCAGAAA-1",3,8
"GAGTGTGCGGTACCCA-1",5,12
"GAGTTGATGGCAATTT-1",8,5
"GATAAATCGGTGGATG-1",4,16
"GATAACTCGCACTGTG-1",4,9
"GATAAGGCAGATGCAA-1",7,12
"GATACGATGGGAGTCA-1",3,8
"GATAGAACCCGCTAGG-1",5,12
"GATAGGTAACGTTGAC-1",2,14
"GATAGTGCGAGTAAGT-1",5,12
"GATATCAAGCAGGAGC-1",4,16
"GATATCAGTATGTATC-1",6,6
"GATATCTCATGCAATA-1",8,5
"GATATGAGACACTAAC-1",5,3
"GATATGGATTACGCGG-1",7,16
"GATATTGAGATTGGCG-1",4,16
"GATCATTCCAAACATT-1",3,8
"GATCCCTTTATACTGC-1",3,8
"GATCCGGGAATTAACA-1",3,8
"GATCCTAAATCGGGAC-1",4,16
"GATCCTCGACACTGGC-1",3,3
"GATCGACACTATCTGA-1",8,5
"GATCGCGGGCTCTCCA-1",3,8
"GATCGCTACCCGATTT-1",4,16
"GATCGGATAGAACCAT-1",4,16
"GATCGGCGATAAGTCG-1",7,12
"GATCGGTGGCCATAAC-1",2,14
"GATCGTGACTGATATC-1",3,8
"GATCTAACCGTATTCA-1",4,16
"GATCTGCTATCTAAGG-1",5,12
"GATCTTCATTGTCCTC-1",9,13
"GATCTTGGAGGGCATA-1",3,8
"GATCTTTGCAGGGTAT-1",8,5
"GATGACAAGTAGGGCA-1",3,8
"GATGACGATGATCGCG-1",7,7
"GATGAGGAACCTTCGG-1",7,12
"GATGCCAGCAGAAGGC-1",7,7
"GATGCGAATGGTATTA-1",7,7
"GATGCGTCCTGCATTC-1",3,8
"GATGCTACAAGCGCCT-1",8,5
"GATGCTACCTTCGATG-1",5,12
"GATGCTGTATTTCATC-1",3,8
"GATGGCGCACACATTA-1",7,16
"GATGTAACGAACCACC-1",5,3
"GATGTCCGGATCACAT-1",7,13
"GATGTTCAATCCACGA-1",5,3
"GATGTTTGTGCGAGAT-1",4,16
"GATTAACCGAAAGCCC-1",4,16
"GATTAATCCTGGCTCA-1",9,13
"GATTACTGAATTTGGG-1",5,3
"GATTAGAAACAAGCGT-1",5,12
"GATTATCTTGCATTAT-1",5,3
"GATTCCCTTGTCGCAG-1",2,2
"GATTCCTATACGGCGC-1",7,16
"GATTCGACGGTTCACG-1",3,8
"GATTCTGTTAATGAGT-1",7,12
"GATTGGGAAAGGTTGT-1",3,8
"GATTTGCGCTAACACC-1",5,10
"GCAAACCCTACATTAT-1",5,3
"GCAAACCTTGGCCATA-1",2,14
"GCAAACGTCGCCAGGT-1",7,7
"GCAAATATTACGCTTT-1",5,5
"GCAAATGAGGACACTT-1",4,16
"GCAACACACTAGAACT-1",8,5
"GCAACAGCAGTATGCG-1",7,7
"GCAACCACCAGACCGG-1",5,10
"GCAACCACGGCCGCGT-1",8,5
"GCAACCCAAGTTGTTT-1",7,7
"GCAACGGCTAGTTATG-1",7,7
"GCAAGAATTCCTTGGC-1",5,3
"GCAAGCTGGAAACCGC-1",4,16
"GCAAGTGCACAGAGAA-1",8,5
"GCAAGTGTAAAGCATG-1",5,12
"GCAATTAGTCGCACCG-1",9,13
"GCACAAACGAGGCGTG-1",7,7
"GCACAAGTGGATCATA-1",6,15
"GCACACACTGGTAGCC-1",8,16
"GCACACAGCTATTACC-1",7,12
"GCACACGCCCATGGTC-1",7,12
"GCACAGCACGGGCCGA-1",5,12
"GCACGCCGATTCCCGC-1",5,12
"GCACGCCTACTTAGAT-1",2,2
"GCACGTGGTTTACTTA-1",4,16
"GCACTAGTCGCGCTAT-1",4,16
"GCACTCCCACAGTCCC-1",9,13
"GCACTGCCTACCTTTA-1",7,12
"GCACTGTGCAAATGTA-1",7,7
"GCAGACCCAGCACGTA-1",7,12
"GCAGATCCATAAGACT-1",5,3
"GCAGATCCTCGCAAAT-1",7,13
"GCAGATTAGGGATATC-1",2,2
"GCAGCACACAGCCCAG-1",5,3
"GCAGCCTATATCACAT-1",7,7
"GCAGCGGTGGGCATTA-1",7,7
"GCAGCTATGGACAGGT-1",7,7
"GCAGCTGTCAACGCAT-1",5,3
"GCAGGAACTTAGATCT-1",8,5
"GCAGGACTATAGAATA-1",8,5
"GCAGTGTGGCTATAGG-1",5,3
"GCATACGAGGTCTTTA-1",4,16
"GCATAGAGCACTCAGG-1",3,2
"GCATCCCTAACTTTGA-1",4,16
"GCATGAGGGACGCGGC-1",8,5
"GCATGCTAATAACGAT-1",5,3
"GCATGGGTACTGACGC-1",4,16
"GCATTCAAGGCAACGC-1",7,13
"GCATTCGAAATGAACA-1",7,7
"GCATTGACTTGCGGAA-1",4,16
"GCATTGTAATTCATAT-1",8,5
"GCATTTCCAAGGCTCC-1",7,7
"GCCAAGAATACTTCTG-1",4,16
"GCCAATAGGGCATCTC-1",4,16
"GCCACAATTTAAGGAC-1",5,3
"GCCACTCAGAGCGCGA-1",8,5
"GCCAGGAAAGAACACT-1",5,12
"GCCATCGAGCTGCGTG-1",2,14
"GCCATCGATGCTGCAT-1",7,7
"GCCATTAGCCTCAAAC-1",8,5
"GCCCACCAAGGCTGTC-1",4,16
"GCCCAGATGCTGGAGA-1",3,8
"GCCCAGTTGGTATGCC-1",4,16
"GCCCGACTTCTTCCCG-1",5,3
"GCCCGATCTGTGGTCG-1",2,14
"GCCCGCGCGTAAACGG-1",3,8
"GCCCGCGCGTTTGACA-1",4,16
"GCCCGTAATACCTTCT-1",5,8
"GCCCTAGCCGTCGCGA-1",8,5
"GCCCTGAGGATGGGCT-1",7,12
"GCCGAAATTCCTACGT-1",5,3
"GCCGATTGGCCAAGCT-1",2,14
"GCCGCATTAGTCCGGC-1",4,16
"GCCGCTTGTGAGAAAC-1",5,5
"GCCGGAAACACATCTT-1",8,5
"GCCGGGTTAGGGTCGC-1",2,2
"GCCGGTCGTATCTCTC-1",5,12
"GCCGGTTTGGGCGGAT-1",9,13
"GCCGTCGGTTTCGGGC-1",5,12
"GCCGTGGAAGAAATGT-1",7,7
"GCCTACGTTCTGTGCA-1",7,12
"GCCTAGCGATCTGACC-1",4,16
"GCCTATAGTGTCAGGG-1",8,5
"GCCTATGCTGGGCCTT-1",7,7
"GCCTATTCCGATATAG-1",4,16
"GCCTATTTGCTACACA-1",4,16
"GCCTCATCTGGAAATA-1",4,16
"GCCTCCGACAATTCAC-1",4,16
"GCCTCTATACATAGCA-1",3,8
"GCCTGTCCCGGTGCAT-1",7,12
"GCCTTCAGCCCTACCG-1",8,5
"GCCTTGTATATGCAGT-1",7,12
"GCGAAACGATCGGGAG-1",4,16
"GCGAAACTTAACTGGA-1",5,3
"GCGAAGAATCTGACGG-1",5,3
"GCGAAGCCATACCCGT-1",3,8
"GCGAATGGACTAGCGA-1",5,12
"GCGACATGTAAACATC-1",7,7
"GCGACCCAACCATCTG-1",3,8
"GCGACGATAGTTGTAC-1",1,14
"GCGACGGTAGTCTCCT-1",7,12
"GCGAGAAACGGGAGTT-1",9,13
"GCGAGAGGCCATGTAA-1",7,7
"GCGAGAGTTGCGTCCA-1",7,7
"GCGAGCGCATGCTCCC-1",7,7
"GCGAGGCCCGAGCAGA-1",5,3
"GCGAGTTCTGCAAAGA-1",2,2
"GCGATTGTTAACGTTA-1",3,8
"GCGCAAATATATTCAA-1",3,8
"GCGCAAGAGCGCGCTG-1",4,16
"GCGCATCCAGTCAGCA-1",4,16
"GCGCCGTTCCACGATA-1",2,14
"GCGCCTCCCACTCCGA-1",7,7
"GCGCGATGGGTCAAGT-1",4,16
"GCGCGGTCTAGTAACT-1",7,12
"GCGCGTCATTGGTACA-1",5,3
"GCGCTAATTGAATAGA-1",2,2
"GCGCTATGCCGAGGCA-1",3,8
"GCGCTGCTTTGCATTT-1",4,16
"GCGCTTAAATAATTGG-1",5,3
"GCGGACCGCGTTGTGG-1",2,2
"GCGGAGAAACTTCGCA-1",3,8
"GCGGAGAGGGAGAACG-1",3,8
"GCGGCAAAGTATTGCC-1",3,10
"GCGGCTCTGACGTACC-1",5,3
"GCGGCTTTAGCAAGTT-1",7,12
"GCGGGAACCAGGCCCT-1",8,5
"GCGGGCAGACGGGTGA-1",5,12
"GCGGGCATTACGATGC-1",9,13
"GCGGGCGAGCCTTACC-1",1,1
"GCGGTAACCCAAATGA-1",9,13
"GCGGTCCCGGTGAAGG-1",9,15
"GCGGTCCCTAGACGCA-1",4,16
"GCGGTCTTGCTTTCAC-1",5,12
"GCGGTGAACTGCGCTC-1",4,10
"GCGGTTCCCTATCATG-1",2,14
"GCGTAAATGGCCATAA-1",4,16
"GCGTCCAGCTCGTGGC-1",7,7
"GCGTCGCCAGGGTGAT-1",2,14
"GCGTCGTAACATGGTC-1",5,12
"GCGTCTCTGCATTGGG-1",5,3
"GCGTGGTACTGGGTTA-1",4,16
"GCGTTATATTTGGAAC-1",7,7
"GCGTTCGGAGACCGGG-1",4,16
"GCTAAACCTGAGGTGA-1",7,16
"GCTAACTGAAGTCTGA-1",5,3
"GCTAAGTAAAGGCGAT-1",7,7
"GCTAAGTAGTTTCTCT-1",5,3
"GCTAATACCGAATGCC-1",8,5
"GCTACAATCGAGGATA-1",4,16
"GCTACACTGTCCGAAC-1",6,6
"GCTACAGTACGGACCG-1",4,16
"GCTACGACTTATTGGG-1",2,2
"GCTACTATAGTAGAGT-1",4,16
"GCTAGACCGTCTACTG-1",9,11
"GCTAGAGTAGAGATGT-1",8,16
"GCTAGCACCTGGGCCA-1",9,11
"GCTAGCTTGAATAGCT-1",2,2
"GCTAGGCACCACGGAG-1",5,3
"GCTAGTAGAGCTTGTA-1",2,14
"GCTAGTTTCATTGAGG-1",4,16
"GCTATACGTCTCGGAC-1",5,3
"GCTATCATACTCATGG-1",3,8
"GCTATCGCGGCGCAAC-1",7,7
"GCTATGCCAGCTTATG-1",4,16
"GCTCAACCTCTTAGAG-1",6,15
"GCTCAATCCGTTTATT-1",3,8
"GCTCAATGTAATACCG-1",2,2
"GCTCATTACTGCATGT-1",4,10
"GCTCATTGATCATATC-1",5,12
"GCTCCATGCAAAGCAA-1",5,12
"GCTCCCAGTCGGTCCA-1",7,7
"GCTCCGCTCGCTTCAG-1",7,7
"GCTCCTGACATACTGG-1",3,8
"GCTCGCGGTTCCGCTC-1",7,7
"GCTCGCTCATGTCCAA-1",4,16
"GCTCTAAACCCTGACG-1",5,3
"GCTCTATGTTACGTGC-1",4,16
"GCTCTCGGGTACCGAA-1",3,3
"GCTCTTTCCGCTAGTG-1",5,3
"GCTGAACTCTCCAGGG-1",9,11
"GCTGAGCAACGGTTCT-1",9,13
"GCTGAGGCGTGAGTAT-1",2,14
"GCTGCACGGTTTCTTA-1",3,8
"GCTGCGAAGAATTATT-1",5,12
"GCTGCTAAGTAGTCGA-1",1,1
"GCTGCTACTGCGTAGC-1",3,8
"GCTGCTCTCCGGACAC-1",2,2
"GCTGGACCCAAAGTGG-1",7,13
"GCTGGCAGGTGCCGTG-1",7,7
"GCTGGCATATTCACCT-1",4,16
"GCTGGCGGCGCATGCT-1",2,14
"GCTGGGTCCGCTGTTA-1",6,6
"GCTGTATTACTGGCCC-1",3,3
"GCTGTTGCTACCGAAC-1",4,16
"GCTTAATGTAACTAAC-1",5,3
"GCTTACGTAGTTAGTA-1",7,13
"GCTTATGAAGCAGGAA-1",5,16
"GCTTCCAGCTTAGATT-1",6,6
"GCTTCCGTCCCTAGAC-1",3,8
"GCTTGATGATAATCAG-1",4,16
"GCTTGCAGCACAATTG-1",9,13
"GCTTGGATCGATTAGG-1",4,16
"GCTTTCAGAGGAGGTG-1",4,16
"GGAAACCTTGTTGAAT-1",7,16
"GGAAACTAAATGGGCC-1",4,16
"GGAAAGGGAATTGAGC-1",5,12
"GGAAAGTCTTGATTGT-1",5,3
"GGAACCCGAACAAGAA-1",7,12
"GGAACCGTGTAAATTG-1",2,2
"GGAACGGCCTGCAGCC-1",7,7
"GGAACTTTGGCGATTA-1",4,16
"GGAAGGACACCGTATA-1",5,12
"GGAATGCGCTAGCGTG-1",3,8
"GGACAAGTTGCAGTGA-1",7,7
"GGACACAAGTTTACAC-1",7,7
"GGACACCTCGGTGTTG-1",7,12
"GGACCAACAGGATAAC-1",2,2
"GGACCTACGGTAACGT-1",7,7
"GGACCTCTAGGCCGCC-1",3,8
"GGACTAAGTCAGGAGT-1",7,7
"GGACTCGACAGCGCAT-1",5,12
"GGACTCGTGAGTGGTC-1",5,12
"GGACTCTTTGACTAAG-1",5,12
"GGAGAAGTCATTGGCA-1",8,16
"GGAGACCAATGTGCTT-1",7,13
"GGAGACCATCTACATA-1",4,16
"GGAGACGACACCTTTG-1",2,2
"GGAGCAACATTTCAAG-1",4,16
"GGAGCGAGGCCTACTT-1",7,12
"GGAGGCCGAAGTCGTC-1",9,15
"GGAGGGCTTGGTTGGC-1",3,8
"GGAGTGCCGCCCTGGA-1",8,5
"GGATACTCATGAATTG-1",4,16
"GGATCAAAGGACGAGG-1",4,16
"GGATCAGAGCCATCAG-1",4,16
"GGATCATCCCGTACGC-1",4,16
"GGATCCCTACCAGCTA-1",6,6
"GGATCCGGAATATACT-1",5,3
"GGATCTTACTGCCCTT-1",5,12
"GGATCTTGACTCAACC-1",8,5
"GGATGAAGATCGCTGA-1",4,16
"GGATGACGCGAGTTTA-1",5,3
"GGATGCTGGCGTTCCT-1",4,16
"GGATGGCTTGAAGTAT-1",5,9
"GGATGTCCTTACCGCA-1",4,16
"GGATTAATCATGGACC-1",7,12
"GGATTCAGTACGGTGG-1",4,16
"GGATTGCTGTGACTCC-1",3,8
"GGATTTCACTTCTATA-1",8,5
"GGCAAAGGCGCCAATA-1",3,8
"GGCAAATTACTTTACT-1",3,8
"GGCAAGCCAGGGATAG-1",9,15
"GGCAAGCCCATAGTGG-1",7,12
"GGCAAGGCGAAATAGC-1",2,2
"GGCAATAGTCAATGAG-1",2,14
"GGCACTCCACTGGGCA-1",5,3
"GGCAGAGAGATCGGGA-1",7,7
"GGCAGCAAACCTATGC-1",4,4
"GGCAGCGGTAATCCTA-1",4,16
"GGCATACAGGTAGCGG-1",8,5
"GGCATCAACGAGCACG-1",4,16
"GGCATTGAACATCTCA-1",7,12
"GGCCACAAGCGATGGC-1",1,1
"GGCCCAGCTGGTTTGC-1",7,12
"GGCCCGGAGCATGTCT-1",9,13
"GGCCCGTATACCATGC-1",9,13
"GGCCCTCACCCACTTA-1",4,16
"GGCCGAGACTCTGGTG-1",5,10
"GGCCGGCGTCTGCTAT-1",3,8
"GGCCGTTTGGGTTTCA-1",1,14
"GGCCTGCTCTGATGTT-1",7,12
"GGCCTTTGCAACTGGC-1",4,16
"GGCGAAATCTAACTTG-1",5,9
"GGCGAGCATCGAGGAC-1",9,11
"GGCGAGCGAAACGGCA-1",4,16
"GGCGCAGGACATCTTC-1",8,5
"GGCGCATGAATTGATG-1",2,2
"GGCGCGGAGATCTTTC-1",5,3
"GGCGCGTTCGAGTTTA-1",1,14
"GGCGCTCCTCATCAAT-1",7,7
"GGCGCTTCATTCCCTG-1",7,12
"GGCGGAGTAATATTAG-1",5,3
"GGCGGTAGGATCATTG-1",2,14
"GGCGGTTTGCCGGTGC-1",9,11
"GGCGTACCCTATATAA-1",4,16
"GGCGTAGGGAAAGCTG-1",3,8
"GGCGTCCTATCCGCTG-1",8,5
"GGCTAAAGGGCGGGTC-1",4,10
"GGCTACTATACACTCC-1",5,10
"GGCTATTAAGTTGTAT-1",8,5
"GGCTCCTCCACCTGTT-1",1,1
"GGCTCGCGTTGAGGTA-1",4,16
"GGCTCGTGCCACCAGC-1",4,16
"GGCTGAAATAGCAAAG-1",3,8
"GGCTGGCAATCCCACG-1",5,3
"GGCTGGCTAGCTTAAA-1",7,7
"GGCTGTCCTACTGCGG-1",5,10
"GGCTTCTCGTGGGTGG-1",5,10
"GGCTTTCAATAAGGGT-1",2,14
"GGGAACCACCTGTTTC-1",7,7
"GGGAACGGGAGGTTAG-1",5,3
"GGGAAGACGGTCTGTC-1",3,2
"GGGAAGGGCTTTCTCA-1",5,3
"GGGAATGAGCCCTCAC-1",7,7
"GGGAATTCTGTCCAGT-1",7,7
"GGGACAGAGTTACTCC-1",5,5
"GGGACCCGTATATCTT-1",2,14
"GGGACTGCATAGATAG-1",3,8
"GGGAGAACTCACAGTA-1",2,14
"GGGAGCGACCGTAGTG-1",5,8
"GGGAGGATGCCCGAAA-1",3,8
"GGGAGTAATGGCTGGC-1",4,16
"GGGAGTTAATGAGGCG-1",3,8
"GGGATACGGTAATAAT-1",9,13
"GGGATCCCAATACAAA-1",9,13
"GGGATGGTCGTAACCG-1",3,8
"GGGATTTACCGCACCT-1",5,9
"GGGCAACCGCACGTGC-1",5,3
"GGGCACGAATTGGCCG-1",7,7
"GGGCACGTAGTACTGT-1",5,12
"GGGCAGACGTCACTGC-1",4,16
"GGGCAGAGCAATCGTT-1",2,14
"GGGCAGTCAACGCCAA-1",7,12
"GGGCATGCATGTCGAG-1",5,12
"GGGCCCGTCTTAAACA-1",3,8
"GGGCCCTACGAAAGGG-1",4,16
"GGGCCCTTATCTATAC-1",7,7
"GGGCCGGCCGAAGTAC-1",5,9
"GGGCCTAAATGGGCTA-1",4,16
"GGGCGAATTTCTCCAC-1",6,15
"GGGCGATATGTGTGAA-1",3,8
"GGGCGCAGCGTTACTC-1",9,13
"GGGCGGCAAATGAATT-1",3,2
"GGGCGGGTTCCCTACG-1",5,3
"GGGCGGTCCTATTGTC-1",7,7
"GGGCGTACATTTATAT-1",5,3
"GGGCGTCACCACGTAA-1",2,14
"GGGCGTGGTTTCCCAG-1",3,8
"GGGCTACTATTTCGTG-1",4,16
"GGGCTATGATCGATGG-1",1,14
"GGGCTCATCGAACCCA-1",8,5
"GGGCTGCCTAGGGCGA-1",2,2
"GGGCTGGTTAGTCGCG-1",5,3
"GGGTAATGCTGTGTTT-1",7,13
"GGGTACACTCTGGAGG-1",6,6
"GGGTACCCACGGTCCT-1",7,7
"GGGTACTTCATGAACT-1",5,3
"GGGTATGTATGCACTT-1",4,16
"GGGTATTCTAGCAAAC-1",8,5
"GGGTCACCGTGACGGT-1",5,3
"GGGTCAGGAGCTAGAT-1",5,12
"GGGTCATGCGTACCAT-1",7,2
"GGGTCGTGGCAAGTGT-1",7,7
"GGGTGACACCTTAACT-1",2,14
"GGGTGCATATGAAAGC-1",7,7
"GGGTTAACATTTGAGT-1",1,1
"GGGTTCAGACGAACAA-1",7,12
"GGGTTTAGGATAGGAT-1",7,7
"GGGTTTCCGGCTTCCA-1",6,6
"GGTAACCGGGAGGATA-1",3,3
"GGTAACTATGTATCTG-1",4,16
"GGTACAAACATGCTAT-1",3,8
"GGTACACCAGATTTAT-1",9,13
"GGTACATCTGGGACGA-1",4,16
"GGTACCATTAAGACGG-1",4,16
"GGTAGAAGACCGCCTG-1",3,8
"GGTAGACCGTTGGGCG-1",1,1
"GGTAGGCCAATATCAC-1",5,10
"GGTAGTGCTCGCACCA-1",3,8
"GGTATAGTGACACATA-1",7,7
"GGTATCAAGCATAGAA-1",6,6
"GGTATGAAAGAACTGA-1",7,7
"GGTATTGCCGAGTTTA-1",5,3
"GGTCAAGACTACTTCG-1",4,16
"GGTCACGTTAGATTCA-1",7,7
"GGTCAGTGGGTCCCAC-1",2,14
"GGTCCTTCATACGACT-1",6,6
"GGTCGGATAAACGGCG-1",4,16
"GGTCGGCCAGGAGCTT-1",8,5
"GGTCGGTAATTAGACA-1",4,16
"GGTCGGTCGTCCACAG-1",1,1
"GGTCGTAAGCTCGCAC-1",8,5
"GGTCTCCGTCCAGGTT-1",4,16
"GGTCTCTGAATGGACT-1",3,8
"GGTCTGAGAATCTGGA-1",3,10
"GGTCTTGAGCGCTCTT-1",7,12
"GGTGAAACCGGGAATG-1",4,16
"GGTGAACGGGCTAGCC-1",7,7
"GGTGAAGTACAGGGAT-1",3,8
"GGTGAGATGCAGATAA-1",4,16
"GGTGATAAGGAGCAGT-1",3,3
"GGTGATGAAGGAAGTG-1",7,7
"GGTGATTTCATCTTGT-1",4,16
"GGTGCAGAGCCTATCG-1",4,16
"GGTGCATAAATGATTA-1",5,12
"GGTGCGGATAAGTGGC-1",8,16
"GGTGCTGATCACAAAG-1",7,13
"GGTGCTGGTACACATT-1",3,8
"GGTGGACTGCTCTGGC-1",5,3
"GGTGTAAATCGATTGT-1",7,12
"GGTGTAGGTAAGTAAA-1",5,12
"GGTTACCACCCTCGGG-1",5,3
"GGTTACCCGACACTTT-1",9,13
"GGTTAGCTATATGTCT-1",5,3
"GGTTAGGCTTGGAGAA-1",4,16
"GGTTAGTTACGGCGCC-1",7,16
"GGTTCGGATTATACTA-1",4,16
"GGTTCTACTCGTCTGA-1",7,12
"GGTTGTATCGTGAAAT-1",4,16
"GGTTGTGCTCTTGTCC-1",7,12
"GGTTGTGTAGCCTGGC-1",4,16
"GGTTTAATTGAGCAGG-1",7,7
"GGTTTAGCCTTTCTTG-1",4,4
"GGTTTCAATCGGTCAG-1",4,16
"GGTTTGAGTGCTGGAA-1",4,16
"GGTTTGTGACCTGAGG-1",4,16
"GTAACATCTAAGATAA-1",7,7
"GTAACTGCCCAAGGAG-1",5,12
"GTAACTTGCGGCAGTC-1",4,16
"GTAAGCGGGCAGTCAG-1",3,8
"GTAAGTAACAGTCTGG-1",5,3
"GTAAGTAGGGTATACC-1",4,16
"GTAAGTCCACACTCTA-1",7,7
"GTAATAAAGGGCTCCC-1",4,16
"GTAATCTGATTCTTCG-1",2,2
"GTACACTTACCTGAAG-1",2,14
"GTACAGAGGCAAGGGT-1",5,3
"GTACGACGGCGCTGCG-1",7,7
"GTACGAGATTGCGACA-1",5,3
"GTACGCTTCATTGCAC-1",3,8
"GTACGTTTGCCCGTCA-1",2,2
"GTACTAAGATTTGGAG-1",5,3
"GTACTACGGCCTCGTT-1",5,12
"GTACTCCCTTATCGCT-1",8,3
"GTACTCCTGGGTATGC-1",4,16
"GTACTGAGGTCGTAAC-1",4,16
"GTACTGCATGAAGCGT-1",4,16
"GTACTGGAGTTAGACC-1",5,3
"GTACTTGGGCACTTCT-1",4,16
"GTAGAAACGGGTGGAG-1",7,7
"GTAGACAACCGATGAA-1",8,5
"GTAGACACGCCTGACT-1",2,14
"GTAGACGTCGTTACAT-1",4,16
"GTAGAGGGAGACAAGT-1",3,3
"GTAGCCAAACATGGGA-1",3,2
"GTAGCGCTGTTGTAGT-1",4,16
"GTAGCGGCTATACACT-1",2,2
"GTAGCTCCGGGAGGCT-1",5,10
"GTAGCTTCCTCTTGTT-1",8,5
"GTAGTCGCGGGAATCA-1",3,3
"GTAGTCTACGATATTG-1",3,8
"GTAGTTCGAAGGCGAA-1",5,12
"GTATAATCTCCCGGAT-1",9,13
"GTATAGGACTCAGTAG-1",5,3
"GTATATGTTACGGCGG-1",9,13
"GTATCAAACGTTAGCT-1",4,16
"GTATCAAGGTACTTCC-1",7,12
"GTATCAGCTTGGGTTC-1",4,16
"GTATCCTTTGGTAACC-1",5,3
"GTATCGGGACGAGCTG-1",6,6
"GTATCTCAGTCTTGAC-1",3,3
"GTATCTTGTTGCTCAC-1",8,5
"GTATCTTTCATAACCA-1",2,2
"GTATGAAATTTCACTC-1",5,3
"GTATGACGTGGGAAAC-1",7,7
"GTATGTGGGTCTAGTT-1",4,16
"GTATTAAGGCGTCTAA-1",7,16
"GTATTCTGAGAAACGA-1",3,8
"GTATTCTTACCGTGCT-1",9,13
"GTCAAAGAAGTGGTGT-1",5,3
"GTCAAAGTTTACATAG-1",7,7
"GTCAACCAGGCCTATA-1",4,16
"GTCAAGCGGACTCGGG-1",3,8
"GTCAATTGTACTGAAG-1",5,10
"GTCACTCTCCAAATCT-1",4,16
"GTCAGAATAGTCTATG-1",4,16
"GTCAGTTTGGTAGTCG-1",7,7
"GTCATCTCCTACAGCT-1",9,11
"GTCATGCACCTCCGTT-1",3,8
"GTCATGCGCGAGGGCT-1",5,16
"GTCATGGACATGACTA-1",3,8
"GTCATTAGAGCGAACG-1",2,14
"GTCATTGCATTGACCC-1",7,7
"GTCCAATATTTAGCCT-1",5,12
"GTCCAGGCACGTGTGC-1",5,12
"GTCCATTACTGCTACG-1",7,7
"GTCCCAACGTAAAGTA-1",3,8
"GTCCCAATCATCCCGC-1",4,16
"GTCCCGCGACGTTATG-1",5,3
"GTCCGAGAGCAATCAT-1",7,7
"GTCCGGACCTGAAATT-1",5,3
"GTCCGGCTGAATTGCG-1",5,3
"GTCCGGGTTCACATTA-1",7,12
"GTCCTACAGGCGGCTC-1",7,12
"GTCCTACGAATAGTCT-1",5,16
"GTCCTACTCTACGGGC-1",8,10
"GTCCTATTGTTGTGGT-1",7,7
"GTCCTTCTACAACCCA-1",7,13
"GTCGCCGTTGTGTGTT-1",2,14
"GTCGCGTAACCCGTTG-1",3,8
"GTCGGATATCTCAGAC-1",8,5
"GTCGGGAACATGGTAG-1",4,16
"GTCGGGAAGCAGAAAC-1",1,1
"GTCGTACCATCTCGGG-1",2,14
"GTCGTACCTACGATTG-1",4,16
"GTCGTATTGGCGTACA-1",4,10
"GTCGTCAATTATAAGG-1",4,16
"GTCGTCTGGTTGGCTA-1",7,7
"GTCGTTATTCGCTTAT-1",3,8
"GTCTACTCAATTACAA-1",4,16
"GTCTAGTGAGCCGCTT-1",5,3
"GTCTATACACGCATGG-1",5,10
"GTCTATCTGAGTTTCT-1",5,3
"GTCTATTGCATGCTCG-1",9,11
"GTCTATTGGTTCCGGT-1",8,5
"GTCTCAAGGCCCGGCT-1",1,14
"GTCTCCGCCTCAATAC-1",7,12
"GTCTCGACTAAGTTTG-1",7,7
"GTCTGCCGACTCGACG-1",5,3
"GTCTGGGCGGTCGAGA-1",3,8
"GTCTGTAGGTTGAACA-1",5,12
"GTCTTCCTCACCTAAG-1",7,7
"GTCTTGAGGAGCAGTG-1",7,7
"GTCTTGTAGCTATTCA-1",7,7
"GTGAAACGTGCTCCAC-1",4,16
"GTGAACTCCCATTCGA-1",4,16
"GTGAAGATTTCAAGTG-1",4,16
"GTGAAGCCGTATAGTC-1",7,7
"GTGAAGTCACGACTCG-1",4,16
"GTGACAGCTTCCCACT-1",2,2
"GTGACCGCACACTACG-1",4,16
"GTGACGAGGGTGACCC-1",7,7
"GTGACGCAGGTTTCAT-1",2,2
"GTGACTTCAGTAGTGC-1",2,2
"GTGAGATAACCTTATA-1",5,12
"GTGAGCGTGCTGCACT-1",4,16
"GTGAGGACACTTAAGG-1",3,8
"GTGAGTCTAAGACGGA-1",7,7
"GTGAGTGGTACAACGC-1",1,1
"GTGATCACTAACGCCT-1",4,16
"GTGATCATAGATCTGC-1",2,14
"GTGATCCTTGTCATGA-1",3,8
"GTGATTCGCCGCTCAA-1",3,8
"GTGCACCAGCTTCAAC-1",5,12
"GTGCCATCACACGGTG-1",5,3
"GTGCCCGTTCGGATTC-1",5,9
"GTGCCGCTTCAAAGGT-1",3,8
"GTGCCTAGCTATGCTT-1",6,6
"GTGCCTGAGACCAAAC-1",5,3
"GTGCGAAATCGAACAC-1",3,8
"GTGCGACAGGGAGTGT-1",4,13
"GTGCGCTTACAAATGA-1",5,3
"GTGCGGGACCATCGGC-1",7,7
"GTGCGGGTCTCCAAAT-1",5,3
"GTGCGTGTATATGAGC-1",5,9
"GTGCTCAAGTACTGTC-1",5,3
"GTGCTGCAGATAAGGA-1",4,16
"GTGCTTACATCAGCGC-1",7,7
"GTGGACCAACCCGATT-1",8,5
"GTGGACGCATTTGTCC-1",2,14
"GTGGACGTGCTGAGAC-1",4,16
"GTGGAGCGTTTACCGA-1",5,5
"GTGGAGTCGGCGGTTG-1",2,2
"GTGGCAAACAGCGGCA-1",8,5
"GTGGCCTAATATCATT-1",7,7
"GTGGCGGTCCCAGCGT-1",8,5
"GTGGCTGTTTCTGTTC-1",5,3
"GTGGGAACAAACCGGG-1",5,12
"GTGGGAAGACTGAATC-1",8,5
"GTGGGCTTAGACACAC-1",8,5
"GTGGGTACTGAGCGTA-1",4,16
"GTGGGTCTTCTTTGCG-1",6,6
"GTGGTATAGTCTGCCG-1",2,14
"GTGGTGGCCAAGTGAA-1",5,3
"GTGGTTACTTCTTTCG-1",9,16
"GTGGTTTCCGCCTTTC-1",8,5
"GTGTATATCAGCGGGC-1",3,8
"GTGTATGACTTTAAAG-1",7,12
"GTGTCAGTGTACGTGG-1",5,12
"GTGTCGTATAGCGTTC-1",3,8
"GTGTGAATAACTTAGG-1",5,3
"GTGTGAGCCGAGGTGC-1",7,7
"GTGTTACTATGCGTCC-1",3,8
"GTTAAAGTAGGACTGG-1",5,3
"GTTAACATCACTTAAA-1",3,8
"GTTAACTATGTTGTCA-1",7,7
"GTTAAGGGTGCGATGT-1",2,14
"GTTAAGTTAGAGTGGG-1",9,13
"GTTAATGTCTATCTTA-1",7,7
"GTTACAATTGGTGACG-1",8,5
"GTTACCTACAACTTGC-1",2,2
"GTTACGAAATCCACGC-1",7,7
"GTTACGGCCCGACTGC-1",7,7
"GTTACTTTGGGCCTAG-1",3,8
"GTTAGCCCATGACATC-1",7,12
"GTTAGCCGTAAATCAA-1",7,12
"GTTAGGCTACCCGTTT-1",8,5
"GTTATAATACGGTGAA-1",7,12
"GTTATATCAGGAGCCA-1",7,7
"GTTATATTATCTCCCT-1",1,1
"GTTATTAACGTGGGAG-1",7,7
"GTTCACAGGAGTCTAG-1",8,5
"GTTCAGTCGCCAAATG-1",7,12
"GTTCATCGTTTGGCTG-1",4,7
"GTTCCAAGACAGCGAC-1",7,7
"GTTCCAGTCTGACCAT-1",8,5
"GTTCCGTCCGCCTGCA-1",5,12
"GTTCGCCATAAGTGCC-1",3,8
"GTTCGCTGAGACGTCT-1",7,7
"GTTCGGATCGGGAACA-1",7,7
"GTTCGGGCGTACCATT-1",7,7
"GTTCGTCTAAAGAACT-1",8,5
"GTTCGTCTGGGTCCCT-1",9,13
"GTTCTTCCCTCGATGT-1",8,5
"GTTCTTGTAACTCAAT-1",7,12
"GTTGAACCGGTTCCAT-1",5,3
"GTTGAGTCCCGCCGGT-1",3,8
"GTTGCACGGAGTTTCG-1",8,5
"GTTGCGCTAACATTAC-1",7,7
"GTTGGACCGCATCAGG-1",7,7
"GTTGGATTCAGTGGCT-1",4,16
"GTTGGATTGAGAACAC-1",8,5
"GTTGGATTTGCGTTGG-1",5,3
"GTTGGTCATGCTATCC-1",2,14
"GTTGTAGATTTATGAG-1",7,12
"GTTGTCGTGTTAGTTG-1",8,16
"GTTTACGTTCCATCTG-1",2,14
"GTTTATGGGATTTAGA-1",7,13
"GTTTCAAACGAGTTGT-1",4,16
"GTTTCATATCGTCGCT-1",8,5
"GTTTCCTGGAGGGTGA-1",5,3
"GTTTCTAGAGGCGCGG-1",5,3
"GTTTCTGCAGTCTCCC-1",3,8
"GTTTGACCAAATCCTA-1",3,8
"GTTTGAGCGGTTATGT-1",7,7
"GTTTGGCCCAAGTTAT-1",3,8
"GTTTGGCCGCTCAGCG-1",7,7
"GTTTGGGCTTGTGAGC-1",2,2
"GTTTGGGTTTCGCCCG-1",5,3
"GTTTGGTAGGGTCAAC-1",1,1
"GTTTGGTGATCGGTGC-1",5,12
"GTTTGTTAGCCAAGTA-1",4,16
"TAAACCCAGGAGGGCA-1",2,2
"TAAACGTCGTCAATGA-1",7,12
"TAAAGACAACCCTTTA-1",9,13
"TAAAGAGCCCGAAACC-1",4,16
"TAAAGCGGTATTTCCA-1",5,12
"TAAAGCGTTAGGAGAA-1",8,5
"TAAAGCTGCAATAGGG-1",4,10
"TAAAGTGCACGTCTCG-1",5,12
"TAAATCTTTACACCTC-1",9,13
"TAAATGAATCCGTTTC-1",4,16
"TAAATGCCGTCTCATG-1",4,16
"TAAATTGTGGGTAAAG-1",5,12
"TAAATTTAGTAACACC-1",5,3
"TAACAAAGGGAGAAGC-1",4,16
"TAACAATATTTGTTGC-1",7,7
"TAACAGGTTCCCTTAG-1",7,12
"TAACATACAATGTGGG-1",2,2
"TAACATACACGCGATC-1",5,3
"TAACCGCCCGCAGTGC-1",4,16
"TAACCGTCCAGTTCAT-1",6,6
"TAACCTACCGTCCGAG-1",4,16
"TAACCTAGGGAGTCCA-1",4,16
"TAACGCTTTGAGAGCG-1",4,16
"TAACTATCGAAGGTCC-1",4,16
"TAACTATTACGCCAAA-1",7,12
"TAACTCATCCGCGCGG-1",3,8
"TAACTCCATGGAGGCT-1",7,16
"TAAGATTTAGCGGGAG-1",7,7
"TAAGCAGGCGACACGC-1",4,16
"TAAGCCCTTACGACCA-1",7,7
"TAAGGAACTTGTGGGA-1",4,16
"TAAGGCATAACATCAA-1",1,1
"TAAGGCCCGTCACCCT-1",2,14
"TAAGGCTGAATCCCTC-1",4,4
"TAAGGGCCTGTCCGAT-1",8,16
"TAAGGGCTGGGAGAGG-1",4,16
"TAAGTAACATCTTGAC-1",3,8
"TAAGTCGCCGAGTATC-1",3,2
"TAAGTTGCGACGTAGG-1",4,16
"TAATAAACAAGGAGAT-1",3,10
"TAATACTAGAACAGAC-1",7,12
"TAATAGAACAGAGTTA-1",3,8
"TAATAGCTAAATGATG-1",9,13
"TAATAGTGACGACCAG-1",8,5
"TAATATTGAAATTCGC-1",8,5
"TAATCGATCCGTACGT-1",8,5
"TAATGAAAGACCCTTG-1",7,16
"TAATTACGTCAGTAGA-1",4,16
"TAATTAGATGGATATG-1",7,7
"TAATTAGGACATCCGT-1",7,7
"TAATTGGAATCGGGAA-1",7,16
"TAATTTCCGTCCAGTA-1",4,16
"TACAACGCACAACTCA-1",3,8
"TACAAGCTGTTCACTG-1",4,16
"TACAAGGGCTTCTTTA-1",5,3
"TACAAGTCTCGTGCAT-1",4,16
"TACAATGAAACCAGCA-1",7,7
"TACACAGCCGTGGTGC-1",7,12
"TACACCGTCGTTAGTC-1",7,7
"TACACCTCTTCGAATC-1",5,3
"TACAGAAACGGTGGGC-1",5,3
"TACATAGGCATACACC-1",2,2
"TACATCCCTATCCCTG-1",4,16
"TACATGACCTTATCCG-1",7,12
"TACATTTCTAACGTGC-1",3,8
"TACCAAATAGCCCAGA-1",2,14
"TACCAATAAAGTACCA-1",5,3
"TACCAGAAGTAGGTTC-1",2,14
"TACCAGGAATCCCGTC-1",5,12
"TACCGAATAATTGTAA-1",5,3
"TACCGCGGACTTGCAG-1",4,16
"TACCGGCTCACTGCCC-1",2,14
"TACCGGTCGTTTCCAT-1",5,3
"TACCGTAGGTTAACTA-1",2,14
"TACCGTGCCTCGGACC-1",2,2
"TACCTACTCCCAGTAT-1",2,14
"TACCTATCCCTAGAGG-1",4,16
"TACCTCACGCTTGTAC-1",8,5
"TACCTCAGTTGTCTGT-1",2,14
"TACCTGCTGCACTGTG-1",7,16
"TACCTTAAGATTTCCC-1",5,3
"TACGAACACGACTTCA-1",5,3
"TACGACGCTTGCTGCG-1",2,14
"TACGACTGCCTCTTAG-1",2,2
"TACGAGAACTTCACGT-1",8,5
"TACGATGTTGATCATC-1",8,5
"TACGCAGTTCTTTCCT-1",3,8
"TACGCCATATTCTAAT-1",2,2
"TACGCCGAGGGTACCC-1",3,8
"TACGCCTCCATTCCGA-1",1,1
"TACGCTATAGAAACCT-1",7,7
"TACGCTCCTAGAACTG-1",5,12
"TACGGAAGCCAAACCA-1",7,12
"TACGGGTAATAACATA-1",5,3
"TACGTAAAGCGGAGTG-1",4,16
"TACGTACTAGTGCTGA-1",5,12
"TACGTGCACTATGCTG-1",4,16
"TACGTGGGCCCAGGGC-1",7,12
"TACGTTTACCGGCAAT-1",8,5
"TACTACGTGCAATGCG-1",5,12
"TACTATGGTTCCTCAG-1",1,1
"TACTCCTCTAGTTGAC-1",5,12
"TACTCGGCACGCCGGG-1",4,4
"TACTCGTTTGAATCAA-1",5,3
"TACTCTTACTTTACTG-1",4,16
"TACTCTTTCGTCTTCA-1",1,1
"TACTGAACAGATTTAG-1",2,14
"TACTGCAATCAATTAC-1",4,16
"TACTGGACAGCTCGGC-1",4,16
"TACTTGTTAGTAGTCC-1",5,9
"TACTTTACTGAGCCGG-1",4,16
"TACTTTCCGCACGCCA-1",8,5
"TAGAAAGGTGGCGCTA-1",8,5
"TAGAAATTCACGTATA-1",4,16
"TAGAACGCCAGTAACG-1",6,15
"TAGAATAGCCGATGAA-1",4,16
"TAGACGAAACGCCAAT-1",2,2
"TAGACGCCCGTACCGG-1",8,5
"TAGACTACCTAGCGTT-1",7,12
"TAGAGATCATGCAACT-1",8,5
"TAGAGCTACGAAGAAC-1",8,5
"TAGAGGGAGTTTATCT-1",7,12
"TAGAGGTTCTACTTGT-1",4,16
"TAGAGTCTAAGCGAAC-1",3,3
"TAGATATGGACTGGAA-1",1,14
"TAGATGGTTCCTTACT-1",8,16
"TAGATTCAAAGTGCGG-1",5,12
"TAGATTCCTGGTTATT-1",4,16
"TAGCAACCTGTCACAA-1",4,16
"TAGCAGTATGACTAAA-1",5,9
"TAGCCAGAGGGTCCGG-1",6,6
"TAGCCATTTCAAAGTC-1",5,9
"TAGCCGGCGGTCAGCG-1",8,5
"TAGCGTCCCTCGATTG-1",7,7
"TAGCGTCCGGTGTGGT-1",3,8
"TAGCGTCGAATATTGA-1",7,7
"TAGCGTTGGGTCTTAC-1",2,14
"TAGCTAAGTCCGGGAG-1",3,8
"TAGCTAGAAGGCATGA-1",1,1
"TAGCTAGTGATGATGG-1",2,10
"TAGCTCGCCTGATAAC-1",1,1
"TAGCTGATGTGAAGCG-1",4,16
"TAGGATCTTAACCGCA-1",5,12
"TAGGCGATGAGGTCTC-1",8,5
"TAGGCTAAAGTGGCAC-1",4,16
"TAGGGAGCTTGGGATG-1",4,16
"TAGGGTGTTTCAAGAG-1",5,3
"TAGGTCCAAGTAAGGA-1",7,16
"TAGGTCGCCGGAACTG-1",4,16
"TAGGTGACGATAACCT-1",3,8
"TAGGTGAGCCCTACTC-1",4,16
"TAGGTGCTCGCCTAGC-1",5,9
"TAGGTGTTCCACAGAT-1",2,14
"TAGGTTCGAGTTCGTC-1",2,14
"TAGGTTCTGCTGAGAA-1",7,12
"TAGTACCTTAGTGGTC-1",7,7
"TAGTAGCTTATACCAG-1",5,12
"TAGTCCCGGAGACCAC-1",5,12
"TAGTCCGCAGAGAATG-1",3,8
"TAGTCCGTATGCATAA-1",7,7
"TAGTCGATCACGGGTT-1",4,16
"TAGTCTAACAACGAGA-1",5,3
"TAGTCTGCGGCACATT-1",5,10
"TAGTCTGTGACGTTGC-1",4,16
"TAGTCTTTCCGAATTG-1",7,7
"TAGTGAGAAGTGGTTG-1",7,1
"TAGTGCCCTCCAGAGT-1",5,3
"TAGTGTCAGAAACGGC-1",7,12
"TAGTTTATTCTTGCTT-1",8,5
"TATAAATCCACAAGCT-1",4,16
"TATAAGTGAGGATAGC-1",4,16
"TATACACAGACGCCTT-1",2,14
"TATACACGCAAAGTAT-1",4,16
"TATACGCGTCATCACT-1",2,14
"TATACTCATGCGGCAA-1",7,12
"TATAGAGTCGCTTGAA-1",5,10
"TATAGATGGTCGCAGT-1",4,16
"TATAGCGCACGTTATC-1",4,16
"TATAGGGTACTCATGA-1",4,16
"TATATCAAAGTGATCT-1",5,10
"TATATCATTGATCAGT-1",7,7
"TATATCCCTGGGAGGA-1",4,16
"TATATGCTGGGTTGCC-1",7,13
"TATATTACAAATGTCG-1",7,16
"TATCAAAGGTCTGTAA-1",7,7
"TATCACCCAACCGACC-1",4,16
"TATCACTTCGAGTAAC-1",4,16
"TATCAGTGGCGTAGTC-1",8,10
"TATCCAATTGGTTATC-1",3,8
"TATCCATATCATGCGA-1",8,5
"TATCCCTCGATCTGCA-1",5,12
"TATCCGCACCGTCGGG-1",2,14
"TATCCTATCAACTGGT-1",5,12
"TATCCTGCATGGGAAT-1",8,5
"TATCGATGATTAAACG-1",5,3
"TATCTACAGAGGTAAT-1",8,16
"TATCTACCACAGCGGG-1",2,14
"TATCTAGCCTAAAGGA-1",4,16
"TATCTTGCAATACAAC-1",5,5
"TATGAAGAATTAAGGT-1",5,9
"TATGAAGACAGGTGCG-1",7,16
"TATGACCTTGCGCTGG-1",4,16
"TATGATCCGGCACGCC-1",7,7
"TATGATCTTCTCTTTA-1",5,3
"TATGATTCTGCTTGGT-1",7,7
"TATGCTCCCTACTTAC-1",3,8
"TATGGAGTTTCTCGTT-1",7,7
"TATGGATGTGCTACGC-1",5,3
"TATGGCAGACTTTCGA-1",9,11
"TATGGCCCGGCCTCGC-1",4,16
"TATGGGACCGAGCAGG-1",3,8
"TATGGGTACGTATCGT-1",3,8
"TATGGTCTGAGTAACA-1",3,8
"TATGGTTAGTGGGAGA-1",7,12
"TATGTAAAGTGCTTAA-1",5,12
"TATGTCTCATTGTGCC-1",3,8
"TATTAACACCAAAGCA-1",8,5
"TATTACCATCCTGCTT-1",4,16
"TATTATGTTTGCCTGC-1",5,5
"TATTCAATTCTAATCC-1",3,8
"TATTCCACTCAGCTCG-1",1,1
"TATTCCGAGCTGTTAT-1",5,3
"TATTCCTCCGCCCACT-1",5,3
"TATTCGTGCCAGAATA-1",2,2
"TATTGACATTTCTGCC-1",9,13
"TATTTAGTCTAGATCG-1",5,3
"TATTTGTTACCCTTTA-1",8,5
"TCAAACAACCGCGTCG-1",3,8
"TCAAACTTAGATTGTT-1",2,14
"TCAAAGAGCTATCTGT-1",4,16
"TCAAATTGTTGTGCCG-1",7,12
"TCAAATTTGAGACTCA-1",2,14
"TCAACAAAGATAATTC-1",5,3
"TCAACACATTGGGTAA-1",4,16
"TCAACATAGCGCCCTA-1",2,14
"TCAACATCGACCGAGA-1",8,16
"TCAACCATGTTCGGGC-1",5,3
"TCAACGAGGAGACAAA-1",2,2
"TCAACGCAGGAAATAA-1",5,3
"TCAACGCGACCGGCAG-1",8,5
"TCAACTAACGTATAAC-1",9,13
"TCAACTGCAGAGTCAG-1",4,16
"TCAAGAAATACTAGCT-1",7,7
"TCAAGGTTACTACACC-1",4,4
"TCAATACAATTGCTGC-1",7,7
"TCAATACGCCGTCATG-1",7,12
"TCACAAACCGAGGTAC-1",5,3
"TCACAGATCCTCAAAC-1",9,15
"TCACAGCAAACTCGAA-1",2,14
"TCACAGGAGAATAAGA-1",1,1
"TCACAGGGAATCGCAA-1",3,3
"TCACAGGTTATTGGGC-1",5,3
"TCACATCTTATCTGAT-1",7,16
"TCACCCTCTTAAGATT-1",1,14
"TCACCGCTCGGCACTC-1",4,16
"TCACGATGTCCGTGGA-1",5,3
"TCACGCATTGTAGATC-1",5,3
"TCACGGTCATCGCACA-1",8,5
"TCACGTGCCCGATTCA-1",2,2
"TCACTATCGTGCAATC-1",7,7
"TCACTCAGCGCATTAG-1",7,10
"TCACTCGTGCAACGGC-1",8,5
"TCACTCTTCGTCTGTC-1",9,13
"TCAGAACCTCCACAGG-1",4,16
"TCAGAACGGCGGTAAT-1",5,12
"TCAGACGCTATAGAAG-1",3,8
"TCAGAGGACGCGTTAG-1",5,12
"TCAGCAAATGCATCTC-1",3,2
"TCAGCAGTAGGCCCTG-1",5,3
"TCAGCCAATCCGTAAA-1",4,16
"TCAGCGCACGCCGTTT-1",5,12
"TCAGGGCGACTTCCTT-1",7,7
"TCAGGGCGCAAACTCG-1",7,7
"TCAGGGTGTAACGTAA-1",2,2
"TCAGGTTCTTTGAGAA-1",8,5
"TCAGTACTGACCCGCG-1",4,16
"TCAGTAGGGACTATAA-1",1,1
"TCAGTGTATACGTCAT-1",3,2
"TCATACTTACAGATCC-1",7,16
"TCATATGAGCTTTGTT-1",7,12
"TCATCACTCGAGCTCG-1",7,16
"TCATCCTCAGCTGCTT-1",5,3
"TCATCGACGACCGTCG-1",5,12
"TCATCGATGGTCCCAA-1",3,3
"TCATTTAAGTCTCCGA-1",4,5
"TCATTTAGAAGTGTGA-1",7,7
"TCCAACTCAGCTATCT-1",5,3
"TCCAACTTTAAATTCT-1",5,3
"TCCAAGCCTAGACACA-1",7,12
"TCCAATAAAGGCTACC-1",5,12
"TCCACAATGGTTTACG-1",8,5
"TCCACATCGTATATTG-1",7,12
"TCCACCTCTAGCCTTT-1",2,14
"TCCACTTTATCTAGGT-1",3,8
"TCCAGAGCACCGGTTC-1",3,8
"TCCAGATGTACGCCAA-1",7,7
"TCCAGGCAGGACGATC-1",5,12
"TCCAGGCGAGTACGGT-1",3,8
"TCCAGGGTATATACGA-1",2,14
"TCCATTAGTTGGATAG-1",7,7
"TCCCAAACAGACAACG-1",7,7
"TCCCAAAGACGAAGGA-1",3,8
"TCCCAAAGCCCTAAAT-1",9,13
"TCCCACTCTCTTCCGG-1",9,13
"TCCCAGCTTTAGTCTG-1",3,8
"TCCCAGGCTTAGCTAA-1",5,3
"TCCCGCCTATGTGCGT-1",9,13
"TCCCGCGTACTCCTGG-1",1,14
"TCCCGGGTGTGCTGCT-1",8,5
"TCCCGGTCAGGAATTT-1",7,7
"TCCCGTCGCGTCATAG-1",7,12
"TCCCGTGTGCAATTTG-1",5,3
"TCCCTAGATCAATAGG-1",7,7
"TCCCTCCGAAATCGTT-1",9,13
"TCCCTGGCGTATTAAC-1",5,5
"TCCCTGGCTCGCTGGA-1",4,16
"TCCGAACTTGGCTTAC-1",4,16
"TCCGAAGTAGTCACCA-1",7,7
"TCCGAATGGTCCTGAG-1",7,7
"TCCGACCGCTAATCAA-1",5,12
"TCCGAGAAGGCTAAGC-1",7,12
"TCCGATGGTGCGACAT-1",5,3
"TCCGATTACATTGCCG-1",8,5
"TCCGCAGCCACCTAGC-1",6,6
"TCCGCCTGTCTACAAG-1",3,8
"TCCGCGGCAGCATCTG-1",5,3
"TCCGCGGCCCAATGAA-1",4,16
"TCCGCTGTCATCCCGG-1",5,3
"TCCGCTTATCCCATTA-1",2,2
"TCCGGAGGAAGGGCTG-1",7,7
"TCCGGCCTAGCGTACA-1",4,16
"TCCGGGCTTGACGGGA-1",5,3
"TCCGGTTCGTCCGGTC-1",1,1
"TCCGTAACCACAATCC-1",7,12
"TCCGTTAAGCTAATAT-1",4,16
"TCCGTTTAGCCTTGAA-1",8,5
"TCCTAAAGATTCAGAC-1",7,12
"TCCTAAATTGGGAAGC-1",2,2
"TCCTACATCCACGGCC-1",5,3
"TCCTAGCAAAGAAGCT-1",5,3
"TCCTCCTAAGACATTC-1",8,5
"TCCTCGGGCTGGGCTT-1",3,8
"TCCTCTACGAGATGGC-1",4,16
"TCCTCTCCAGTTGTCC-1",4,16
"TCCTGCGTTGATACTC-1",8,5
"TCCTGGCGCTGCCTGG-1",4,2
"TCCTTACGACGGTCCG-1",4,16
"TCCTTCAATCCCTACG-1",4,16
"TCCTTGTCCTTTAATT-1",7,12
"TCCTTTAAATCCGCTT-1",8,3
"TCCTTTCTTACGCTTA-1",2,2
"TCGAAATTTAGGACCA-1",8,5
"TCGAAGAACCGAGCAC-1",4,4
"TCGAATATCCCGCAGG-1",3,8
"TCGAATCGCAGGGTAG-1",5,10
"TCGACAACTGAACCCG-1",5,5
"TCGAGACCAACACCGT-1",3,8
"TCGAGCCAGGCAGGCC-1",3,8
"TCGAGTCTACGATTCG-1",9,13
"TCGATAGGCTAGTCGC-1",4,16
"TCGATTTACGAAACGA-1",5,12
"TCGCAAAGATGCATTT-1",3,8
"TCGCACCAGGAGGCAG-1",3,3
"TCGCATCCCTAAGTGT-1",7,16
"TCGCATTCAATGACTT-1",4,4
"TCGCCCACTGCGAGAG-1",7,7
"TCGCCGAAGTTGCGTC-1",5,3
"TCGCCGACATATTCGC-1",5,3
"TCGCCGCACCGCGTGA-1",4,16
"TCGCCGGATGGGCAAG-1",7,7
"TCGCCGGTCGATCCGT-1",3,3
"TCGCCTCCTTCGGCTC-1",5,3
"TCGCCTCGACCTGTTG-1",6,6
"TCGCGTCCAGAAGGTC-1",4,16
"TCGCTACTGGCTTTGA-1",7,12
"TCGCTCGATATATTCC-1",2,2
"TCGCTCGGCACCAGCG-1",7,7
"TCGCTGCCAATGCTGT-1",7,12
"TCGCTGGGCGGATTGT-1",3,8
"TCGCTGTGCGTAAATC-1",4,16
"TCGGAATGCGCTCTGA-1",4,16
"TCGGACGCCCAGCCCA-1",3,8
"TCGGAGAGTATCGGGA-1",8,5
"TCGGAGTACATGAGTA-1",3,8
"TCGGCGAACCCAAACC-1",7,16
"TCGGCGTACTGCACAA-1",8,5
"TCGGCTTGTATCGACG-1",8,16
"TCGGGAACGTGCCTAG-1",7,7
"TCGGGAGACAGCGTAC-1",2,14
"TCGGGATTCAAACATA-1",4,16
"TCGGGCACTTCTGGAT-1",8,9
"TCGGGCCGTCGTGGTA-1",5,9
"TCGGGTGAAACTGCTA-1",8,5
"TCGGTCCCGACAATAG-1",5,3
"TCGGTGACCGCTCCGG-1",7,7
"TCGTAAGACGACATTG-1",3,8
"TCGTAAGCTCCGAGGA-1",7,16
"TCGTACCGACGTCAAG-1",5,12
"TCGTATAGTGCAATTA-1",8,5
"TCGTATTACCCATTGC-1",8,16
"TCGTCAAGTACGCGCA-1",2,14
"TCGTCACACTGTTAGC-1",7,16
"TCGTCCGCTGGCGTCT-1",4,16
"TCGTCTTAGGCGTTAA-1",5,3
"TCGTGTCACGCTGACA-1",8,5
"TCGTGTTCGACCACAA-1",4,16
"TCGTTAGGAGTCCCTA-1",1,1
"TCGTTGACAGGGTCCC-1",7,7
"TCGTTGCTATCCGGTC-1",2,14
"TCGTTGGCTCGTCAAT-1",7,7
"TCGTTTACGCGACCCT-1",5,3
"TCTAAAGAACAGTCTC-1",8,5
"TCTAACTGTATGTAAA-1",7,7
"TCTAATACTGCCTCAG-1",5,3
"TCTACCCAATAGAGAG-1",4,16
"TCTACCGTCCACAAGC-1",2,14
"TCTAGCAATCTCCGCC-1",8,5
"TCTAGCATCTTCGATG-1",8,5
"TCTAGCATGCCCAGAA-1",2,14
"TCTAGGTGGCGACGCT-1",4,16
"TCTAGTGATATCGTGG-1",4,4
"TCTAGTTATCAGAAGA-1",3,3
"TCTATCATGCAGTTAC-1",4,16
"TCTATCCGATTGCACA-1",5,12
"TCTATGCTATAACGAC-1",5,3
"TCTATTACGCTGGCGA-1",7,16
"TCTATTACTAGAGGAT-1",4,16
"TCTCAAATCAATCGGG-1",5,3
"TCTCATGAGATAGGGT-1",5,3
"TCTCCACAAGTTGAAT-1",5,3
"TCTCCCTGGGCAGCGT-1",3,2
"TCTCGACGTATCGCCG-1",7,7
"TCTCGAGGAGGTTCGC-1",7,7
"TCTCGGCTCCAGGACT-1",7,7
"TCTCGTGTTACGAGGA-1",4,16
"TCTCTAATAGCTGGTA-1",5,3
"TCTCTTACCGCGAACC-1",5,12
"TCTGAACCGGTCGGCT-1",4,16
"TCTGAACTCGTACCCG-1",4,16
"TCTGAAGCACGTGGTC-1",5,3
"TCTGAATTCCGTACAA-1",4,16
"TCTGACGGGCTAACCC-1",9,13
"TCTGACTGTAATGGTT-1",6,13
"TCTGAGCAATTGACTG-1",7,7
"TCTGATCGGGTGCTAG-1",7,7
"TCTGATGTATTCTGTC-1",5,3
"TCTGCAGATTCGAGTC-1",7,7
"TCTGCATACCTTGCTT-1",4,16
"TCTGCCAGAAACTGCA-1",3,8
"TCTGCGTCCGGTTTCT-1",7,7
"TCTGGCCGTTCAAGTT-1",3,10
"TCTGGCGCAAGCCGGG-1",7,7
"TCTGGGAACCTTTGAA-1",4,16
"TCTGGGTAGCGCTCAT-1",5,3
"TCTGTCATACAAGAGC-1",4,16
"TCTGTGACTGACCGTT-1",9,11
"TCTGTGCCATCATAGT-1",3,8
"TCTGTGGCTACATTTC-1",4,1
"TCTGTTACCCAGCATA-1",3,8
"TCTTACAGAGGTACCG-1",4,16
"TCTTACGGCATCCGAC-1",4,16
"TCTTACTTATGCCTCT-1",4,16
"TCTTAGAGCTCCAATT-1",7,13
"TCTTAGAGTGAACTCT-1",4,4
"TCTTATGGGTAGTACC-1",4,16
"TCTTCCCATGGGCACA-1",4,16
"TCTTCGAATAGACGTT-1",3,8
"TCTTCGATACCAATAA-1",1,14
"TCTTCTATAACCCGCC-1",7,7
"TCTTGATGCGTAGCGA-1",2,14
"TCTTGCTCCCGATACT-1",7,12
"TCTTTAAGACTATGAA-1",4,16
"TCTTTAGAGTCTAACA-1",7,7
"TCTTTAGCAGGCGAAC-1",7,13
"TGAAACCTCAACTCAC-1",9,11
"TGAAAGGACCTGACTC-1",5,3
"TGAACAAGCAGGGACT-1",5,12
"TGAACACCCGAAGCAG-1",6,6
"TGAACTGCTATGACTT-1",4,16
"TGAAGAGCGGTCCTAG-1",7,12
"TGAAGTAGCTTACGGA-1",6,15
"TGAATACCGACGCGTA-1",3,8
"TGAATATGCTATAAAC-1",7,7
"TGAATGAGTGTTTCCC-1",5,12
"TGAATGTCAGCCGGCC-1",7,7
"TGAATTTCACTTGCCT-1",4,16
"TGACACTTCTCTTTGC-1",4,16
"TGACAGGACAAGTCCA-1",8,16
"TGACATATATGACGAT-1",7,16
"TGACATCGAGCGGACC-1",4,16
"TGACATGTAACGTGAC-1",7,12
"TGACCAAATCTTAAAC-1",7,12
"TGACCCAACTCACATT-1",9,7
"TGACCCACGTTAGACA-1",5,3
"TGACGAATATTTCCCT-1",8,5
"TGACGATGCACTAGAA-1",4,4
"TGACTATAATCCTTTC-1",2,2
"TGAGAATGCTTTACCG-1",8,5
"TGAGACGTACCTCTCA-1",4,16
"TGAGAGATTTACCACG-1",4,9
"TGAGATTAGGCCCTAA-1",4,10
"TGAGCAGTCGTGAAGT-1",7,7
"TGAGCCATACAGTCTC-1",5,3
"TGAGCGGAAAGTGTTC-1",2,14
"TGAGGAGTGCCAGCTT-1",2,14
"TGAGGCATGTACTGTG-1",8,16
"TGAGGTGTGTGGCGGA-1",5,12
"TGAGTAAATTAGCGTA-1",1,1
"TGAGTGCCTCTTAAAT-1",3,3
"TGAGTGGTCCGTGACG-1",8,5
"TGAGTTAAAGACATTC-1",7,7
"TGATACATTTAGCCGT-1",2,14
"TGATAGCGGGATTCTA-1",7,7
"TGATCACCACACTGAC-1",5,12
"TGATCAGGGAACTGCT-1",8,5
"TGATCGGTTTGACCCT-1",5,3
"TGATCTACGCTGATCT-1",4,10
"TGATCTATCACACTCT-1",5,3
"TGATCTCCGGCGCCAG-1",5,3
"TGATGGCTGTTTCTGA-1",7,12
"TGATGGGACTAAGTCA-1",6,6
"TGATGTCAATTAAGTG-1",4,16
"TGATTATGGCACGCAG-1",7,7
"TGATTCAGGTCCCGCG-1",4,16
"TGATTCCCGGTTACCT-1",5,12
"TGATTCGTCTATCACT-1",8,5
"TGATTCTGTCGCCGGT-1",3,8
"TGATTTATTAGCTGTG-1",8,5
"TGATTTCCTCCTGACG-1",4,16
"TGCAAACCCACATCAA-1",6,6
"TGCAAAGTTCGTCTGT-1",5,12
"TGCAACCCATCTGCGG-1",5,3
"TGCAACTACTGGTTGA-1",5,3
"TGCAAGAATGACGTAA-1",3,8
"TGCAATCTAACACGGT-1",5,3
"TGCACAGTGAAGTTAT-1",4,16
"TGCACTATGTGAGTGC-1",7,7
"TGCAGAACTATATCGT-1",8,5
"TGCAGAGTACCGAGCA-1",5,3
"TGCAGATCGTCCTAGG-1",8,16
"TGCAGCTACGTACTTC-1",4,16
"TGCAGTTTCCTCCCAT-1",4,9
"TGCATATGTCTGTCAC-1",5,3
"TGCATGAGTAGATTCG-1",6,6
"TGCATGTGACCCATAG-1",5,12
"TGCATGTGGTAATCTA-1",5,3
"TGCCAAAGTCAGACTT-1",8,5
"TGCCAATGGGTACTCT-1",1,1
"TGCCACACTAGAGGAA-1",4,16
"TGCCAGTACGTGGAGA-1",3,8
"TGCCCGATAGTTAGAA-1",5,12
"TGCCCGTACCGTTAAA-1",3,8
"TGCCGAAAGCGTATTC-1",9,13
"TGCCGATGTCATCAAT-1",6,6
"TGCCGTGGATCGTCCT-1",1,14
"TGCCGTGGGACCCAAT-1",7,12
"TGCCTAATTGAAGATT-1",4,16
"TGCCTGACATCGGTCA-1",7,7
"TGCCTTGGCCAGGCAA-1",5,3
"TGCGAATATGGGATTT-1",4,16
"TGCGACACCCTAGTGC-1",3,8
"TGCGACGGCCGAACGT-1",5,10
"TGCGAGAAACGTTACG-1",6,6
"TGCGAGAATATTACCC-1",3,8
"TGCGAGCCCTTCCGCG-1",4,16
"TGCGATGCTAATGGCT-1",7,12
"TGCGCAAAGCATTTGG-1",1,14
"TGCGCGATTAACGGAG-1",8,5
"TGCGGACTTGACTCCG-1",7,12
"TGCGGCATAGTTCAAC-1",8,5
"TGCGTAAGAACCTGAT-1",5,3
"TGCGTACGGCTAATTG-1",5,9
"TGCGTCATGACTGAGC-1",5,3
"TGCGTGATTGGGTGTC-1",9,13
"TGCGTTTGTTGACACT-1",3,8
"TGCTAAGTGTCTATTT-1",8,5
"TGCTATACAAACGGAC-1",8,5
"TGCTCCACAGTTCTTA-1",4,16
"TGCTCGGCGAAACCCA-1",2,14
"TGCTCGGTGGGTCACC-1",7,12
"TGCTCTTGAGAGTTTG-1",2,14
"TGCTGGTTGGACAATT-1",4,16
"TGCTGTTGAAGAACTC-1",2,14
"TGCTTCCCAAGCAGTA-1",1,1
"TGCTTGAAACCATGCA-1",9,13
"TGGAAACGGAGTGAAC-1",6,6
"TGGAACCACTGACACA-1",4,16
"TGGAAGAAGGGAACGT-1",5,3
"TGGAAGACGAACACCA-1",4,16
"TGGAATATCCTTGACC-1",7,7
"TGGAATTAGACGCTTT-1",7,12
"TGGACACCGTTGCTTG-1",7,12
"TGGACCAATCTAAGAT-1",3,8
"TGGACCACGGCGTTGA-1",6,6
"TGGACGTAGGCGAATC-1",6,6
"TGGACTGTTCGCTCAA-1",3,8
"TGGAGAATAATCGTCC-1",5,12
"TGGAGTGATGCGATGA-1",8,5
"TGGATAGAGTAACAGA-1",9,15
"TGGCAAACTAAATTAC-1",3,8
"TGGCAAGCACAAGTCG-1",5,12
"TGGCAATGGGACGGCG-1",7,7
"TGGCAGATTACGATCA-1",2,14
"TGGCAGCAGTAATAGT-1",2,2
"TGGCATGAAGTTTGGG-1",5,3
"TGGCCAAACTGAAGTA-1",3,8
"TGGCCAATTTGGTACT-1",8,5
"TGGCCGTATATTGACC-1",4,16
"TGGCGATCAAGTTATG-1",1,1
"TGGCGGTGTGCGATTG-1",4,16
"TGGCTACACTCTACCT-1",4,16
"TGGCTATGTGACATAC-1",3,8
"TGGCTCTTGTCGCGTA-1",4,16
"TGGCTTATGTATAATG-1",4,16
"TGGCTTGTACAAGCTT-1",7,7
"TGGCTTTGGGTAGACA-1",8,5
"TGGGAAATGCCTTTCC-1",4,16
"TGGGATGCACTCATTC-1",4,16
"TGGGCAATAGTTGGGT-1",7,7
"TGGGCACAAACAGAAC-1",4,16
"TGGGCCCATACTAATT-1",5,3
"TGGGCCTTGCCTGCAT-1",6,6
"TGGGCGATACAATAAG-1",7,12
"TGGGTGCACAAGCCAT-1",5,12
"TGGGTGTAATAGATTT-1",5,9
"TGGGTGTTAAGTAGAA-1",7,12
"TGGTAAGCAGGATTGA-1",4,16
"TGGTAGAATATATGGG-1",4,16
"TGGTCCCACGCTACGG-1",3,8
"TGGTCGTGCAAGGCAA-1",4,16
"TGGTCTAGCTTACATG-1",7,13
"TGGTCTGTTGGGCGTA-1",8,5
"TGGTGATCGTATTTGT-1",7,7
"TGGTGCCCTGCCTTAC-1",5,10
"TGGTTAAGGGCGCTGG-1",7,7
"TGGTTCAACGGGTAAT-1",3,8
"TGGTTCGTAGCAAAGG-1",5,3
"TGGTTTAAACGTGGGT-1",7,7
"TGTAACTTGTCAACCT-1",9,13
"TGTAATGACCACAATA-1",4,4
"TGTACCTACACGAGGG-1",5,3
"TGTACGAACAAATCCG-1",3,2
"TGTACTGTGCCAAAGT-1",7,12
"TGTAGCCAATTCCGTT-1",5,12
"TGTAGGAGAAATTTCC-1",5,5
"TGTAGTGATCTATAAT-1",8,5
"TGTATAACAGATCCTG-1",5,3
"TGTATCCTTATTCCAT-1",4,16
"TGTATGGCGCAGACAG-1",4,16
"TGTCATTTGTTGGGAA-1",7,7
"TGTCCACGGCTCAACT-1",4,16
"TGTCCCGACATAGCAC-1",8,5
"TGTCCGCAAACAATTC-1",5,10
"TGTCCGTGGCGCCTTT-1",7,13
"TGTCCTAAGTCACCGC-1",4,16
"TGTCGGCATGGTGGAA-1",7,7
"TGTCGTGGGTATAGGC-1",7,12
"TGTCTACAGTTTCTGT-1",8,5
"TGTGAGACTAGCCCAA-1",2,14
"TGTGCCAGAGGCAAAG-1",4,16
"TGTGCCGGTGCCGGAA-1",4,16
"TGTGCTTTACGTAAGA-1",4,16
"TGTGGCAAAGCGTATG-1",8,5
"TGTGGCGGGCTTCTGG-1",7,12
"TGTGGCTCCCACCAAC-1",7,7
"TGTGGTTGCTAAAGCT-1",5,12
"TGTGTCGAAGTCGAGG-1",4,16
"TGTGTCGCGAGTTGCA-1",4,16
"TGTGTGACCATGAATC-1",4,16
"TGTGTTCGTATCCAAG-1",4,16
"TGTTATTGTATGTGGC-1",5,3
"TGTTCATAAATGTGCT-1",7,7
"TGTTCCGCTTCCATGA-1",5,3
"TGTTCCGGCCTGAGCT-1",7,12
"TGTTCGTATTGCGGTG-1",2,14
"TGTTCTTCCATTGACT-1",8,5
"TGTTTCGGTACTTCTC-1",5,10
"TGTTTGAGATCGTCAG-1",7,7
"TTAAACAGAGTCCCGC-1",7,7
"TTAAACCGGTAGCGAC-1",8,5
"TTAAACCTGGTTCCTT-1",7,7
"TTAAACTCGAATTCAT-1",4,16
"TTAAAGGCGATGCTCG-1",5,12
"TTAAAGTAAGTCGCCA-1",5,2
"TTAACACCTCGAACAT-1",7,16
"TTAACCAACCCTCCCT-1",5,3
"TTAACGAACAAGCAGT-1",7,7
"TTAACGTCGCAAGACC-1",8,5
"TTAACGTTAAAGCCTG-1",7,7
"TTAACTCACGCGTGGA-1",7,7
"TTAACTTCAGGTAGGA-1",8,5
"TTAAGATAGGATTGAC-1",4,16
"TTAAGCGCCTGACCCA-1",8,5
"TTAAGGATACGGAGGT-1",4,16
"TTAAGGCCCGTACTTT-1",3,10
"TTAAGTATTGTTATCC-1",5,3
"TTAATGTAGACCAGGT-1",2,14
"TTAATGTGTTTGCAGG-1",6,6
"TTAATTGCTTTGGGTG-1",3,8
"TTACAACTACGCATCC-1",5,3
"TTACACGATCTGCGAC-1",4,16
"TTACAGACCTAAATGA-1",4,16
"TTACATCGTGGCCTGG-1",4,16
"TTACATGCCACAACTA-1",4,13
"TTACCATTGATTACCC-1",4,16
"TTACCCTAACAGTCCT-1",7,16
"TTACCCTAGGGATTGG-1",2,14
"TTACCGCCTTAGGGAA-1",7,13
"TTACGGATGGTTCGAG-1",4,16
"TTACGGTGTCACCGAG-1",7,7
"TTACTAAAGGACTTTA-1",3,8
"TTACTATCGGCTTCTC-1",4,16
"TTACTCCGGCCGGGAA-1",5,3
"TTACTCTGGTACGTAC-1",8,5
"TTACTGGGATATTTCA-1",2,2
"TTACTGTCTAGAGCTC-1",7,7
"TTAGAAGAACATGACT-1",2,14
"TTAGACGAGTCACCTC-1",3,8
"TTAGAGGGATATACAG-1",4,16
"TTAGAGTTTAGAAGGA-1",5,3
"TTAGATAGGTCGATAC-1",7,7
"TTAGCAACATGGATGT-1",7,16
"TTAGCTAATACGATCT-1",4,16
"TTAGCTCTGTAATCCG-1",9,13
"TTAGCTGATTTGCCGT-1",4,16
"TTAGGTCATAACCGAC-1",2,2
"TTAGTAAACCTGCTCT-1",5,3
"TTAGTAGGGCGGCGGG-1",4,16
"TTAGTTATTCGTGGCA-1",8,5
"TTAGTTCAAGTGTTCG-1",7,7
"TTATAGATGCACATTA-1",8,10
"TTATAGGTAATTGTCT-1",2,2
"TTATATACGCTGTCAC-1",3,8
"TTATATTTGGCAATCC-1",2,2
"TTATCATACTCGCAAA-1",9,15
"TTATCCAATCGAACTC-1",7,16
"TTATCCGGGATCTATA-1",5,3
"TTATCCTCAAGGAATA-1",8,5
"TTATCGCCTGCGAAGC-1",7,7
"TTATCTGACATTAGGA-1",4,16
"TTATCTGTATCATAAC-1",3,8
"TTATGAATGAAAGGGA-1",2,14
"TTATGACAAACTGGAT-1",4,16
"TTATGATCTTAACGAA-1",5,3
"TTATGCGTCCCGGTCC-1",4,1
"TTATGTTTGCGATAGA-1",7,11
"TTATTAGAGCGTGTTC-1",3,8
"TTATTAGGGAAGCATC-1",8,5
"TTATTTCATCCCAAAC-1",6,6
"TTCAAAGTCTCTAGCC-1",3,8
"TTCAACGACCCGACCG-1",8,5
"TTCAATACTCTGAATC-1",5,9
"TTCACGAAAGGATCAC-1",3,8
"TTCACTCGAGCACCTA-1",2,2
"TTCACTTCCTAGAACG-1",5,12
"TTCAGAGTAACCTGAC-1",9,13
"TTCAGCCCTGGTCCAC-1",5,3
"TTCAGCTGGCGTGCCC-1",4,16
"TTCAGGCGTCAAAGCC-1",4,16
"TTCAGTTCAAGAGGAG-1",5,10
"TTCAGTTTGTGGCAGC-1",7,7
"TTCATAGCCTTGTAAC-1",6,15
"TTCCAATCAGAGCTAG-1",4,16
"TTCCAATCTGGCTATC-1",2,2
"TTCCACACAGATTTGA-1",2,2
"TTCCAGACGAGATTTA-1",7,7
"TTCCAGTGGGTTTCGT-1",5,12
"TTCCATCATGCGGTGA-1",4,16
"TTCCATCGACAGCGTG-1",4,16
"TTCCCGGCGCCAATAG-1",4,16
"TTCCGCAGAGAAATAT-1",4,16
"TTCCGCGTGAGGCGAT-1",2,14
"TTCCGGCCTTGAGGCT-1",2,14
"TTCCGGTATCTGTGTC-1",7,7
"TTCCGGTTACCCACTT-1",5,3
"TTCCTCGAGGGTGTCT-1",8,5
"TTCCTCGGACTAACCA-1",5,3
"TTCCTCTGCCCGAATA-1",4,16
"TTCCTTTCTGTGTTGC-1",7,7
"TTCGAACGAAACATGC-1",5,12
"TTCGACAGAGCCCGTG-1",2,2
"TTCGACGGGAAGGGCG-1",8,5
"TTCGCACTCGCGTGCT-1",8,5
"TTCGCACTGTACGACA-1",1,1
"TTCGCATCCGGAAGCA-1",9,13
"TTCGCGCGCCATACGA-1",1,1
"TTCGCTAGGAAGTTGT-1",7,7
"TTCGCTATCTGACGTG-1",4,16
"TTCGGCTAGAGATGGT-1",7,7
"TTCGGGACTAATCGCG-1",3,8
"TTCGGGCGCTAGTCTT-1",3,2
"TTCGGTACTGTAGAGG-1",7,12
"TTCGTACTCCAGAACG-1",4,16
"TTCGTTCAACGAAGTT-1",7,7
"TTCTAACCGAAGCTTA-1",5,16
"TTCTACTTGCGAGGGC-1",4,16
"TTCTAGAAAGTCTTAT-1",5,12
"TTCTAGGCCAATTGTG-1",8,5
"TTCTATGCCTTTCGCA-1",7,7
"TTCTATTAAACGCAGC-1",5,12
"TTCTGACCGGGCTCAA-1",5,3
"TTCTGCCGCGCCTAGA-1",2,2
"TTCTGCGAGCGCCCTT-1",4,16
"TTCTGCGGGTTAGCGG-1",3,3
"TTCTGCTAGACTCCAA-1",4,16
"TTCTGTTTCCTGTCGC-1",7,12
"TTCTTAGTGAACGGTG-1",4,16
"TTCTTATCCGCTGGGT-1",4,16
"TTCTTGAGCCGCGCTA-1",3,8
"TTCTTGCTAGCATCTC-1",7,7
"TTCTTGGACGATCTGC-1",3,3
"TTCTTGTAACCTAATG-1",4,16
"TTCTTGTGTCCATCAG-1",7,7
"TTCTTTGGTCGCGACG-1",4,4
"TTGAAAGGTGTAAAGG-1",4,16
"TTGAACGAATCCTTTG-1",7,7
"TTGAACGACGTGCTGA-1",5,3
"TTGAAGAATTCCCAGG-1",5,3
"TTGAATATGGACTTTC-1",3,8
"TTGAATCGTTGTATAA-1",4,16
"TTGAATTCACGTGAGG-1",4,16
"TTGACAGGAGCTCCCG-1",4,4
"TTGACATGAACGTGGA-1",5,3
"TTGACCAGGAACAACT-1",3,8
"TTGACCGTGTTAATGA-1",3,3
"TTGACGATTCAGCACG-1",4,16
"TTGACGCTCCATGAGC-1",4,16
"TTGACTACCATATGGT-1",5,3
"TTGACTATTGTCCGGC-1",7,7
"TTGAGAAGTTTAGCAT-1",5,3
"TTGAGAGTACTGCTAA-1",5,3
"TTGAGCAGCCCACGGT-1",7,7
"TTGAGCGCCACGTGAT-1",7,7
"TTGAGTCCCGCTGCTG-1",9,7
"TTGATAGTCAATACAT-1",7,7
"TTGATCTAACTTTGTC-1",8,5
"TTGATGCCGCTCGTCG-1",5,10
"TTGATTAGCTGTTTCT-1",5,3
"TTGATTATGCAGATGA-1",4,16
"TTGCAAGAAGACTCCT-1",7,12
"TTGCACAATTCAGAAA-1",2,2
"TTGCACGGAGCAGCAC-1",5,3
"TTGCATGCTGATCACG-1",5,3
"TTGCCAAGCAGAACCC-1",7,7
"TTGCCATAGCCCGCTC-1",5,3
"TTGCCCTGATCACGGG-1",8,5
"TTGCCGCTTTCTAGTA-1",3,8
"TTGCCGGTGATCCCTC-1",4,16
"TTGCCTTCTCGCCGGG-1",5,9
"TTGCGCTCTCTCGCTT-1",7,13
"TTGCGCTTGATCAATA-1",5,9
"TTGCGGCATCAGAAAG-1",2,14
"TTGCGTAGTTTGAGGA-1",7,16
"TTGCGTCGGCCAACCG-1",2,2
"TTGCGTGAACGCTTAG-1",4,16
"TTGCGTGTGTAGGCAT-1",5,12
"TTGCTAGCTACCAATC-1",9,13
"TTGCTGAAGGAACCAC-1",5,3
"TTGCTGATCATGTTCG-1",3,8
"TTGCTGCACCTATCCA-1",7,7
"TTGGAAGAATACAGTC-1",5,3
"TTGGACATGTGGCTTA-1",8,5
"TTGGACCATCTGGCAA-1",4,4
"TTGGACCTATAACAGT-1",5,3
"TTGGAGTCTCCCTTCT-1",4,16
"TTGGATATCGTCTACG-1",2,14
"TTGGATTGGGTACCAC-1",8,5
"TTGGCCAAATTGTATC-1",5,12
"TTGGCCATCTTGCGCT-1",7,7
"TTGGCGATCCGAATAT-1",9,10
"TTGGCTCGCATGAGAC-1",4,16
"TTGGGAAGACGAGCCG-1",7,12
"TTGGGACACTGCCCGC-1",2,14
"TTGGGACGTAAGAGTT-1",7,7
"TTGGGCGGCGGTTGCC-1",3,8
"TTGGTATGGCTTGTGT-1",9,13
"TTGGTCACACTCGTAA-1",2,2
"TTGGTTGCGGTGCGCG-1",5,3
"TTGTAAGGACCTAAGT-1",5,3
"TTGTAAGGCCAGTTGG-1",5,3
"TTGTAATCCGTACTCG-1",3,8
"TTGTACACCTCGAACA-1",4,16
"TTGTCACCGCGGTATC-1",4,16
"TTGTCGTTCAGTTACC-1",5,3
"TTGTGAACCTAATCCG-1",5,3
"TTGTGAGGCATGACGC-1",4,16
"TTGTGCAGCCACGTCA-1",3,2
"TTGTGGCCCTGACAGT-1",5,3
"TTGTGGTAGGAGGGAT-1",5,3
"TTGTGGTGGTACTAAG-1",5,3
"TTGTGTATGCCACCAA-1",2,14
"TTGTGTTTCCCGAAAG-1",1,1
"TTGTTAGCAAATTCGA-1",8,5
"TTGTTCAGTGTGCTAC-1",3,8
"TTGTTGTGTGTCAAGA-1",3,8
"TTGTTTCACATCCAGG-1",2,14
"TTGTTTCATTAGTCTA-1",5,3
"TTGTTTCCATACAACT-1",8,5
"TTGTTTGTATTACACG-1",5,12
"TTGTTTGTGTAAATTC-1",4,16
