timestamp	k	seed	tol	L1	elapsed_min	nmf_input	projection_output	n_common_genes
2025-11-12T18:27:40Z	10	42	1e-5	0.1	0.11877110004425048	/zata/zippy/kresgeb/nmf_stuff/dlPFC/data/batched_nmf/nmf_k10_seed42_tol1e-05_L10.1.rds	/zata/zippy/kresgeb/nmf_stuff/dlPFC/data/batched_projection/proj_k10_seed42_tol1e-05_L10.1.rds	28907
2025-11-12T18:27:51Z	20	42	1e-5	0.1	0.1890528957049052	/zata/zippy/kresgeb/nmf_stuff/dlPFC/data/batched_nmf/nmf_k20_seed42_tol1e-05_L10.1.rds	/zata/zippy/kresgeb/nmf_stuff/dlPFC/data/batched_projection/proj_k20_seed42_tol1e-05_L10.1.rds	28907
2025-11-12T18:28:02Z	30	42	1e-5	0.1	0.18022441864013672	/zata/zippy/kresgeb/nmf_stuff/dlPFC/data/batched_nmf/nmf_k30_seed42_tol1e-05_L10.1.rds	/zata/zippy/kresgeb/nmf_stuff/dlPFC/data/batched_projection/proj_k30_seed42_tol1e-05_L10.1.rds	28907
2025-11-12T18:28:10Z	40	42	1e-5	0.1	0.1346257487932841	/zata/zippy/kresgeb/nmf_stuff/dlPFC/data/batched_nmf/nmf_k40_seed42_tol1e-05_L10.1.rds	/zata/zippy/kresgeb/nmf_stuff/dlPFC/data/batched_projection/proj_k40_seed42_tol1e-05_L10.1.rds	28907
2025-11-12T18:28:20Z	50	42	1e-5	0.1	0.16644663413365682	/zata/zippy/kresgeb/nmf_stuff/dlPFC/data/batched_nmf/nmf_k50_seed42_tol1e-05_L10.1.rds	/zata/zippy/kresgeb/nmf_stuff/dlPFC/data/batched_projection/proj_k50_seed42_tol1e-05_L10.1.rds	28907
2025-11-12T18:28:31Z	60	42	1e-5	0.1	0.18383334477742513	/zata/zippy/kresgeb/nmf_stuff/dlPFC/data/batched_nmf/nmf_k60_seed42_tol1e-05_L10.1.rds	/zata/zippy/kresgeb/nmf_stuff/dlPFC/data/batched_projection/proj_k60_seed42_tol1e-05_L10.1.rds	28907
2025-11-12T18:28:45Z	70	42	1e-5	0.1	0.22697405020395914	/zata/zippy/kresgeb/nmf_stuff/dlPFC/data/batched_nmf/nmf_k70_seed42_tol1e-05_L10.1.rds	/zata/zippy/kresgeb/nmf_stuff/dlPFC/data/batched_projection/proj_k70_seed42_tol1e-05_L10.1.rds	28907
2025-11-12T18:28:54Z	80	42	1e-5	0.1	0.15981054703394573	/zata/zippy/kresgeb/nmf_stuff/dlPFC/data/batched_nmf/nmf_k80_seed42_tol1e-05_L10.1.rds	/zata/zippy/kresgeb/nmf_stuff/dlPFC/data/batched_projection/proj_k80_seed42_tol1e-05_L10.1.rds	28907
2025-11-12T18:29:11Z	90	42	1e-5	0.1	0.2801402409871419	/zata/zippy/kresgeb/nmf_stuff/dlPFC/data/batched_nmf/nmf_k90_seed42_tol1e-05_L10.1.rds	/zata/zippy/kresgeb/nmf_stuff/dlPFC/data/batched_projection/proj_k90_seed42_tol1e-05_L10.1.rds	28907
2025-11-12T18:29:23Z	100	42	1e-5	0.1	0.20640844106674194	/zata/zippy/kresgeb/nmf_stuff/dlPFC/data/batched_nmf/nmf_k100_seed42_tol1e-05_L10.1.rds	/zata/zippy/kresgeb/nmf_stuff/dlPFC/data/batched_projection/proj_k100_seed42_tol1e-05_L10.1.rds	28907
2025-11-12T18:29:30Z	10	1029	1e-5	0.1	0.10315215587615967	/zata/zippy/kresgeb/nmf_stuff/dlPFC/data/batched_nmf/nmf_k10_seed1029_tol1e-05_L10.1.rds	/zata/zippy/kresgeb/nmf_stuff/dlPFC/data/batched_projection/proj_k10_seed1029_tol1e-05_L10.1.rds	28907
2025-11-12T18:29:36Z	20	1029	1e-5	0.1	0.10893556674321493	/zata/zippy/kresgeb/nmf_stuff/dlPFC/data/batched_nmf/nmf_k20_seed1029_tol1e-05_L10.1.rds	/zata/zippy/kresgeb/nmf_stuff/dlPFC/data/batched_projection/proj_k20_seed1029_tol1e-05_L10.1.rds	28907
2025-11-12T18:29:44Z	30	1029	1e-5	0.1	0.13336868286132814	/zata/zippy/kresgeb/nmf_stuff/dlPFC/data/batched_nmf/nmf_k30_seed1029_tol1e-05_L10.1.rds	/zata/zippy/kresgeb/nmf_stuff/dlPFC/data/batched_projection/proj_k30_seed1029_tol1e-05_L10.1.rds	28907
2025-11-12T18:29:54Z	40	1029	1e-5	0.1	0.167642343044281	/zata/zippy/kresgeb/nmf_stuff/dlPFC/data/batched_nmf/nmf_k40_seed1029_tol1e-05_L10.1.rds	/zata/zippy/kresgeb/nmf_stuff/dlPFC/data/batched_projection/proj_k40_seed1029_tol1e-05_L10.1.rds	28907
2025-11-12T18:30:02Z	50	1029	1e-5	0.1	0.13513481219609577	/zata/zippy/kresgeb/nmf_stuff/dlPFC/data/batched_nmf/nmf_k50_seed1029_tol1e-05_L10.1.rds	/zata/zippy/kresgeb/nmf_stuff/dlPFC/data/batched_projection/proj_k50_seed1029_tol1e-05_L10.1.rds	28907
2025-11-12T18:30:11Z	60	1029	1e-5	0.1	0.14884705940882365	/zata/zippy/kresgeb/nmf_stuff/dlPFC/data/batched_nmf/nmf_k60_seed1029_tol1e-05_L10.1.rds	/zata/zippy/kresgeb/nmf_stuff/dlPFC/data/batched_projection/proj_k60_seed1029_tol1e-05_L10.1.rds	28907
2025-11-12T18:30:20Z	70	1029	1e-5	0.1	0.14907730023066204	/zata/zippy/kresgeb/nmf_stuff/dlPFC/data/batched_nmf/nmf_k70_seed1029_tol1e-05_L10.1.rds	/zata/zippy/kresgeb/nmf_stuff/dlPFC/data/batched_projection/proj_k70_seed1029_tol1e-05_L10.1.rds	28907
2025-11-12T18:30:34Z	80	1029	1e-5	0.1	0.2332898696263631	/zata/zippy/kresgeb/nmf_stuff/dlPFC/data/batched_nmf/nmf_k80_seed1029_tol1e-05_L10.1.rds	/zata/zippy/kresgeb/nmf_stuff/dlPFC/data/batched_projection/proj_k80_seed1029_tol1e-05_L10.1.rds	28907
2025-11-12T18:30:48Z	90	1029	1e-5	0.1	0.2276684522628784	/zata/zippy/kresgeb/nmf_stuff/dlPFC/data/batched_nmf/nmf_k90_seed1029_tol1e-05_L10.1.rds	/zata/zippy/kresgeb/nmf_stuff/dlPFC/data/batched_projection/proj_k90_seed1029_tol1e-05_L10.1.rds	28907
2025-11-12T18:31:02Z	100	1029	1e-5	0.1	0.23336873451868692	/zata/zippy/kresgeb/nmf_stuff/dlPFC/data/batched_nmf/nmf_k100_seed1029_tol1e-05_L10.1.rds	/zata/zippy/kresgeb/nmf_stuff/dlPFC/data/batched_projection/proj_k100_seed1029_tol1e-05_L10.1.rds	28907
2025-11-12T18:31:10Z	10	31415	1e-5	0.1	0.12799983819325764	/zata/zippy/kresgeb/nmf_stuff/dlPFC/data/batched_nmf/nmf_k10_seed31415_tol1e-05_L10.1.rds	/zata/zippy/kresgeb/nmf_stuff/dlPFC/data/batched_projection/proj_k10_seed31415_tol1e-05_L10.1.rds	28907
2025-11-12T18:31:17Z	20	31415	1e-5	0.1	0.12828840414683024	/zata/zippy/kresgeb/nmf_stuff/dlPFC/data/batched_nmf/nmf_k20_seed31415_tol1e-05_L10.1.rds	/zata/zippy/kresgeb/nmf_stuff/dlPFC/data/batched_projection/proj_k20_seed31415_tol1e-05_L10.1.rds	28907
2025-11-12T18:31:26Z	30	31415	1e-5	0.1	0.14573708772659302	/zata/zippy/kresgeb/nmf_stuff/dlPFC/data/batched_nmf/nmf_k30_seed31415_tol1e-05_L10.1.rds	/zata/zippy/kresgeb/nmf_stuff/dlPFC/data/batched_projection/proj_k30_seed31415_tol1e-05_L10.1.rds	28907
2025-11-12T18:31:35Z	40	31415	1e-5	0.1	0.13965697288513185	/zata/zippy/kresgeb/nmf_stuff/dlPFC/data/batched_nmf/nmf_k40_seed31415_tol1e-05_L10.1.rds	/zata/zippy/kresgeb/nmf_stuff/dlPFC/data/batched_projection/proj_k40_seed31415_tol1e-05_L10.1.rds	28907
2025-11-12T18:31:45Z	50	31415	1e-5	0.1	0.17017388741175335	/zata/zippy/kresgeb/nmf_stuff/dlPFC/data/batched_nmf/nmf_k50_seed31415_tol1e-05_L10.1.rds	/zata/zippy/kresgeb/nmf_stuff/dlPFC/data/batched_projection/proj_k50_seed31415_tol1e-05_L10.1.rds	28907
2025-11-12T18:31:53Z	60	31415	1e-5	0.1	0.13563422362009683	/zata/zippy/kresgeb/nmf_stuff/dlPFC/data/batched_nmf/nmf_k60_seed31415_tol1e-05_L10.1.rds	/zata/zippy/kresgeb/nmf_stuff/dlPFC/data/batched_projection/proj_k60_seed31415_tol1e-05_L10.1.rds	28907
2025-11-12T18:32:05Z	70	31415	1e-5	0.1	0.20017005999883017	/zata/zippy/kresgeb/nmf_stuff/dlPFC/data/batched_nmf/nmf_k70_seed31415_tol1e-05_L10.1.rds	/zata/zippy/kresgeb/nmf_stuff/dlPFC/data/batched_projection/proj_k70_seed31415_tol1e-05_L10.1.rds	28907
2025-11-12T18:32:18Z	80	31415	1e-5	0.1	0.21515756448109943	/zata/zippy/kresgeb/nmf_stuff/dlPFC/data/batched_nmf/nmf_k80_seed31415_tol1e-05_L10.1.rds	/zata/zippy/kresgeb/nmf_stuff/dlPFC/data/batched_projection/proj_k80_seed31415_tol1e-05_L10.1.rds	28907
2025-11-12T18:32:30Z	90	31415	1e-5	0.1	0.19930206934611003	/zata/zippy/kresgeb/nmf_stuff/dlPFC/data/batched_nmf/nmf_k90_seed31415_tol1e-05_L10.1.rds	/zata/zippy/kresgeb/nmf_stuff/dlPFC/data/batched_projection/proj_k90_seed31415_tol1e-05_L10.1.rds	28907
2025-11-12T18:32:39Z	100	31415	1e-5	0.1	0.14991953372955322	/zata/zippy/kresgeb/nmf_stuff/dlPFC/data/batched_nmf/nmf_k100_seed31415_tol1e-05_L10.1.rds	/zata/zippy/kresgeb/nmf_stuff/dlPFC/data/batched_projection/proj_k100_seed31415_tol1e-05_L10.1.rds	28907
2025-11-12T18:32:43Z	10	120301	1e-5	0.1	0.07013490597407022	/zata/zippy/kresgeb/nmf_stuff/dlPFC/data/batched_nmf/nmf_k10_seed120301_tol1e-05_L10.1.rds	/zata/zippy/kresgeb/nmf_stuff/dlPFC/data/batched_projection/proj_k10_seed120301_tol1e-05_L10.1.rds	28907
2025-11-12T18:32:48Z	20	120301	1e-5	0.1	0.07334694067637125	/zata/zippy/kresgeb/nmf_stuff/dlPFC/data/batched_nmf/nmf_k20_seed120301_tol1e-05_L10.1.rds	/zata/zippy/kresgeb/nmf_stuff/dlPFC/data/batched_projection/proj_k20_seed120301_tol1e-05_L10.1.rds	28907
2025-11-12T18:32:56Z	30	120301	1e-5	0.1	0.13779590527216592	/zata/zippy/kresgeb/nmf_stuff/dlPFC/data/batched_nmf/nmf_k30_seed120301_tol1e-05_L10.1.rds	/zata/zippy/kresgeb/nmf_stuff/dlPFC/data/batched_projection/proj_k30_seed120301_tol1e-05_L10.1.rds	28907
2025-11-12T18:33:01Z	40	120301	1e-5	0.1	0.07916100025177002	/zata/zippy/kresgeb/nmf_stuff/dlPFC/data/batched_nmf/nmf_k40_seed120301_tol1e-05_L10.1.rds	/zata/zippy/kresgeb/nmf_stuff/dlPFC/data/batched_projection/proj_k40_seed120301_tol1e-05_L10.1.rds	28907
2025-11-12T18:33:06Z	50	120301	1e-5	0.1	0.0847004214922587	/zata/zippy/kresgeb/nmf_stuff/dlPFC/data/batched_nmf/nmf_k50_seed120301_tol1e-05_L10.1.rds	/zata/zippy/kresgeb/nmf_stuff/dlPFC/data/batched_projection/proj_k50_seed120301_tol1e-05_L10.1.rds	28907
2025-11-12T18:33:12Z	60	120301	1e-5	0.1	0.10891793171564738	/zata/zippy/kresgeb/nmf_stuff/dlPFC/data/batched_nmf/nmf_k60_seed120301_tol1e-05_L10.1.rds	/zata/zippy/kresgeb/nmf_stuff/dlPFC/data/batched_projection/proj_k60_seed120301_tol1e-05_L10.1.rds	28907
2025-11-12T18:33:19Z	70	120301	1e-5	0.1	0.10979119539260865	/zata/zippy/kresgeb/nmf_stuff/dlPFC/data/batched_nmf/nmf_k70_seed120301_tol1e-05_L10.1.rds	/zata/zippy/kresgeb/nmf_stuff/dlPFC/data/batched_projection/proj_k70_seed120301_tol1e-05_L10.1.rds	28907
2025-11-12T18:33:26Z	80	120301	1e-5	0.1	0.1157137672106425	/zata/zippy/kresgeb/nmf_stuff/dlPFC/data/batched_nmf/nmf_k80_seed120301_tol1e-05_L10.1.rds	/zata/zippy/kresgeb/nmf_stuff/dlPFC/data/batched_projection/proj_k80_seed120301_tol1e-05_L10.1.rds	28907
2025-11-12T18:33:36Z	90	120301	1e-5	0.1	0.16234255234400433	/zata/zippy/kresgeb/nmf_stuff/dlPFC/data/batched_nmf/nmf_k90_seed120301_tol1e-05_L10.1.rds	/zata/zippy/kresgeb/nmf_stuff/dlPFC/data/batched_projection/proj_k90_seed120301_tol1e-05_L10.1.rds	28907
2025-11-12T18:33:44Z	100	120301	1e-5	0.1	0.14268811543782553	/zata/zippy/kresgeb/nmf_stuff/dlPFC/data/batched_nmf/nmf_k100_seed120301_tol1e-05_L10.1.rds	/zata/zippy/kresgeb/nmf_stuff/dlPFC/data/batched_projection/proj_k100_seed120301_tol1e-05_L10.1.rds	28907
2025-11-12T18:33:48Z	10	2025	1e-5	0.1	0.06448339621225993	/zata/zippy/kresgeb/nmf_stuff/dlPFC/data/batched_nmf/nmf_k10_seed2025_tol1e-05_L10.1.rds	/zata/zippy/kresgeb/nmf_stuff/dlPFC/data/batched_projection/proj_k10_seed2025_tol1e-05_L10.1.rds	28907
2025-11-12T18:33:53Z	20	2025	1e-5	0.1	0.08218006690343221	/zata/zippy/kresgeb/nmf_stuff/dlPFC/data/batched_nmf/nmf_k20_seed2025_tol1e-05_L10.1.rds	/zata/zippy/kresgeb/nmf_stuff/dlPFC/data/batched_projection/proj_k20_seed2025_tol1e-05_L10.1.rds	28907
2025-11-12T18:33:57Z	30	2025	1e-5	0.1	0.07543753782908122	/zata/zippy/kresgeb/nmf_stuff/dlPFC/data/batched_nmf/nmf_k30_seed2025_tol1e-05_L10.1.rds	/zata/zippy/kresgeb/nmf_stuff/dlPFC/data/batched_projection/proj_k30_seed2025_tol1e-05_L10.1.rds	28907
2025-11-12T18:34:05Z	40	2025	1e-5	0.1	0.12796435356140137	/zata/zippy/kresgeb/nmf_stuff/dlPFC/data/batched_nmf/nmf_k40_seed2025_tol1e-05_L10.1.rds	/zata/zippy/kresgeb/nmf_stuff/dlPFC/data/batched_projection/proj_k40_seed2025_tol1e-05_L10.1.rds	28907
2025-11-12T18:34:11Z	50	2025	1e-5	0.1	0.09053558508555094	/zata/zippy/kresgeb/nmf_stuff/dlPFC/data/batched_nmf/nmf_k50_seed2025_tol1e-05_L10.1.rds	/zata/zippy/kresgeb/nmf_stuff/dlPFC/data/batched_projection/proj_k50_seed2025_tol1e-05_L10.1.rds	28907
2025-11-12T18:34:16Z	60	2025	1e-5	0.1	0.0978530208269755	/zata/zippy/kresgeb/nmf_stuff/dlPFC/data/batched_nmf/nmf_k60_seed2025_tol1e-05_L10.1.rds	/zata/zippy/kresgeb/nmf_stuff/dlPFC/data/batched_projection/proj_k60_seed2025_tol1e-05_L10.1.rds	28907
2025-11-12T18:34:22Z	70	2025	1e-5	0.1	0.09840481281280518	/zata/zippy/kresgeb/nmf_stuff/dlPFC/data/batched_nmf/nmf_k70_seed2025_tol1e-05_L10.1.rds	/zata/zippy/kresgeb/nmf_stuff/dlPFC/data/batched_projection/proj_k70_seed2025_tol1e-05_L10.1.rds	28907
2025-11-12T18:34:29Z	80	2025	1e-5	0.1	0.10486515363057454	/zata/zippy/kresgeb/nmf_stuff/dlPFC/data/batched_nmf/nmf_k80_seed2025_tol1e-05_L10.1.rds	/zata/zippy/kresgeb/nmf_stuff/dlPFC/data/batched_projection/proj_k80_seed2025_tol1e-05_L10.1.rds	28907
2025-11-12T18:34:35Z	90	2025	1e-5	0.1	0.11399905681610108	/zata/zippy/kresgeb/nmf_stuff/dlPFC/data/batched_nmf/nmf_k90_seed2025_tol1e-05_L10.1.rds	/zata/zippy/kresgeb/nmf_stuff/dlPFC/data/batched_projection/proj_k90_seed2025_tol1e-05_L10.1.rds	28907
2025-11-12T18:34:46Z	100	2025	1e-5	0.1	0.16867098808288575	/zata/zippy/kresgeb/nmf_stuff/dlPFC/data/batched_nmf/nmf_k100_seed2025_tol1e-05_L10.1.rds	/zata/zippy/kresgeb/nmf_stuff/dlPFC/data/batched_projection/proj_k100_seed2025_tol1e-05_L10.1.rds	28907
2025-11-12T18:34:51Z	10	42	1e-6	0.1	0.08424238363901775	/zata/zippy/kresgeb/nmf_stuff/dlPFC/data/batched_nmf/nmf_k10_seed42_tol1e-06_L10.1.rds	/zata/zippy/kresgeb/nmf_stuff/dlPFC/data/batched_projection/proj_k10_seed42_tol1e-06_L10.1.rds	28907
2025-11-12T18:34:57Z	20	42	1e-6	0.1	0.0982298215230306	/zata/zippy/kresgeb/nmf_stuff/dlPFC/data/batched_nmf/nmf_k20_seed42_tol1e-06_L10.1.rds	/zata/zippy/kresgeb/nmf_stuff/dlPFC/data/batched_projection/proj_k20_seed42_tol1e-06_L10.1.rds	28907
2025-11-12T18:35:04Z	30	42	1e-6	0.1	0.1262233853340149	/zata/zippy/kresgeb/nmf_stuff/dlPFC/data/batched_nmf/nmf_k30_seed42_tol1e-06_L10.1.rds	/zata/zippy/kresgeb/nmf_stuff/dlPFC/data/batched_projection/proj_k30_seed42_tol1e-06_L10.1.rds	28907
2025-11-12T18:35:12Z	40	42	1e-6	0.1	0.13796363274256387	/zata/zippy/kresgeb/nmf_stuff/dlPFC/data/batched_nmf/nmf_k40_seed42_tol1e-06_L10.1.rds	/zata/zippy/kresgeb/nmf_stuff/dlPFC/data/batched_projection/proj_k40_seed42_tol1e-06_L10.1.rds	28907
2025-11-12T18:35:19Z	50	42	1e-6	0.1	0.10781489610671997	/zata/zippy/kresgeb/nmf_stuff/dlPFC/data/batched_nmf/nmf_k50_seed42_tol1e-06_L10.1.rds	/zata/zippy/kresgeb/nmf_stuff/dlPFC/data/batched_projection/proj_k50_seed42_tol1e-06_L10.1.rds	28907
2025-11-12T18:35:26Z	60	42	1e-6	0.1	0.1253273049990336	/zata/zippy/kresgeb/nmf_stuff/dlPFC/data/batched_nmf/nmf_k60_seed42_tol1e-06_L10.1.rds	/zata/zippy/kresgeb/nmf_stuff/dlPFC/data/batched_projection/proj_k60_seed42_tol1e-06_L10.1.rds	28907
2025-11-12T18:35:42Z	70	42	1e-6	0.1	0.2636343638102214	/zata/zippy/kresgeb/nmf_stuff/dlPFC/data/batched_nmf/nmf_k70_seed42_tol1e-06_L10.1.rds	/zata/zippy/kresgeb/nmf_stuff/dlPFC/data/batched_projection/proj_k70_seed42_tol1e-06_L10.1.rds	28907
2025-11-12T18:35:52Z	80	42	1e-6	0.1	0.1583919127782186	/zata/zippy/kresgeb/nmf_stuff/dlPFC/data/batched_nmf/nmf_k80_seed42_tol1e-06_L10.1.rds	/zata/zippy/kresgeb/nmf_stuff/dlPFC/data/batched_projection/proj_k80_seed42_tol1e-06_L10.1.rds	28907
2025-11-12T18:36:04Z	90	42	1e-6	0.1	0.20016676584879559	/zata/zippy/kresgeb/nmf_stuff/dlPFC/data/batched_nmf/nmf_k90_seed42_tol1e-06_L10.1.rds	/zata/zippy/kresgeb/nmf_stuff/dlPFC/data/batched_projection/proj_k90_seed42_tol1e-06_L10.1.rds	28907
2025-11-12T18:36:18Z	100	42	1e-6	0.1	0.2360079010327657	/zata/zippy/kresgeb/nmf_stuff/dlPFC/data/batched_nmf/nmf_k100_seed42_tol1e-06_L10.1.rds	/zata/zippy/kresgeb/nmf_stuff/dlPFC/data/batched_projection/proj_k100_seed42_tol1e-06_L10.1.rds	28907
2025-11-12T18:36:24Z	10	1029	1e-6	0.1	0.10608208179473877	/zata/zippy/kresgeb/nmf_stuff/dlPFC/data/batched_nmf/nmf_k10_seed1029_tol1e-06_L10.1.rds	/zata/zippy/kresgeb/nmf_stuff/dlPFC/data/batched_projection/proj_k10_seed1029_tol1e-06_L10.1.rds	28907
2025-11-12T18:36:30Z	20	1029	1e-6	0.1	0.09795613288879394	/zata/zippy/kresgeb/nmf_stuff/dlPFC/data/batched_nmf/nmf_k20_seed1029_tol1e-06_L10.1.rds	/zata/zippy/kresgeb/nmf_stuff/dlPFC/data/batched_projection/proj_k20_seed1029_tol1e-06_L10.1.rds	28907
2025-11-12T18:36:37Z	30	1029	1e-6	0.1	0.11467315753300984	/zata/zippy/kresgeb/nmf_stuff/dlPFC/data/batched_nmf/nmf_k30_seed1029_tol1e-06_L10.1.rds	/zata/zippy/kresgeb/nmf_stuff/dlPFC/data/batched_projection/proj_k30_seed1029_tol1e-06_L10.1.rds	28907
2025-11-12T18:36:47Z	40	1029	1e-6	0.1	0.15805277824401856	/zata/zippy/kresgeb/nmf_stuff/dlPFC/data/batched_nmf/nmf_k40_seed1029_tol1e-06_L10.1.rds	/zata/zippy/kresgeb/nmf_stuff/dlPFC/data/batched_projection/proj_k40_seed1029_tol1e-06_L10.1.rds	28907
2025-11-12T18:36:56Z	50	1029	1e-6	0.1	0.14992861747741698	/zata/zippy/kresgeb/nmf_stuff/dlPFC/data/batched_nmf/nmf_k50_seed1029_tol1e-06_L10.1.rds	/zata/zippy/kresgeb/nmf_stuff/dlPFC/data/batched_projection/proj_k50_seed1029_tol1e-06_L10.1.rds	28907
2025-11-12T18:37:08Z	60	1029	1e-6	0.1	0.20412780046463014	/zata/zippy/kresgeb/nmf_stuff/dlPFC/data/batched_nmf/nmf_k60_seed1029_tol1e-06_L10.1.rds	/zata/zippy/kresgeb/nmf_stuff/dlPFC/data/batched_projection/proj_k60_seed1029_tol1e-06_L10.1.rds	28907
2025-11-12T18:37:20Z	70	1029	1e-6	0.1	0.19829100370407104	/zata/zippy/kresgeb/nmf_stuff/dlPFC/data/batched_nmf/nmf_k70_seed1029_tol1e-06_L10.1.rds	/zata/zippy/kresgeb/nmf_stuff/dlPFC/data/batched_projection/proj_k70_seed1029_tol1e-06_L10.1.rds	28907
2025-11-12T18:37:34Z	80	1029	1e-6	0.1	0.23044192393620808	/zata/zippy/kresgeb/nmf_stuff/dlPFC/data/batched_nmf/nmf_k80_seed1029_tol1e-06_L10.1.rds	/zata/zippy/kresgeb/nmf_stuff/dlPFC/data/batched_projection/proj_k80_seed1029_tol1e-06_L10.1.rds	28907
2025-11-12T18:37:45Z	90	1029	1e-6	0.1	0.18656986157099406	/zata/zippy/kresgeb/nmf_stuff/dlPFC/data/batched_nmf/nmf_k90_seed1029_tol1e-06_L10.1.rds	/zata/zippy/kresgeb/nmf_stuff/dlPFC/data/batched_projection/proj_k90_seed1029_tol1e-06_L10.1.rds	28907
2025-11-12T18:38:01Z	100	1029	1e-6	0.1	0.26292022069295246	/zata/zippy/kresgeb/nmf_stuff/dlPFC/data/batched_nmf/nmf_k100_seed1029_tol1e-06_L10.1.rds	/zata/zippy/kresgeb/nmf_stuff/dlPFC/data/batched_projection/proj_k100_seed1029_tol1e-06_L10.1.rds	28907
2025-11-12T18:38:09Z	10	31415	1e-6	0.1	0.13543131351470947	/zata/zippy/kresgeb/nmf_stuff/dlPFC/data/batched_nmf/nmf_k10_seed31415_tol1e-06_L10.1.rds	/zata/zippy/kresgeb/nmf_stuff/dlPFC/data/batched_projection/proj_k10_seed31415_tol1e-06_L10.1.rds	28907
2025-11-12T18:38:18Z	20	31415	1e-6	0.1	0.14478127161661783	/zata/zippy/kresgeb/nmf_stuff/dlPFC/data/batched_nmf/nmf_k20_seed31415_tol1e-06_L10.1.rds	/zata/zippy/kresgeb/nmf_stuff/dlPFC/data/batched_projection/proj_k20_seed31415_tol1e-06_L10.1.rds	28907
2025-11-12T18:38:28Z	30	31415	1e-6	0.1	0.18034350077311198	/zata/zippy/kresgeb/nmf_stuff/dlPFC/data/batched_nmf/nmf_k30_seed31415_tol1e-06_L10.1.rds	/zata/zippy/kresgeb/nmf_stuff/dlPFC/data/batched_projection/proj_k30_seed31415_tol1e-06_L10.1.rds	28907
2025-11-12T18:38:35Z	40	31415	1e-6	0.1	0.11588470538457235	/zata/zippy/kresgeb/nmf_stuff/dlPFC/data/batched_nmf/nmf_k40_seed31415_tol1e-06_L10.1.rds	/zata/zippy/kresgeb/nmf_stuff/dlPFC/data/batched_projection/proj_k40_seed31415_tol1e-06_L10.1.rds	28907
2025-11-12T18:38:42Z	50	31415	1e-6	0.1	0.11279910802841187	/zata/zippy/kresgeb/nmf_stuff/dlPFC/data/batched_nmf/nmf_k50_seed31415_tol1e-06_L10.1.rds	/zata/zippy/kresgeb/nmf_stuff/dlPFC/data/batched_projection/proj_k50_seed31415_tol1e-06_L10.1.rds	28907
2025-11-12T18:38:51Z	60	31415	1e-6	0.1	0.15361146926879882	/zata/zippy/kresgeb/nmf_stuff/dlPFC/data/batched_nmf/nmf_k60_seed31415_tol1e-06_L10.1.rds	/zata/zippy/kresgeb/nmf_stuff/dlPFC/data/batched_projection/proj_k60_seed31415_tol1e-06_L10.1.rds	28907
2025-11-12T18:39:00Z	70	31415	1e-6	0.1	0.14195074637730917	/zata/zippy/kresgeb/nmf_stuff/dlPFC/data/batched_nmf/nmf_k70_seed31415_tol1e-06_L10.1.rds	/zata/zippy/kresgeb/nmf_stuff/dlPFC/data/batched_projection/proj_k70_seed31415_tol1e-06_L10.1.rds	28907
2025-11-12T18:39:16Z	80	31415	1e-6	0.1	0.2739997108777364	/zata/zippy/kresgeb/nmf_stuff/dlPFC/data/batched_nmf/nmf_k80_seed31415_tol1e-06_L10.1.rds	/zata/zippy/kresgeb/nmf_stuff/dlPFC/data/batched_projection/proj_k80_seed31415_tol1e-06_L10.1.rds	28907
2025-11-12T18:39:27Z	90	31415	1e-6	0.1	0.18405932982762654	/zata/zippy/kresgeb/nmf_stuff/dlPFC/data/batched_nmf/nmf_k90_seed31415_tol1e-06_L10.1.rds	/zata/zippy/kresgeb/nmf_stuff/dlPFC/data/batched_projection/proj_k90_seed31415_tol1e-06_L10.1.rds	28907
2025-11-12T18:39:43Z	100	31415	1e-6	0.1	0.254781965414683	/zata/zippy/kresgeb/nmf_stuff/dlPFC/data/batched_nmf/nmf_k100_seed31415_tol1e-06_L10.1.rds	/zata/zippy/kresgeb/nmf_stuff/dlPFC/data/batched_projection/proj_k100_seed31415_tol1e-06_L10.1.rds	28907
2025-11-12T18:39:50Z	10	120301	1e-6	0.1	0.11364722649256388	/zata/zippy/kresgeb/nmf_stuff/dlPFC/data/batched_nmf/nmf_k10_seed120301_tol1e-06_L10.1.rds	/zata/zippy/kresgeb/nmf_stuff/dlPFC/data/batched_projection/proj_k10_seed120301_tol1e-06_L10.1.rds	28907
2025-11-12T18:39:57Z	20	120301	1e-6	0.1	0.11833569208780924	/zata/zippy/kresgeb/nmf_stuff/dlPFC/data/batched_nmf/nmf_k20_seed120301_tol1e-06_L10.1.rds	/zata/zippy/kresgeb/nmf_stuff/dlPFC/data/batched_projection/proj_k20_seed120301_tol1e-06_L10.1.rds	28907
2025-11-12T18:40:04Z	30	120301	1e-6	0.1	0.12785089413324993	/zata/zippy/kresgeb/nmf_stuff/dlPFC/data/batched_nmf/nmf_k30_seed120301_tol1e-06_L10.1.rds	/zata/zippy/kresgeb/nmf_stuff/dlPFC/data/batched_projection/proj_k30_seed120301_tol1e-06_L10.1.rds	28907
2025-11-12T18:40:14Z	40	120301	1e-6	0.1	0.15615153312683105	/zata/zippy/kresgeb/nmf_stuff/dlPFC/data/batched_nmf/nmf_k40_seed120301_tol1e-06_L10.1.rds	/zata/zippy/kresgeb/nmf_stuff/dlPFC/data/batched_projection/proj_k40_seed120301_tol1e-06_L10.1.rds	28907
2025-11-12T18:40:25Z	50	120301	1e-6	0.1	0.17962997357050578	/zata/zippy/kresgeb/nmf_stuff/dlPFC/data/batched_nmf/nmf_k50_seed120301_tol1e-06_L10.1.rds	/zata/zippy/kresgeb/nmf_stuff/dlPFC/data/batched_projection/proj_k50_seed120301_tol1e-06_L10.1.rds	28907
2025-11-12T18:40:35Z	60	120301	1e-6	0.1	0.17386651833852132	/zata/zippy/kresgeb/nmf_stuff/dlPFC/data/batched_nmf/nmf_k60_seed120301_tol1e-06_L10.1.rds	/zata/zippy/kresgeb/nmf_stuff/dlPFC/data/batched_projection/proj_k60_seed120301_tol1e-06_L10.1.rds	28907
2025-11-12T18:40:47Z	70	120301	1e-6	0.1	0.19774452845255533	/zata/zippy/kresgeb/nmf_stuff/dlPFC/data/batched_nmf/nmf_k70_seed120301_tol1e-06_L10.1.rds	/zata/zippy/kresgeb/nmf_stuff/dlPFC/data/batched_projection/proj_k70_seed120301_tol1e-06_L10.1.rds	28907
2025-11-12T18:41:00Z	80	120301	1e-6	0.1	0.2259791652361552	/zata/zippy/kresgeb/nmf_stuff/dlPFC/data/batched_nmf/nmf_k80_seed120301_tol1e-06_L10.1.rds	/zata/zippy/kresgeb/nmf_stuff/dlPFC/data/batched_projection/proj_k80_seed120301_tol1e-06_L10.1.rds	28907
2025-11-12T18:41:15Z	90	120301	1e-6	0.1	0.2460547924041748	/zata/zippy/kresgeb/nmf_stuff/dlPFC/data/batched_nmf/nmf_k90_seed120301_tol1e-06_L10.1.rds	/zata/zippy/kresgeb/nmf_stuff/dlPFC/data/batched_projection/proj_k90_seed120301_tol1e-06_L10.1.rds	28907
2025-11-12T18:41:32Z	100	120301	1e-6	0.1	0.28063710530598956	/zata/zippy/kresgeb/nmf_stuff/dlPFC/data/batched_nmf/nmf_k100_seed120301_tol1e-06_L10.1.rds	/zata/zippy/kresgeb/nmf_stuff/dlPFC/data/batched_projection/proj_k100_seed120301_tol1e-06_L10.1.rds	28907
2025-11-12T18:41:39Z	10	2025	1e-6	0.1	0.10833824475606282	/zata/zippy/kresgeb/nmf_stuff/dlPFC/data/batched_nmf/nmf_k10_seed2025_tol1e-06_L10.1.rds	/zata/zippy/kresgeb/nmf_stuff/dlPFC/data/batched_projection/proj_k10_seed2025_tol1e-06_L10.1.rds	28907
2025-11-12T18:41:47Z	20	2025	1e-6	0.1	0.1435861547787984	/zata/zippy/kresgeb/nmf_stuff/dlPFC/data/batched_nmf/nmf_k20_seed2025_tol1e-06_L10.1.rds	/zata/zippy/kresgeb/nmf_stuff/dlPFC/data/batched_projection/proj_k20_seed2025_tol1e-06_L10.1.rds	28907
2025-11-12T18:41:57Z	30	2025	1e-6	0.1	0.1701175093650818	/zata/zippy/kresgeb/nmf_stuff/dlPFC/data/batched_nmf/nmf_k30_seed2025_tol1e-06_L10.1.rds	/zata/zippy/kresgeb/nmf_stuff/dlPFC/data/batched_projection/proj_k30_seed2025_tol1e-06_L10.1.rds	28907
2025-11-12T18:42:08Z	40	2025	1e-6	0.1	0.17316598494847615	/zata/zippy/kresgeb/nmf_stuff/dlPFC/data/batched_nmf/nmf_k40_seed2025_tol1e-06_L10.1.rds	/zata/zippy/kresgeb/nmf_stuff/dlPFC/data/batched_projection/proj_k40_seed2025_tol1e-06_L10.1.rds	28907
2025-11-12T18:42:16Z	50	2025	1e-6	0.1	0.1405525843302409	/zata/zippy/kresgeb/nmf_stuff/dlPFC/data/batched_nmf/nmf_k50_seed2025_tol1e-06_L10.1.rds	/zata/zippy/kresgeb/nmf_stuff/dlPFC/data/batched_projection/proj_k50_seed2025_tol1e-06_L10.1.rds	28907
2025-11-12T18:42:28Z	60	2025	1e-6	0.1	0.18780772686004638	/zata/zippy/kresgeb/nmf_stuff/dlPFC/data/batched_nmf/nmf_k60_seed2025_tol1e-06_L10.1.rds	/zata/zippy/kresgeb/nmf_stuff/dlPFC/data/batched_projection/proj_k60_seed2025_tol1e-06_L10.1.rds	28907
2025-11-12T18:42:42Z	70	2025	1e-6	0.1	0.23353015184402465	/zata/zippy/kresgeb/nmf_stuff/dlPFC/data/batched_nmf/nmf_k70_seed2025_tol1e-06_L10.1.rds	/zata/zippy/kresgeb/nmf_stuff/dlPFC/data/batched_projection/proj_k70_seed2025_tol1e-06_L10.1.rds	28907
2025-11-12T18:42:52Z	80	2025	1e-6	0.1	0.16997153361638387	/zata/zippy/kresgeb/nmf_stuff/dlPFC/data/batched_nmf/nmf_k80_seed2025_tol1e-06_L10.1.rds	/zata/zippy/kresgeb/nmf_stuff/dlPFC/data/batched_projection/proj_k80_seed2025_tol1e-06_L10.1.rds	28907
2025-11-12T18:43:04Z	90	2025	1e-6	0.1	0.19951512416203818	/zata/zippy/kresgeb/nmf_stuff/dlPFC/data/batched_nmf/nmf_k90_seed2025_tol1e-06_L10.1.rds	/zata/zippy/kresgeb/nmf_stuff/dlPFC/data/batched_projection/proj_k90_seed2025_tol1e-06_L10.1.rds	28907
2025-11-12T18:43:18Z	100	2025	1e-6	0.1	0.22955597241719564	/zata/zippy/kresgeb/nmf_stuff/dlPFC/data/batched_nmf/nmf_k100_seed2025_tol1e-06_L10.1.rds	/zata/zippy/kresgeb/nmf_stuff/dlPFC/data/batched_projection/proj_k100_seed2025_tol1e-06_L10.1.rds	28907
2025-11-12T18:43:25Z	10	42	1e-7	0.1	0.12463630437850952	/zata/zippy/kresgeb/nmf_stuff/dlPFC/data/batched_nmf/nmf_k10_seed42_tol1e-07_L10.1.rds	/zata/zippy/kresgeb/nmf_stuff/dlPFC/data/batched_projection/proj_k10_seed42_tol1e-07_L10.1.rds	28907
2025-11-12T18:43:36Z	20	42	1e-7	0.1	0.17880557775497435	/zata/zippy/kresgeb/nmf_stuff/dlPFC/data/batched_nmf/nmf_k20_seed42_tol1e-07_L10.1.rds	/zata/zippy/kresgeb/nmf_stuff/dlPFC/data/batched_projection/proj_k20_seed42_tol1e-07_L10.1.rds	28907
2025-11-12T18:43:42Z	30	42	1e-7	0.1	0.10880292256673177	/zata/zippy/kresgeb/nmf_stuff/dlPFC/data/batched_nmf/nmf_k30_seed42_tol1e-07_L10.1.rds	/zata/zippy/kresgeb/nmf_stuff/dlPFC/data/batched_projection/proj_k30_seed42_tol1e-07_L10.1.rds	28907
2025-11-12T18:43:49Z	40	42	1e-7	0.1	0.1119254191716512	/zata/zippy/kresgeb/nmf_stuff/dlPFC/data/batched_nmf/nmf_k40_seed42_tol1e-07_L10.1.rds	/zata/zippy/kresgeb/nmf_stuff/dlPFC/data/batched_projection/proj_k40_seed42_tol1e-07_L10.1.rds	28907
2025-11-12T18:43:57Z	50	42	1e-7	0.1	0.13869243065516154	/zata/zippy/kresgeb/nmf_stuff/dlPFC/data/batched_nmf/nmf_k50_seed42_tol1e-07_L10.1.rds	/zata/zippy/kresgeb/nmf_stuff/dlPFC/data/batched_projection/proj_k50_seed42_tol1e-07_L10.1.rds	28907
2025-11-12T18:44:06Z	60	42	1e-7	0.1	0.14008556207021078	/zata/zippy/kresgeb/nmf_stuff/dlPFC/data/batched_nmf/nmf_k60_seed42_tol1e-07_L10.1.rds	/zata/zippy/kresgeb/nmf_stuff/dlPFC/data/batched_projection/proj_k60_seed42_tol1e-07_L10.1.rds	28907
2025-11-12T18:44:15Z	70	42	1e-7	0.1	0.15142826636632284	/zata/zippy/kresgeb/nmf_stuff/dlPFC/data/batched_nmf/nmf_k70_seed42_tol1e-07_L10.1.rds	/zata/zippy/kresgeb/nmf_stuff/dlPFC/data/batched_projection/proj_k70_seed42_tol1e-07_L10.1.rds	28907
2025-11-12T18:44:24Z	80	42	1e-7	0.1	0.1552217443784078	/zata/zippy/kresgeb/nmf_stuff/dlPFC/data/batched_nmf/nmf_k80_seed42_tol1e-07_L10.1.rds	/zata/zippy/kresgeb/nmf_stuff/dlPFC/data/batched_projection/proj_k80_seed42_tol1e-07_L10.1.rds	28907
2025-11-12T18:44:34Z	90	42	1e-7	0.1	0.15967361132303873	/zata/zippy/kresgeb/nmf_stuff/dlPFC/data/batched_nmf/nmf_k90_seed42_tol1e-07_L10.1.rds	/zata/zippy/kresgeb/nmf_stuff/dlPFC/data/batched_projection/proj_k90_seed42_tol1e-07_L10.1.rds	28907
2025-11-12T18:44:44Z	100	42	1e-7	0.1	0.17325553099314372	/zata/zippy/kresgeb/nmf_stuff/dlPFC/data/batched_nmf/nmf_k100_seed42_tol1e-07_L10.1.rds	/zata/zippy/kresgeb/nmf_stuff/dlPFC/data/batched_projection/proj_k100_seed42_tol1e-07_L10.1.rds	28907
2025-11-12T18:44:50Z	10	1029	1e-7	0.1	0.09012177387873331	/zata/zippy/kresgeb/nmf_stuff/dlPFC/data/batched_nmf/nmf_k10_seed1029_tol1e-07_L10.1.rds	/zata/zippy/kresgeb/nmf_stuff/dlPFC/data/batched_projection/proj_k10_seed1029_tol1e-07_L10.1.rds	28907
2025-11-12T18:44:55Z	20	1029	1e-7	0.1	0.08550042311350504	/zata/zippy/kresgeb/nmf_stuff/dlPFC/data/batched_nmf/nmf_k20_seed1029_tol1e-07_L10.1.rds	/zata/zippy/kresgeb/nmf_stuff/dlPFC/data/batched_projection/proj_k20_seed1029_tol1e-07_L10.1.rds	28907
2025-11-12T18:45:02Z	30	1029	1e-7	0.1	0.11922099590301513	/zata/zippy/kresgeb/nmf_stuff/dlPFC/data/batched_nmf/nmf_k30_seed1029_tol1e-07_L10.1.rds	/zata/zippy/kresgeb/nmf_stuff/dlPFC/data/batched_projection/proj_k30_seed1029_tol1e-07_L10.1.rds	28907
2025-11-12T18:45:18Z	40	1029	1e-7	0.1	0.2742159366607666	/zata/zippy/kresgeb/nmf_stuff/dlPFC/data/batched_nmf/nmf_k40_seed1029_tol1e-07_L10.1.rds	/zata/zippy/kresgeb/nmf_stuff/dlPFC/data/batched_projection/proj_k40_seed1029_tol1e-07_L10.1.rds	28907
2025-11-12T18:45:29Z	50	1029	1e-7	0.1	0.17819755872090656	/zata/zippy/kresgeb/nmf_stuff/dlPFC/data/batched_nmf/nmf_k50_seed1029_tol1e-07_L10.1.rds	/zata/zippy/kresgeb/nmf_stuff/dlPFC/data/batched_projection/proj_k50_seed1029_tol1e-07_L10.1.rds	28907
2025-11-12T18:45:39Z	60	1029	1e-7	0.1	0.16510476668675741	/zata/zippy/kresgeb/nmf_stuff/dlPFC/data/batched_nmf/nmf_k60_seed1029_tol1e-07_L10.1.rds	/zata/zippy/kresgeb/nmf_stuff/dlPFC/data/batched_projection/proj_k60_seed1029_tol1e-07_L10.1.rds	28907
2025-11-12T18:45:52Z	70	1029	1e-7	0.1	0.22136425971984863	/zata/zippy/kresgeb/nmf_stuff/dlPFC/data/batched_nmf/nmf_k70_seed1029_tol1e-07_L10.1.rds	/zata/zippy/kresgeb/nmf_stuff/dlPFC/data/batched_projection/proj_k70_seed1029_tol1e-07_L10.1.rds	28907
2025-11-12T18:46:04Z	80	1029	1e-7	0.1	0.18911752303441365	/zata/zippy/kresgeb/nmf_stuff/dlPFC/data/batched_nmf/nmf_k80_seed1029_tol1e-07_L10.1.rds	/zata/zippy/kresgeb/nmf_stuff/dlPFC/data/batched_projection/proj_k80_seed1029_tol1e-07_L10.1.rds	28907
2025-11-12T18:46:18Z	90	1029	1e-7	0.1	0.23048306306203206	/zata/zippy/kresgeb/nmf_stuff/dlPFC/data/batched_nmf/nmf_k90_seed1029_tol1e-07_L10.1.rds	/zata/zippy/kresgeb/nmf_stuff/dlPFC/data/batched_projection/proj_k90_seed1029_tol1e-07_L10.1.rds	28907
2025-11-12T18:46:33Z	100	1029	1e-7	0.1	0.2480579415957133	/zata/zippy/kresgeb/nmf_stuff/dlPFC/data/batched_nmf/nmf_k100_seed1029_tol1e-07_L10.1.rds	/zata/zippy/kresgeb/nmf_stuff/dlPFC/data/batched_projection/proj_k100_seed1029_tol1e-07_L10.1.rds	28907
2025-11-12T18:46:40Z	10	31415	1e-7	0.1	0.1280936320622762	/zata/zippy/kresgeb/nmf_stuff/dlPFC/data/batched_nmf/nmf_k10_seed31415_tol1e-07_L10.1.rds	/zata/zippy/kresgeb/nmf_stuff/dlPFC/data/batched_projection/proj_k10_seed31415_tol1e-07_L10.1.rds	28907
2025-11-12T18:46:49Z	20	31415	1e-7	0.1	0.15096311966578166	/zata/zippy/kresgeb/nmf_stuff/dlPFC/data/batched_nmf/nmf_k20_seed31415_tol1e-07_L10.1.rds	/zata/zippy/kresgeb/nmf_stuff/dlPFC/data/batched_projection/proj_k20_seed31415_tol1e-07_L10.1.rds	28907
2025-11-12T18:46:58Z	30	31415	1e-7	0.1	0.14288781881332396	/zata/zippy/kresgeb/nmf_stuff/dlPFC/data/batched_nmf/nmf_k30_seed31415_tol1e-07_L10.1.rds	/zata/zippy/kresgeb/nmf_stuff/dlPFC/data/batched_projection/proj_k30_seed31415_tol1e-07_L10.1.rds	28907
2025-11-12T18:47:08Z	40	31415	1e-7	0.1	0.17081021070480346	/zata/zippy/kresgeb/nmf_stuff/dlPFC/data/batched_nmf/nmf_k40_seed31415_tol1e-07_L10.1.rds	/zata/zippy/kresgeb/nmf_stuff/dlPFC/data/batched_projection/proj_k40_seed31415_tol1e-07_L10.1.rds	28907
2025-11-12T18:47:25Z	50	31415	1e-7	0.1	0.28562835454940794	/zata/zippy/kresgeb/nmf_stuff/dlPFC/data/batched_nmf/nmf_k50_seed31415_tol1e-07_L10.1.rds	/zata/zippy/kresgeb/nmf_stuff/dlPFC/data/batched_projection/proj_k50_seed31415_tol1e-07_L10.1.rds	28907
2025-11-12T18:47:35Z	60	31415	1e-7	0.1	0.1677948236465454	/zata/zippy/kresgeb/nmf_stuff/dlPFC/data/batched_nmf/nmf_k60_seed31415_tol1e-07_L10.1.rds	/zata/zippy/kresgeb/nmf_stuff/dlPFC/data/batched_projection/proj_k60_seed31415_tol1e-07_L10.1.rds	28907
2025-11-12T18:47:48Z	70	31415	1e-7	0.1	0.20507905880610147	/zata/zippy/kresgeb/nmf_stuff/dlPFC/data/batched_nmf/nmf_k70_seed31415_tol1e-07_L10.1.rds	/zata/zippy/kresgeb/nmf_stuff/dlPFC/data/batched_projection/proj_k70_seed31415_tol1e-07_L10.1.rds	28907
2025-11-12T18:48:01Z	80	31415	1e-7	0.1	0.21445982853571574	/zata/zippy/kresgeb/nmf_stuff/dlPFC/data/batched_nmf/nmf_k80_seed31415_tol1e-07_L10.1.rds	/zata/zippy/kresgeb/nmf_stuff/dlPFC/data/batched_projection/proj_k80_seed31415_tol1e-07_L10.1.rds	28907
2025-11-12T18:48:18Z	90	31415	1e-7	0.1	0.28613331317901614	/zata/zippy/kresgeb/nmf_stuff/dlPFC/data/batched_nmf/nmf_k90_seed31415_tol1e-07_L10.1.rds	/zata/zippy/kresgeb/nmf_stuff/dlPFC/data/batched_projection/proj_k90_seed31415_tol1e-07_L10.1.rds	28907
2025-11-12T18:48:34Z	100	31415	1e-7	0.1	0.27705600261688235	/zata/zippy/kresgeb/nmf_stuff/dlPFC/data/batched_nmf/nmf_k100_seed31415_tol1e-07_L10.1.rds	/zata/zippy/kresgeb/nmf_stuff/dlPFC/data/batched_projection/proj_k100_seed31415_tol1e-07_L10.1.rds	28907
2025-11-12T18:48:43Z	10	120301	1e-7	0.1	0.14946991602579754	/zata/zippy/kresgeb/nmf_stuff/dlPFC/data/batched_nmf/nmf_k10_seed120301_tol1e-07_L10.1.rds	/zata/zippy/kresgeb/nmf_stuff/dlPFC/data/batched_projection/proj_k10_seed120301_tol1e-07_L10.1.rds	28907
2025-11-12T18:48:54Z	20	120301	1e-7	0.1	0.16899739503860473	/zata/zippy/kresgeb/nmf_stuff/dlPFC/data/batched_nmf/nmf_k20_seed120301_tol1e-07_L10.1.rds	/zata/zippy/kresgeb/nmf_stuff/dlPFC/data/batched_projection/proj_k20_seed120301_tol1e-07_L10.1.rds	28907
2025-11-12T18:49:02Z	30	120301	1e-7	0.1	0.14432220856348674	/zata/zippy/kresgeb/nmf_stuff/dlPFC/data/batched_nmf/nmf_k30_seed120301_tol1e-07_L10.1.rds	/zata/zippy/kresgeb/nmf_stuff/dlPFC/data/batched_projection/proj_k30_seed120301_tol1e-07_L10.1.rds	28907
2025-11-12T18:49:13Z	40	120301	1e-7	0.1	0.17224771181742352	/zata/zippy/kresgeb/nmf_stuff/dlPFC/data/batched_nmf/nmf_k40_seed120301_tol1e-07_L10.1.rds	/zata/zippy/kresgeb/nmf_stuff/dlPFC/data/batched_projection/proj_k40_seed120301_tol1e-07_L10.1.rds	28907
2025-11-12T18:49:24Z	50	120301	1e-7	0.1	0.1912229855855306	/zata/zippy/kresgeb/nmf_stuff/dlPFC/data/batched_nmf/nmf_k50_seed120301_tol1e-07_L10.1.rds	/zata/zippy/kresgeb/nmf_stuff/dlPFC/data/batched_projection/proj_k50_seed120301_tol1e-07_L10.1.rds	28907
2025-11-12T18:49:37Z	60	120301	1e-7	0.1	0.21895537773768106	/zata/zippy/kresgeb/nmf_stuff/dlPFC/data/batched_nmf/nmf_k60_seed120301_tol1e-07_L10.1.rds	/zata/zippy/kresgeb/nmf_stuff/dlPFC/data/batched_projection/proj_k60_seed120301_tol1e-07_L10.1.rds	28907
2025-11-12T18:49:56Z	70	120301	1e-7	0.1	0.3077177325884501	/zata/zippy/kresgeb/nmf_stuff/dlPFC/data/batched_nmf/nmf_k70_seed120301_tol1e-07_L10.1.rds	/zata/zippy/kresgeb/nmf_stuff/dlPFC/data/batched_projection/proj_k70_seed120301_tol1e-07_L10.1.rds	28907
2025-11-12T18:50:08Z	80	120301	1e-7	0.1	0.20028830369313558	/zata/zippy/kresgeb/nmf_stuff/dlPFC/data/batched_nmf/nmf_k80_seed120301_tol1e-07_L10.1.rds	/zata/zippy/kresgeb/nmf_stuff/dlPFC/data/batched_projection/proj_k80_seed120301_tol1e-07_L10.1.rds	28907
2025-11-12T18:50:18Z	90	120301	1e-7	0.1	0.17719655831654865	/zata/zippy/kresgeb/nmf_stuff/dlPFC/data/batched_nmf/nmf_k90_seed120301_tol1e-07_L10.1.rds	/zata/zippy/kresgeb/nmf_stuff/dlPFC/data/batched_projection/proj_k90_seed120301_tol1e-07_L10.1.rds	28907
2025-11-12T18:50:29Z	100	120301	1e-7	0.1	0.18071263233820598	/zata/zippy/kresgeb/nmf_stuff/dlPFC/data/batched_nmf/nmf_k100_seed120301_tol1e-07_L10.1.rds	/zata/zippy/kresgeb/nmf_stuff/dlPFC/data/batched_projection/proj_k100_seed120301_tol1e-07_L10.1.rds	28907
2025-11-12T18:50:35Z	10	2025	1e-7	0.1	0.099861526489257807	/zata/zippy/kresgeb/nmf_stuff/dlPFC/data/batched_nmf/nmf_k10_seed2025_tol1e-07_L10.1.rds	/zata/zippy/kresgeb/nmf_stuff/dlPFC/data/batched_projection/proj_k10_seed2025_tol1e-07_L10.1.rds	28907
2025-11-12T18:50:42Z	20	2025	1e-7	0.1	0.10698438882827759	/zata/zippy/kresgeb/nmf_stuff/dlPFC/data/batched_nmf/nmf_k20_seed2025_tol1e-07_L10.1.rds	/zata/zippy/kresgeb/nmf_stuff/dlPFC/data/batched_projection/proj_k20_seed2025_tol1e-07_L10.1.rds	28907
2025-11-12T18:50:48Z	30	2025	1e-7	0.1	0.09959118763605754	/zata/zippy/kresgeb/nmf_stuff/dlPFC/data/batched_nmf/nmf_k30_seed2025_tol1e-07_L10.1.rds	/zata/zippy/kresgeb/nmf_stuff/dlPFC/data/batched_projection/proj_k30_seed2025_tol1e-07_L10.1.rds	28907
2025-11-12T18:50:55Z	40	2025	1e-7	0.1	0.11693851947784424	/zata/zippy/kresgeb/nmf_stuff/dlPFC/data/batched_nmf/nmf_k40_seed2025_tol1e-07_L10.1.rds	/zata/zippy/kresgeb/nmf_stuff/dlPFC/data/batched_projection/proj_k40_seed2025_tol1e-07_L10.1.rds	28907
2025-11-12T18:51:03Z	50	2025	1e-7	0.1	0.1378172477086385	/zata/zippy/kresgeb/nmf_stuff/dlPFC/data/batched_nmf/nmf_k50_seed2025_tol1e-07_L10.1.rds	/zata/zippy/kresgeb/nmf_stuff/dlPFC/data/batched_projection/proj_k50_seed2025_tol1e-07_L10.1.rds	28907
2025-11-12T18:51:11Z	60	2025	1e-7	0.1	0.13372318347295126	/zata/zippy/kresgeb/nmf_stuff/dlPFC/data/batched_nmf/nmf_k60_seed2025_tol1e-07_L10.1.rds	/zata/zippy/kresgeb/nmf_stuff/dlPFC/data/batched_projection/proj_k60_seed2025_tol1e-07_L10.1.rds	28907
2025-11-12T18:51:25Z	70	2025	1e-7	0.1	0.23134803374608356	/zata/zippy/kresgeb/nmf_stuff/dlPFC/data/batched_nmf/nmf_k70_seed2025_tol1e-07_L10.1.rds	/zata/zippy/kresgeb/nmf_stuff/dlPFC/data/batched_projection/proj_k70_seed2025_tol1e-07_L10.1.rds	28907
2025-11-12T18:51:35Z	80	2025	1e-7	0.1	0.16758700609207153	/zata/zippy/kresgeb/nmf_stuff/dlPFC/data/batched_nmf/nmf_k80_seed2025_tol1e-07_L10.1.rds	/zata/zippy/kresgeb/nmf_stuff/dlPFC/data/batched_projection/proj_k80_seed2025_tol1e-07_L10.1.rds	28907
2025-11-12T18:51:45Z	90	2025	1e-7	0.1	0.17007725238800048	/zata/zippy/kresgeb/nmf_stuff/dlPFC/data/batched_nmf/nmf_k90_seed2025_tol1e-07_L10.1.rds	/zata/zippy/kresgeb/nmf_stuff/dlPFC/data/batched_projection/proj_k90_seed2025_tol1e-07_L10.1.rds	28907
2025-11-12T18:51:55Z	100	2025	1e-7	0.1	0.16027644872665406	/zata/zippy/kresgeb/nmf_stuff/dlPFC/data/batched_nmf/nmf_k100_seed2025_tol1e-07_L10.1.rds	/zata/zippy/kresgeb/nmf_stuff/dlPFC/data/batched_projection/proj_k100_seed2025_tol1e-07_L10.1.rds	28907
2025-11-12T18:52:00Z	10	42	1e-5	0	0.08127639691034953	/zata/zippy/kresgeb/nmf_stuff/dlPFC/data/batched_nmf/nmf_k10_seed42_tol1e-05_L10.0.rds	/zata/zippy/kresgeb/nmf_stuff/dlPFC/data/batched_projection/proj_k10_seed42_tol1e-05_L10.0.rds	28907
2025-11-12T18:52:04Z	20	42	1e-5	0	0.07151334683100383	/zata/zippy/kresgeb/nmf_stuff/dlPFC/data/batched_nmf/nmf_k20_seed42_tol1e-05_L10.0.rds	/zata/zippy/kresgeb/nmf_stuff/dlPFC/data/batched_projection/proj_k20_seed42_tol1e-05_L10.0.rds	28907
2025-11-12T18:52:09Z	30	42	1e-5	0	0.08200474580128987	/zata/zippy/kresgeb/nmf_stuff/dlPFC/data/batched_nmf/nmf_k30_seed42_tol1e-05_L10.0.rds	/zata/zippy/kresgeb/nmf_stuff/dlPFC/data/batched_projection/proj_k30_seed42_tol1e-05_L10.0.rds	28907
2025-11-12T18:52:15Z	40	42	1e-5	0	0.09931664069493612	/zata/zippy/kresgeb/nmf_stuff/dlPFC/data/batched_nmf/nmf_k40_seed42_tol1e-05_L10.0.rds	/zata/zippy/kresgeb/nmf_stuff/dlPFC/data/batched_projection/proj_k40_seed42_tol1e-05_L10.0.rds	28907
2025-11-12T18:52:23Z	50	42	1e-5	0	0.12973992427190145	/zata/zippy/kresgeb/nmf_stuff/dlPFC/data/batched_nmf/nmf_k50_seed42_tol1e-05_L10.0.rds	/zata/zippy/kresgeb/nmf_stuff/dlPFC/data/batched_projection/proj_k50_seed42_tol1e-05_L10.0.rds	28907
2025-11-12T18:52:30Z	60	42	1e-5	0	0.12301372687021891	/zata/zippy/kresgeb/nmf_stuff/dlPFC/data/batched_nmf/nmf_k60_seed42_tol1e-05_L10.0.rds	/zata/zippy/kresgeb/nmf_stuff/dlPFC/data/batched_projection/proj_k60_seed42_tol1e-05_L10.0.rds	28907
2025-11-12T18:52:39Z	70	42	1e-5	0	0.14553054968516033	/zata/zippy/kresgeb/nmf_stuff/dlPFC/data/batched_nmf/nmf_k70_seed42_tol1e-05_L10.0.rds	/zata/zippy/kresgeb/nmf_stuff/dlPFC/data/batched_projection/proj_k70_seed42_tol1e-05_L10.0.rds	28907
2025-11-13T14:31:19Z	80	42	1e-5	0	0.11715549230575562	/zata/zippy/kresgeb/nmf_stuff/dlPFC/data/batched_nmf/nmf_k80_seed42_tol1e-05_L10.0.rds	/zata/zippy/kresgeb/nmf_stuff/dlPFC/data/batched_projection/proj_k80_seed42_tol1e-05_L10.0.rds	28907
2025-11-13T14:31:30Z	90	42	1e-5	0	0.18381577730178833	/zata/zippy/kresgeb/nmf_stuff/dlPFC/data/batched_nmf/nmf_k90_seed42_tol1e-05_L10.0.rds	/zata/zippy/kresgeb/nmf_stuff/dlPFC/data/batched_projection/proj_k90_seed42_tol1e-05_L10.0.rds	28907
2025-11-13T14:31:38Z	100	42	1e-5	0	0.1393111030260722	/zata/zippy/kresgeb/nmf_stuff/dlPFC/data/batched_nmf/nmf_k100_seed42_tol1e-05_L10.0.rds	/zata/zippy/kresgeb/nmf_stuff/dlPFC/data/batched_projection/proj_k100_seed42_tol1e-05_L10.0.rds	28907
2025-11-13T14:31:42Z	10	1029	1e-5	0	0.06607065598169963	/zata/zippy/kresgeb/nmf_stuff/dlPFC/data/batched_nmf/nmf_k10_seed1029_tol1e-05_L10.0.rds	/zata/zippy/kresgeb/nmf_stuff/dlPFC/data/batched_projection/proj_k10_seed1029_tol1e-05_L10.0.rds	28907
2025-11-13T14:31:48Z	20	1029	1e-5	0	0.09976904392242432	/zata/zippy/kresgeb/nmf_stuff/dlPFC/data/batched_nmf/nmf_k20_seed1029_tol1e-05_L10.0.rds	/zata/zippy/kresgeb/nmf_stuff/dlPFC/data/batched_projection/proj_k20_seed1029_tol1e-05_L10.0.rds	28907
2025-11-13T14:31:53Z	30	1029	1e-5	0	0.07251834074656169	/zata/zippy/kresgeb/nmf_stuff/dlPFC/data/batched_nmf/nmf_k30_seed1029_tol1e-05_L10.0.rds	/zata/zippy/kresgeb/nmf_stuff/dlPFC/data/batched_projection/proj_k30_seed1029_tol1e-05_L10.0.rds	28907
2025-11-13T14:31:58Z	40	1029	1e-5	0	0.08098881642023723	/zata/zippy/kresgeb/nmf_stuff/dlPFC/data/batched_nmf/nmf_k40_seed1029_tol1e-05_L10.0.rds	/zata/zippy/kresgeb/nmf_stuff/dlPFC/data/batched_projection/proj_k40_seed1029_tol1e-05_L10.0.rds	28907
2025-11-13T14:32:03Z	50	1029	1e-5	0	0.09447618722915649	/zata/zippy/kresgeb/nmf_stuff/dlPFC/data/batched_nmf/nmf_k50_seed1029_tol1e-05_L10.0.rds	/zata/zippy/kresgeb/nmf_stuff/dlPFC/data/batched_projection/proj_k50_seed1029_tol1e-05_L10.0.rds	28907
2025-11-13T14:32:11Z	60	1029	1e-5	0	0.11973243157068889	/zata/zippy/kresgeb/nmf_stuff/dlPFC/data/batched_nmf/nmf_k60_seed1029_tol1e-05_L10.0.rds	/zata/zippy/kresgeb/nmf_stuff/dlPFC/data/batched_projection/proj_k60_seed1029_tol1e-05_L10.0.rds	28907
2025-11-13T14:32:21Z	70	1029	1e-5	0	0.17166302601496378	/zata/zippy/kresgeb/nmf_stuff/dlPFC/data/batched_nmf/nmf_k70_seed1029_tol1e-05_L10.0.rds	/zata/zippy/kresgeb/nmf_stuff/dlPFC/data/batched_projection/proj_k70_seed1029_tol1e-05_L10.0.rds	28907
2025-11-13T14:32:29Z	80	1029	1e-5	0	0.1339803179105123	/zata/zippy/kresgeb/nmf_stuff/dlPFC/data/batched_nmf/nmf_k80_seed1029_tol1e-05_L10.0.rds	/zata/zippy/kresgeb/nmf_stuff/dlPFC/data/batched_projection/proj_k80_seed1029_tol1e-05_L10.0.rds	28907
2025-11-13T14:32:39Z	90	1029	1e-5	0	0.16778889894485474	/zata/zippy/kresgeb/nmf_stuff/dlPFC/data/batched_nmf/nmf_k90_seed1029_tol1e-05_L10.0.rds	/zata/zippy/kresgeb/nmf_stuff/dlPFC/data/batched_projection/proj_k90_seed1029_tol1e-05_L10.0.rds	28907
2025-11-13T14:32:49Z	100	1029	1e-5	0	0.1591095765431722	/zata/zippy/kresgeb/nmf_stuff/dlPFC/data/batched_nmf/nmf_k100_seed1029_tol1e-05_L10.0.rds	/zata/zippy/kresgeb/nmf_stuff/dlPFC/data/batched_projection/proj_k100_seed1029_tol1e-05_L10.0.rds	28907
2025-11-13T14:32:53Z	10	31415	1e-5	0	0.07541218201319376	/zata/zippy/kresgeb/nmf_stuff/dlPFC/data/batched_nmf/nmf_k10_seed31415_tol1e-05_L10.0.rds	/zata/zippy/kresgeb/nmf_stuff/dlPFC/data/batched_projection/proj_k10_seed31415_tol1e-05_L10.0.rds	28907
2025-11-13T14:32:59Z	20	31415	1e-5	0	0.08636581500371297	/zata/zippy/kresgeb/nmf_stuff/dlPFC/data/batched_nmf/nmf_k20_seed31415_tol1e-05_L10.0.rds	/zata/zippy/kresgeb/nmf_stuff/dlPFC/data/batched_projection/proj_k20_seed31415_tol1e-05_L10.0.rds	28907
2025-11-13T14:33:08Z	30	31415	1e-5	0	0.14958020448684692	/zata/zippy/kresgeb/nmf_stuff/dlPFC/data/batched_nmf/nmf_k30_seed31415_tol1e-05_L10.0.rds	/zata/zippy/kresgeb/nmf_stuff/dlPFC/data/batched_projection/proj_k30_seed31415_tol1e-05_L10.0.rds	28907
2025-11-13T14:33:14Z	40	31415	1e-5	0	0.10171390771865844	/zata/zippy/kresgeb/nmf_stuff/dlPFC/data/batched_nmf/nmf_k40_seed31415_tol1e-05_L10.0.rds	/zata/zippy/kresgeb/nmf_stuff/dlPFC/data/batched_projection/proj_k40_seed31415_tol1e-05_L10.0.rds	28907
2025-11-13T14:33:20Z	50	31415	1e-5	0	0.10760395924250285	/zata/zippy/kresgeb/nmf_stuff/dlPFC/data/batched_nmf/nmf_k50_seed31415_tol1e-05_L10.0.rds	/zata/zippy/kresgeb/nmf_stuff/dlPFC/data/batched_projection/proj_k50_seed31415_tol1e-05_L10.0.rds	28907
2025-11-13T14:33:28Z	60	31415	1e-5	0	0.13224613666534424	/zata/zippy/kresgeb/nmf_stuff/dlPFC/data/batched_nmf/nmf_k60_seed31415_tol1e-05_L10.0.rds	/zata/zippy/kresgeb/nmf_stuff/dlPFC/data/batched_projection/proj_k60_seed31415_tol1e-05_L10.0.rds	28907
2025-11-13T14:33:36Z	70	31415	1e-5	0	0.12059181531270345	/zata/zippy/kresgeb/nmf_stuff/dlPFC/data/batched_nmf/nmf_k70_seed31415_tol1e-05_L10.0.rds	/zata/zippy/kresgeb/nmf_stuff/dlPFC/data/batched_projection/proj_k70_seed31415_tol1e-05_L10.0.rds	28907
2025-11-13T14:33:44Z	80	31415	1e-5	0	0.13713223536809285	/zata/zippy/kresgeb/nmf_stuff/dlPFC/data/batched_nmf/nmf_k80_seed31415_tol1e-05_L10.0.rds	/zata/zippy/kresgeb/nmf_stuff/dlPFC/data/batched_projection/proj_k80_seed31415_tol1e-05_L10.0.rds	28907
2025-11-13T14:33:56Z	90	31415	1e-5	0	0.2059834877649943	/zata/zippy/kresgeb/nmf_stuff/dlPFC/data/batched_nmf/nmf_k90_seed31415_tol1e-05_L10.0.rds	/zata/zippy/kresgeb/nmf_stuff/dlPFC/data/batched_projection/proj_k90_seed31415_tol1e-05_L10.0.rds	28907
2025-11-13T14:38:51Z	100	31415	1e-5	0	0.1739063302675883	/zata/zippy/kresgeb/nmf_stuff/dlPFC/data/batched_nmf/nmf_k100_seed31415_tol1e-05_L10.0.rds	/zata/zippy/kresgeb/nmf_stuff/dlPFC/data/batched_projection/proj_k100_seed31415_tol1e-05_L10.0.rds	28907
2025-11-13T14:39:01Z	10	120301	1e-5	0	0.1556011915206909	/zata/zippy/kresgeb/nmf_stuff/dlPFC/data/batched_nmf/nmf_k10_seed120301_tol1e-05_L10.0.rds	/zata/zippy/kresgeb/nmf_stuff/dlPFC/data/batched_projection/proj_k10_seed120301_tol1e-05_L10.0.rds	28907
2025-11-13T14:39:10Z	20	120301	1e-5	0	0.15067784388860067	/zata/zippy/kresgeb/nmf_stuff/dlPFC/data/batched_nmf/nmf_k20_seed120301_tol1e-05_L10.0.rds	/zata/zippy/kresgeb/nmf_stuff/dlPFC/data/batched_projection/proj_k20_seed120301_tol1e-05_L10.0.rds	28907
2025-11-13T14:39:16Z	30	120301	1e-5	0	0.09768790006637573	/zata/zippy/kresgeb/nmf_stuff/dlPFC/data/batched_nmf/nmf_k30_seed120301_tol1e-05_L10.0.rds	/zata/zippy/kresgeb/nmf_stuff/dlPFC/data/batched_projection/proj_k30_seed120301_tol1e-05_L10.0.rds	28907
2025-11-13T14:39:27Z	40	120301	1e-5	0	0.18885351022084554	/zata/zippy/kresgeb/nmf_stuff/dlPFC/data/batched_nmf/nmf_k40_seed120301_tol1e-05_L10.0.rds	/zata/zippy/kresgeb/nmf_stuff/dlPFC/data/batched_projection/proj_k40_seed120301_tol1e-05_L10.0.rds	28907
2025-11-13T14:39:35Z	50	120301	1e-5	0	0.1250632643699646	/zata/zippy/kresgeb/nmf_stuff/dlPFC/data/batched_nmf/nmf_k50_seed120301_tol1e-05_L10.0.rds	/zata/zippy/kresgeb/nmf_stuff/dlPFC/data/batched_projection/proj_k50_seed120301_tol1e-05_L10.0.rds	28907
2025-11-13T14:39:43Z	60	120301	1e-5	0	0.13885963360468548	/zata/zippy/kresgeb/nmf_stuff/dlPFC/data/batched_nmf/nmf_k60_seed120301_tol1e-05_L10.0.rds	/zata/zippy/kresgeb/nmf_stuff/dlPFC/data/batched_projection/proj_k60_seed120301_tol1e-05_L10.0.rds	28907
2025-11-13T14:39:55Z	70	120301	1e-5	0	0.19243092934290568	/zata/zippy/kresgeb/nmf_stuff/dlPFC/data/batched_nmf/nmf_k70_seed120301_tol1e-05_L10.0.rds	/zata/zippy/kresgeb/nmf_stuff/dlPFC/data/batched_projection/proj_k70_seed120301_tol1e-05_L10.0.rds	28907
2025-11-13T14:40:04Z	80	120301	1e-5	0	0.15136301914850872	/zata/zippy/kresgeb/nmf_stuff/dlPFC/data/batched_nmf/nmf_k80_seed120301_tol1e-05_L10.0.rds	/zata/zippy/kresgeb/nmf_stuff/dlPFC/data/batched_projection/proj_k80_seed120301_tol1e-05_L10.0.rds	28907
2025-11-13T14:40:14Z	90	120301	1e-5	0	0.1647785504659017	/zata/zippy/kresgeb/nmf_stuff/dlPFC/data/batched_nmf/nmf_k90_seed120301_tol1e-05_L10.0.rds	/zata/zippy/kresgeb/nmf_stuff/dlPFC/data/batched_projection/proj_k90_seed120301_tol1e-05_L10.0.rds	28907
2025-11-13T14:40:24Z	100	120301	1e-5	0	0.17285176912943523	/zata/zippy/kresgeb/nmf_stuff/dlPFC/data/batched_nmf/nmf_k100_seed120301_tol1e-05_L10.0.rds	/zata/zippy/kresgeb/nmf_stuff/dlPFC/data/batched_projection/proj_k100_seed120301_tol1e-05_L10.0.rds	28907
2025-11-13T14:40:29Z	10	2025	1e-5	0	0.08043626149495443	/zata/zippy/kresgeb/nmf_stuff/dlPFC/data/batched_nmf/nmf_k10_seed2025_tol1e-05_L10.0.rds	/zata/zippy/kresgeb/nmf_stuff/dlPFC/data/batched_projection/proj_k10_seed2025_tol1e-05_L10.0.rds	28907
2025-11-13T14:40:35Z	20	2025	1e-5	0	0.08872887293497721	/zata/zippy/kresgeb/nmf_stuff/dlPFC/data/batched_nmf/nmf_k20_seed2025_tol1e-05_L10.0.rds	/zata/zippy/kresgeb/nmf_stuff/dlPFC/data/batched_projection/proj_k20_seed2025_tol1e-05_L10.0.rds	28907
2025-11-13T14:40:46Z	30	2025	1e-5	0	0.1789976477622986	/zata/zippy/kresgeb/nmf_stuff/dlPFC/data/batched_nmf/nmf_k30_seed2025_tol1e-05_L10.0.rds	/zata/zippy/kresgeb/nmf_stuff/dlPFC/data/batched_projection/proj_k30_seed2025_tol1e-05_L10.0.rds	28907
2025-11-13T14:40:52Z	40	2025	1e-5	0	0.11497689088185628	/zata/zippy/kresgeb/nmf_stuff/dlPFC/data/batched_nmf/nmf_k40_seed2025_tol1e-05_L10.0.rds	/zata/zippy/kresgeb/nmf_stuff/dlPFC/data/batched_projection/proj_k40_seed2025_tol1e-05_L10.0.rds	28907
2025-11-13T14:41:00Z	50	2025	1e-5	0	0.11786649227142335	/zata/zippy/kresgeb/nmf_stuff/dlPFC/data/batched_nmf/nmf_k50_seed2025_tol1e-05_L10.0.rds	/zata/zippy/kresgeb/nmf_stuff/dlPFC/data/batched_projection/proj_k50_seed2025_tol1e-05_L10.0.rds	28907
2025-11-13T14:41:09Z	60	2025	1e-5	0	0.14772640864054362	/zata/zippy/kresgeb/nmf_stuff/dlPFC/data/batched_nmf/nmf_k60_seed2025_tol1e-05_L10.0.rds	/zata/zippy/kresgeb/nmf_stuff/dlPFC/data/batched_projection/proj_k60_seed2025_tol1e-05_L10.0.rds	28907
2025-11-13T14:41:18Z	70	2025	1e-5	0	0.15329545736312866	/zata/zippy/kresgeb/nmf_stuff/dlPFC/data/batched_nmf/nmf_k70_seed2025_tol1e-05_L10.0.rds	/zata/zippy/kresgeb/nmf_stuff/dlPFC/data/batched_projection/proj_k70_seed2025_tol1e-05_L10.0.rds	28907
2025-11-13T14:41:27Z	80	2025	1e-5	0	0.15397284030914307	/zata/zippy/kresgeb/nmf_stuff/dlPFC/data/batched_nmf/nmf_k80_seed2025_tol1e-05_L10.0.rds	/zata/zippy/kresgeb/nmf_stuff/dlPFC/data/batched_projection/proj_k80_seed2025_tol1e-05_L10.0.rds	28907
2025-11-13T14:41:44Z	90	2025	1e-5	0	0.28638921976089476	/zata/zippy/kresgeb/nmf_stuff/dlPFC/data/batched_nmf/nmf_k90_seed2025_tol1e-05_L10.0.rds	/zata/zippy/kresgeb/nmf_stuff/dlPFC/data/batched_projection/proj_k90_seed2025_tol1e-05_L10.0.rds	28907
2025-11-13T14:41:57Z	100	2025	1e-5	0	0.20391372044881184	/zata/zippy/kresgeb/nmf_stuff/dlPFC/data/batched_nmf/nmf_k100_seed2025_tol1e-05_L10.0.rds	/zata/zippy/kresgeb/nmf_stuff/dlPFC/data/batched_projection/proj_k100_seed2025_tol1e-05_L10.0.rds	28907
2025-11-13T14:42:03Z	10	42	1e-6	0	0.09622068405151367	/zata/zippy/kresgeb/nmf_stuff/dlPFC/data/batched_nmf/nmf_k10_seed42_tol1e-06_L10.0.rds	/zata/zippy/kresgeb/nmf_stuff/dlPFC/data/batched_projection/proj_k10_seed42_tol1e-06_L10.0.rds	28907
2025-11-13T14:42:10Z	20	42	1e-6	0	0.11337647438049317	/zata/zippy/kresgeb/nmf_stuff/dlPFC/data/batched_nmf/nmf_k20_seed42_tol1e-06_L10.0.rds	/zata/zippy/kresgeb/nmf_stuff/dlPFC/data/batched_projection/proj_k20_seed42_tol1e-06_L10.0.rds	28907
2025-11-13T14:42:22Z	30	42	1e-6	0	0.20780308643976847	/zata/zippy/kresgeb/nmf_stuff/dlPFC/data/batched_nmf/nmf_k30_seed42_tol1e-06_L10.0.rds	/zata/zippy/kresgeb/nmf_stuff/dlPFC/data/batched_projection/proj_k30_seed42_tol1e-06_L10.0.rds	28907
2025-11-13T14:42:29Z	40	42	1e-6	0	0.1180927832921346	/zata/zippy/kresgeb/nmf_stuff/dlPFC/data/batched_nmf/nmf_k40_seed42_tol1e-06_L10.0.rds	/zata/zippy/kresgeb/nmf_stuff/dlPFC/data/batched_projection/proj_k40_seed42_tol1e-06_L10.0.rds	28907
2025-11-13T14:42:37Z	50	42	1e-6	0	0.12370349963506062	/zata/zippy/kresgeb/nmf_stuff/dlPFC/data/batched_nmf/nmf_k50_seed42_tol1e-06_L10.0.rds	/zata/zippy/kresgeb/nmf_stuff/dlPFC/data/batched_projection/proj_k50_seed42_tol1e-06_L10.0.rds	28907
2025-11-13T14:42:46Z	60	42	1e-6	0	0.1589401404062907	/zata/zippy/kresgeb/nmf_stuff/dlPFC/data/batched_nmf/nmf_k60_seed42_tol1e-06_L10.0.rds	/zata/zippy/kresgeb/nmf_stuff/dlPFC/data/batched_projection/proj_k60_seed42_tol1e-06_L10.0.rds	28907
2025-11-13T14:42:54Z	70	42	1e-6	0	0.13107837438583375	/zata/zippy/kresgeb/nmf_stuff/dlPFC/data/batched_nmf/nmf_k70_seed42_tol1e-06_L10.0.rds	/zata/zippy/kresgeb/nmf_stuff/dlPFC/data/batched_projection/proj_k70_seed42_tol1e-06_L10.0.rds	28907
2025-11-13T14:43:04Z	80	42	1e-6	0	0.16678874890009562	/zata/zippy/kresgeb/nmf_stuff/dlPFC/data/batched_nmf/nmf_k80_seed42_tol1e-06_L10.0.rds	/zata/zippy/kresgeb/nmf_stuff/dlPFC/data/batched_projection/proj_k80_seed42_tol1e-06_L10.0.rds	28907
2025-11-13T14:43:20Z	90	42	1e-6	0	0.2593392173449198	/zata/zippy/kresgeb/nmf_stuff/dlPFC/data/batched_nmf/nmf_k90_seed42_tol1e-06_L10.0.rds	/zata/zippy/kresgeb/nmf_stuff/dlPFC/data/batched_projection/proj_k90_seed42_tol1e-06_L10.0.rds	28907
2025-11-13T14:43:33Z	100	42	1e-6	0	0.2152520736058553	/zata/zippy/kresgeb/nmf_stuff/dlPFC/data/batched_nmf/nmf_k100_seed42_tol1e-06_L10.0.rds	/zata/zippy/kresgeb/nmf_stuff/dlPFC/data/batched_projection/proj_k100_seed42_tol1e-06_L10.0.rds	28907
2025-11-13T14:43:38Z	10	1029	1e-6	0	0.08547927141189575	/zata/zippy/kresgeb/nmf_stuff/dlPFC/data/batched_nmf/nmf_k10_seed1029_tol1e-06_L10.0.rds	/zata/zippy/kresgeb/nmf_stuff/dlPFC/data/batched_projection/proj_k10_seed1029_tol1e-06_L10.0.rds	28907
2025-11-13T14:43:44Z	20	1029	1e-6	0	0.09721876780192057	/zata/zippy/kresgeb/nmf_stuff/dlPFC/data/batched_nmf/nmf_k20_seed1029_tol1e-06_L10.0.rds	/zata/zippy/kresgeb/nmf_stuff/dlPFC/data/batched_projection/proj_k20_seed1029_tol1e-06_L10.0.rds	28907
2025-11-13T14:43:50Z	30	1029	1e-6	0	0.09720390240351359	/zata/zippy/kresgeb/nmf_stuff/dlPFC/data/batched_nmf/nmf_k30_seed1029_tol1e-06_L10.0.rds	/zata/zippy/kresgeb/nmf_stuff/dlPFC/data/batched_projection/proj_k30_seed1029_tol1e-06_L10.0.rds	28907
2025-11-13T14:43:57Z	40	1029	1e-6	0	0.11437041759490967	/zata/zippy/kresgeb/nmf_stuff/dlPFC/data/batched_nmf/nmf_k40_seed1029_tol1e-06_L10.0.rds	/zata/zippy/kresgeb/nmf_stuff/dlPFC/data/batched_projection/proj_k40_seed1029_tol1e-06_L10.0.rds	28907
2025-11-13T14:44:08Z	50	1029	1e-6	0	0.18069808880488078	/zata/zippy/kresgeb/nmf_stuff/dlPFC/data/batched_nmf/nmf_k50_seed1029_tol1e-06_L10.0.rds	/zata/zippy/kresgeb/nmf_stuff/dlPFC/data/batched_projection/proj_k50_seed1029_tol1e-06_L10.0.rds	28907
2025-11-13T14:44:16Z	60	1029	1e-6	0	0.13748819033304852	/zata/zippy/kresgeb/nmf_stuff/dlPFC/data/batched_nmf/nmf_k60_seed1029_tol1e-06_L10.0.rds	/zata/zippy/kresgeb/nmf_stuff/dlPFC/data/batched_projection/proj_k60_seed1029_tol1e-06_L10.0.rds	28907
2025-11-13T14:44:25Z	70	1029	1e-6	0	0.14717652797698974	/zata/zippy/kresgeb/nmf_stuff/dlPFC/data/batched_nmf/nmf_k70_seed1029_tol1e-06_L10.0.rds	/zata/zippy/kresgeb/nmf_stuff/dlPFC/data/batched_projection/proj_k70_seed1029_tol1e-06_L10.0.rds	28907
2025-11-13T14:44:36Z	80	1029	1e-6	0	0.1723926067352295	/zata/zippy/kresgeb/nmf_stuff/dlPFC/data/batched_nmf/nmf_k80_seed1029_tol1e-06_L10.0.rds	/zata/zippy/kresgeb/nmf_stuff/dlPFC/data/batched_projection/proj_k80_seed1029_tol1e-06_L10.0.rds	28907
2025-11-13T14:44:52Z	90	1029	1e-6	0	0.27443908850351967	/zata/zippy/kresgeb/nmf_stuff/dlPFC/data/batched_nmf/nmf_k90_seed1029_tol1e-06_L10.0.rds	/zata/zippy/kresgeb/nmf_stuff/dlPFC/data/batched_projection/proj_k90_seed1029_tol1e-06_L10.0.rds	28907
2025-11-13T14:45:05Z	100	1029	1e-6	0	0.20547566016515095	/zata/zippy/kresgeb/nmf_stuff/dlPFC/data/batched_nmf/nmf_k100_seed1029_tol1e-06_L10.0.rds	/zata/zippy/kresgeb/nmf_stuff/dlPFC/data/batched_projection/proj_k100_seed1029_tol1e-06_L10.0.rds	28907
2025-11-13T14:45:09Z	10	31415	1e-6	0	0.07707289457321168	/zata/zippy/kresgeb/nmf_stuff/dlPFC/data/batched_nmf/nmf_k10_seed31415_tol1e-06_L10.0.rds	/zata/zippy/kresgeb/nmf_stuff/dlPFC/data/batched_projection/proj_k10_seed31415_tol1e-06_L10.0.rds	28907
2025-11-13T14:45:15Z	20	31415	1e-6	0	0.09661003748575846	/zata/zippy/kresgeb/nmf_stuff/dlPFC/data/batched_nmf/nmf_k20_seed31415_tol1e-06_L10.0.rds	/zata/zippy/kresgeb/nmf_stuff/dlPFC/data/batched_projection/proj_k20_seed31415_tol1e-06_L10.0.rds	28907
2025-11-13T14:45:21Z	30	31415	1e-6	0	0.09993613958358764	/zata/zippy/kresgeb/nmf_stuff/dlPFC/data/batched_nmf/nmf_k30_seed31415_tol1e-06_L10.0.rds	/zata/zippy/kresgeb/nmf_stuff/dlPFC/data/batched_projection/proj_k30_seed31415_tol1e-06_L10.0.rds	28907
2025-11-13T14:45:28Z	40	31415	1e-6	0	0.11164313554763794	/zata/zippy/kresgeb/nmf_stuff/dlPFC/data/batched_nmf/nmf_k40_seed31415_tol1e-06_L10.0.rds	/zata/zippy/kresgeb/nmf_stuff/dlPFC/data/batched_projection/proj_k40_seed31415_tol1e-06_L10.0.rds	28907
2025-11-13T14:45:35Z	50	31415	1e-6	0	0.11068707307179769	/zata/zippy/kresgeb/nmf_stuff/dlPFC/data/batched_nmf/nmf_k50_seed31415_tol1e-06_L10.0.rds	/zata/zippy/kresgeb/nmf_stuff/dlPFC/data/batched_projection/proj_k50_seed31415_tol1e-06_L10.0.rds	28907
2025-11-13T14:45:44Z	60	31415	1e-6	0	0.1577140768369039	/zata/zippy/kresgeb/nmf_stuff/dlPFC/data/batched_nmf/nmf_k60_seed31415_tol1e-06_L10.0.rds	/zata/zippy/kresgeb/nmf_stuff/dlPFC/data/batched_projection/proj_k60_seed31415_tol1e-06_L10.0.rds	28907
2025-11-13T14:45:57Z	70	31415	1e-6	0	0.2182854930559794	/zata/zippy/kresgeb/nmf_stuff/dlPFC/data/batched_nmf/nmf_k70_seed31415_tol1e-06_L10.0.rds	/zata/zippy/kresgeb/nmf_stuff/dlPFC/data/batched_projection/proj_k70_seed31415_tol1e-06_L10.0.rds	28907
2025-11-13T14:46:08Z	80	31415	1e-6	0	0.17200721104939778	/zata/zippy/kresgeb/nmf_stuff/dlPFC/data/batched_nmf/nmf_k80_seed31415_tol1e-06_L10.0.rds	/zata/zippy/kresgeb/nmf_stuff/dlPFC/data/batched_projection/proj_k80_seed31415_tol1e-06_L10.0.rds	28907
2025-11-13T14:46:19Z	90	31415	1e-6	0	0.18286571900049844	/zata/zippy/kresgeb/nmf_stuff/dlPFC/data/batched_nmf/nmf_k90_seed31415_tol1e-06_L10.0.rds	/zata/zippy/kresgeb/nmf_stuff/dlPFC/data/batched_projection/proj_k90_seed31415_tol1e-06_L10.0.rds	28907
2025-11-13T14:46:31Z	100	31415	1e-6	0	0.21162744363149008	/zata/zippy/kresgeb/nmf_stuff/dlPFC/data/batched_nmf/nmf_k100_seed31415_tol1e-06_L10.0.rds	/zata/zippy/kresgeb/nmf_stuff/dlPFC/data/batched_projection/proj_k100_seed31415_tol1e-06_L10.0.rds	28907
2025-11-13T14:46:37Z	10	120301	1e-6	0	0.09034404357274374	/zata/zippy/kresgeb/nmf_stuff/dlPFC/data/batched_nmf/nmf_k10_seed120301_tol1e-06_L10.0.rds	/zata/zippy/kresgeb/nmf_stuff/dlPFC/data/batched_projection/proj_k10_seed120301_tol1e-06_L10.0.rds	28907
2025-11-13T14:46:43Z	20	120301	1e-6	0	0.10457662741343181	/zata/zippy/kresgeb/nmf_stuff/dlPFC/data/batched_nmf/nmf_k20_seed120301_tol1e-06_L10.0.rds	/zata/zippy/kresgeb/nmf_stuff/dlPFC/data/batched_projection/proj_k20_seed120301_tol1e-06_L10.0.rds	28907
2025-11-13T14:46:54Z	30	120301	1e-6	0	0.16955016056696573	/zata/zippy/kresgeb/nmf_stuff/dlPFC/data/batched_nmf/nmf_k30_seed120301_tol1e-06_L10.0.rds	/zata/zippy/kresgeb/nmf_stuff/dlPFC/data/batched_projection/proj_k30_seed120301_tol1e-06_L10.0.rds	28907
2025-11-13T14:47:00Z	40	120301	1e-6	0	0.11153863271077474	/zata/zippy/kresgeb/nmf_stuff/dlPFC/data/batched_nmf/nmf_k40_seed120301_tol1e-06_L10.0.rds	/zata/zippy/kresgeb/nmf_stuff/dlPFC/data/batched_projection/proj_k40_seed120301_tol1e-06_L10.0.rds	28907
2025-11-13T14:47:07Z	50	120301	1e-6	0	0.11137996117273967	/zata/zippy/kresgeb/nmf_stuff/dlPFC/data/batched_nmf/nmf_k50_seed120301_tol1e-06_L10.0.rds	/zata/zippy/kresgeb/nmf_stuff/dlPFC/data/batched_projection/proj_k50_seed120301_tol1e-06_L10.0.rds	28907
2025-11-13T14:47:15Z	60	120301	1e-6	0	0.13352877298990887	/zata/zippy/kresgeb/nmf_stuff/dlPFC/data/batched_nmf/nmf_k60_seed120301_tol1e-06_L10.0.rds	/zata/zippy/kresgeb/nmf_stuff/dlPFC/data/batched_projection/proj_k60_seed120301_tol1e-06_L10.0.rds	28907
